{"avg_branching_factor":158.52055433974348,"nb_eval":9,"nb_expanded":1889455,"nb_generated":299517454,"nb_guide":299517458,"nb_sols_created":0,"nb_trashed":14310,"nodes_generated_per_sec":554658.1875,"time_searched":540.003662109375}