{"avg_branching_factor":234.14453881634952,"nb_eval":11,"nb_expanded":4312371,"nb_generated":1009718119,"nb_guide":1009718122,"nb_sols_created":0,"nb_trashed":17427,"nodes_generated_per_sec":1402375.625,"time_searched":720.0054931640625}