{"avg_branching_factor":169.3713226857448,"nb_eval":46,"nb_expanded":4074475,"nb_generated":690099220,"nb_guide":690099188,"nb_sols_created":0,"nb_trashed":8216,"nodes_generated_per_sec":1277937.5,"time_searched":540.0101318359375}