{"avg_branching_factor":230.7549345446331,"nb_eval":22,"nb_expanded":4130219,"nb_generated":953068415,"nb_guide":953068407,"nb_sols_created":0,"nb_trashed":9683,"nodes_generated_per_sec":1323693.75,"time_searched":720.0067138671875}