{"avg_branching_factor":503.0619722377277,"nb_eval":5,"nb_expanded":1599797,"nb_generated":804797034,"nb_guide":804797041,"nb_sols_created":0,"nb_trashed":6947,"nodes_generated_per_sec":558886.25,"time_searched":1440.00146484375}