{"avg_branching_factor":57.24938695217776,"nb_eval":38,"nb_expanded":3991532,"nb_generated":228512760,"nb_guide":228512738,"nb_sols_created":0,"nb_trashed":42057,"nodes_generated_per_sec":1269189.125,"time_searched":180.0462646484375}