{"avg_branching_factor":255.68443241231483,"nb_eval":11,"nb_expanded":2009804,"nb_generated":513875595,"nb_guide":513875596,"nb_sols_created":0,"nb_trashed":5446,"nodes_generated_per_sec":407837.21875,"time_searched":1260.001708984375}