{"avg_branching_factor":109.3539570236611,"nb_eval":26,"nb_expanded":1833474,"nb_generated":200497637,"nb_guide":200497625,"nb_sols_created":0,"nb_trashed":17654,"nodes_generated_per_sec":556923.6875,"time_searched":360.0091552734375}