{"avg_branching_factor":419.3049000914857,"nb_eval":11,"nb_expanded":1935821,"nb_generated":811699231,"nb_guide":811699232,"nb_sols_created":0,"nb_trashed":4022,"nodes_generated_per_sec":429474.125,"time_searched":1889.98388671875}