{"avg_branching_factor":331.3067303753188,"nb_eval":28,"nb_expanded":2785179,"nb_generated":922748548,"nb_guide":922748533,"nb_sols_created":0,"nb_trashed":4745,"nodes_generated_per_sec":1708785.5,"time_searched":540.0025634765625}