{"avg_branching_factor":114.10155295446525,"nb_eval":25,"nb_expanded":5233959,"nb_generated":597202850,"nb_guide":597202840,"nb_sols_created":0,"nb_trashed":16600,"nodes_generated_per_sec":1105896.125,"time_searched":540.0171508789062}