{"avg_branching_factor":91.88631395807454,"nb_eval":11,"nb_expanded":1356455,"nb_generated":124639650,"nb_guide":124639652,"nb_sols_created":0,"nb_trashed":8519,"nodes_generated_per_sec":692431.875,"time_searched":180.0027618408203}