{"avg_branching_factor":394.096495188651,"nb_eval":13,"nb_expanded":2225883,"nb_generated":877212689,"nb_guide":877212688,"nb_sols_created":0,"nb_trashed":20840,"nodes_generated_per_sec":609174.75,"time_searched":1440.001708984375}