{"avg_branching_factor":358.77717065199784,"nb_eval":16,"nb_expanded":2944841,"nb_generated":1056541722,"nb_guide":1056541719,"nb_sols_created":0,"nb_trashed":4402,"nodes_generated_per_sec":1677044.125,"time_searched":630.0023193359375}