{"avg_branching_factor":376.5921295856787,"nb_eval":6,"nb_expanded":1295637,"nb_generated":487926697,"nb_guide":487926702,"nb_sols_created":0,"nb_trashed":2081,"nodes_generated_per_sec":677675.4375,"time_searched":720.0005493164062}