{"avg_branching_factor":156.9373846728786,"nb_eval":46,"nb_expanded":5145689,"nb_generated":807550974,"nb_guide":807550943,"nb_sols_created":0,"nb_trashed":18851,"nodes_generated_per_sec":996938.9375,"time_searched":810.030517578125}