{"avg_branching_factor":104.87781979166402,"nb_eval":3,"nb_expanded":1579372,"nb_generated":165641092,"nb_guide":165641102,"nb_sols_created":0,"nb_trashed":230803,"nodes_generated_per_sec":460110.5,"time_searched":360.0028381347656}