{"avg_branching_factor":169.18555726725825,"nb_eval":8,"nb_expanded":2900296,"nb_generated":490688195,"nb_guide":490688201,"nb_sols_created":0,"nb_trashed":13922,"nodes_generated_per_sec":1817328.125,"time_searched":270.0052795410156}