{"avg_branching_factor":101.21854599496712,"nb_eval":32,"nb_expanded":3290360,"nb_generated":333045455,"nb_guide":333045438,"nb_sols_created":0,"nb_trashed":23817,"nodes_generated_per_sec":1850094.0,"time_searched":180.01541137695312}