{"avg_branching_factor":54.34425817565578,"nb_eval":20,"nb_expanded":1321209,"nb_generated":71800123,"nb_guide":71800117,"nb_sols_created":0,"nb_trashed":12925,"nodes_generated_per_sec":797718.5625,"time_searched":90.00682830810547}