{"avg_branching_factor":298.6238424852727,"nb_eval":5,"nb_expanded":1542205,"nb_generated":460539183,"nb_guide":460539190,"nb_sols_created":0,"nb_trashed":87035,"nodes_generated_per_sec":731013.25,"time_searched":630.0010986328125}