{"avg_branching_factor":458.98497366656073,"nb_eval":9,"nb_expanded":2630116,"nb_generated":1207183723,"nb_guide":1207183726,"nb_sols_created":0,"nb_trashed":2039,"nodes_generated_per_sec":1676642.125,"time_searched":720.0008544921875}