{"avg_branching_factor":158.99825536864745,"nb_eval":42,"nb_expanded":5235490,"nb_generated":832433776,"nb_guide":832433749,"nb_sols_created":0,"nb_trashed":21813,"nodes_generated_per_sec":1027670.3125,"time_searched":810.020263671875}