{"avg_branching_factor":115.29125036284562,"nb_eval":11,"nb_expanded":2387379,"nb_generated":275243910,"nb_guide":275243913,"nb_sols_created":0,"nb_trashed":9602,"nodes_generated_per_sec":509698.84375,"time_searched":540.0128173828125}