{"avg_branching_factor":159.47018608534307,"nb_eval":35,"nb_expanded":5255868,"nb_generated":838154248,"nb_guide":838154228,"nb_sols_created":0,"nb_trashed":19810,"nodes_generated_per_sec":1034737.4375,"time_searched":810.016357421875}