{"avg_branching_factor":263.98361402690534,"nb_eval":13,"nb_expanded":2045469,"nb_generated":539970299,"nb_guide":539970299,"nb_sols_created":0,"nb_trashed":8119,"nodes_generated_per_sec":599965.0625,"time_searched":900.0029296875}