{"avg_branching_factor":310.8233220676967,"nb_eval":27,"nb_expanded":5090998,"nb_generated":1582400911,"nb_guide":1582400898,"nb_sols_created":0,"nb_trashed":9345,"nodes_generated_per_sec":976785.625,"time_searched":1620.0084228515625}