{"avg_branching_factor":282.5702730521891,"nb_eval":8,"nb_expanded":2859197,"nb_generated":807924077,"nb_guide":807924082,"nb_sols_created":0,"nb_trashed":51014,"nodes_generated_per_sec":427472.25,"time_searched":1890.003662109375}