{"avg_branching_factor":156.52637707048325,"nb_eval":6,"nb_expanded":1117372,"nb_generated":174898191,"nb_guide":174898198,"nb_sols_created":0,"nb_trashed":34620,"nodes_generated_per_sec":485824.5625,"time_searched":360.0027770996094}