{"avg_branching_factor":468.2705600643875,"nb_eval":14,"nb_expanded":4699049,"nb_generated":2200426307,"nb_guide":2200426306,"nb_sols_created":0,"nb_trashed":4084,"nodes_generated_per_sec":1018713.4375,"time_searched":2160.005126953125}