{"avg_branching_factor":259.10950386710203,"nb_eval":11,"nb_expanded":2439165,"nb_generated":632010833,"nb_guide":632010835,"nb_sols_created":0,"nb_trashed":11168,"nodes_generated_per_sec":468154.3125,"time_searched":1350.00537109375}