{"avg_branching_factor":290.82928123240004,"nb_eval":21,"nb_expanded":2693541,"nb_generated":783360593,"nb_guide":783360585,"nb_sols_created":0,"nb_trashed":17770,"nodes_generated_per_sec":1740790.0,"time_searched":450.0029296875}