{"avg_branching_factor":290.22884619005833,"nb_eval":18,"nb_expanded":2655290,"nb_generated":770641753,"nb_guide":770641748,"nb_sols_created":0,"nb_trashed":4077,"nodes_generated_per_sec":1712523.5,"time_searched":450.00360107421875}