{"avg_branching_factor":224.24600955577992,"nb_eval":12,"nb_expanded":2085858,"nb_generated":467745333,"nb_guide":467745334,"nb_sols_created":0,"nb_trashed":17220,"nodes_generated_per_sec":649643.4375,"time_searched":720.003173828125}