{"avg_branching_factor":327.6845572714537,"nb_eval":13,"nb_expanded":1975059,"nb_generated":647196334,"nb_guide":647196333,"nb_sols_created":0,"nb_trashed":6609,"nodes_generated_per_sec":513647.5625,"time_searched":1260.0008544921875}