{"avg_branching_factor":116.25969824360077,"nb_eval":27,"nb_expanded":4242031,"nb_generated":493177244,"nb_guide":493177232,"nb_sols_created":0,"nb_trashed":29489,"nodes_generated_per_sec":1369901.5,"time_searched":360.00927734375}