{"avg_branching_factor":457.92180493760236,"nb_eval":15,"nb_expanded":2648978,"nb_generated":1213024787,"nb_guide":1213024784,"nb_sols_created":0,"nb_trashed":2038,"nodes_generated_per_sec":1684811.75,"time_searched":719.9764404296875}