{"avg_branching_factor":167.60104180071392,"nb_eval":12,"nb_expanded":1997119,"nb_generated":334719225,"nb_guide":334719226,"nb_sols_created":0,"nb_trashed":7996,"nodes_generated_per_sec":619846.0625,"time_searched":540.0037841796875}