{"avg_branching_factor":352.3103386403901,"nb_eval":15,"nb_expanded":2959393,"nb_generated":1042624750,"nb_guide":1042624748,"nb_sols_created":0,"nb_trashed":5645,"nodes_generated_per_sec":1654955.75,"time_searched":630.0015869140625}