{"avg_branching_factor":220.19620516958943,"nb_eval":16,"nb_expanded":2857519,"nb_generated":629214840,"nb_guide":629214837,"nb_sols_created":0,"nb_trashed":18397,"nodes_generated_per_sec":1747806.875,"time_searched":360.00250244140625}