{"avg_branching_factor":409.3977675220726,"nb_eval":15,"nb_expanded":4126267,"nb_generated":1689284498,"nb_guide":1689284496,"nb_sols_created":0,"nb_trashed":7384,"nodes_generated_per_sec":1340698.75,"time_searched":1260.0030517578125}