{"avg_branching_factor":228.73676961265255,"nb_eval":4,"nb_expanded":1001917,"nb_generated":229175258,"nb_guide":229175267,"nb_sols_created":0,"nb_trashed":31896,"nodes_generated_per_sec":509275.59375,"time_searched":450.00244140625}