{"avg_branching_factor":333.556596552539,"nb_eval":11,"nb_expanded":2018471,"nb_generated":673274317,"nb_guide":673274318,"nb_sols_created":0,"nb_trashed":6917,"nodes_generated_per_sec":467551.25,"time_searched":1440.0010986328125}