{"avg_branching_factor":167.21985581022406,"nb_eval":30,"nb_expanded":2872187,"nb_generated":480286696,"nb_guide":480286680,"nb_sols_created":0,"nb_trashed":17295,"nodes_generated_per_sec":1778821.25,"time_searched":270.0027770996094}