{"avg_branching_factor":464.22664638017415,"nb_eval":23,"nb_expanded":4150545,"nb_generated":1926793586,"nb_guide":1926793576,"nb_sols_created":0,"nb_trashed":6610,"nodes_generated_per_sec":1338049.125,"time_searched":1440.002197265625}