{"avg_branching_factor":57.47244763677558,"nb_eval":38,"nb_expanded":4106508,"nb_generated":236011066,"nb_guide":236011044,"nb_sols_created":0,"nb_trashed":43268,"nodes_generated_per_sec":1310745.5,"time_searched":180.05865478515625}