{"avg_branching_factor":260.168850678678,"nb_eval":9,"nb_expanded":1972364,"nb_generated":513147675,"nb_guide":513147679,"nb_sols_created":0,"nb_trashed":9030,"nodes_generated_per_sec":570161.9375,"time_searched":900.00341796875}