{"avg_branching_factor":116.60479652384934,"nb_eval":14,"nb_expanded":4198207,"nb_generated":489531073,"nb_guide":489531074,"nb_sols_created":0,"nb_trashed":40015,"nodes_generated_per_sec":1359763.25,"time_searched":360.0119934082031}