{"avg_branching_factor":340.2050274248024,"nb_eval":9,"nb_expanded":2414238,"nb_generated":821335905,"nb_guide":821335908,"nb_sols_created":0,"nb_trashed":10202,"nodes_generated_per_sec":434569.0,"time_searched":1890.001220703125}