{"avg_branching_factor":56.570524696023675,"nb_eval":31,"nb_expanded":1918406,"nb_generated":108525234,"nb_guide":108525218,"nb_sols_created":0,"nb_trashed":23319,"nodes_generated_per_sec":602850.0625,"time_searched":180.02027893066406}