{"avg_branching_factor":355.536608855011,"nb_eval":11,"nb_expanded":2941679,"nb_generated":1045874576,"nb_guide":1045874578,"nb_sols_created":0,"nb_trashed":17543,"nodes_generated_per_sec":1660113.625,"time_searched":630.0017700195312}