{"avg_branching_factor":289.4543686598339,"nb_eval":20,"nb_expanded":2632226,"nb_generated":761909315,"nb_guide":761909308,"nb_sols_created":0,"nb_trashed":4164,"nodes_generated_per_sec":1693116.625,"time_searched":450.0040283203125}