{"avg_branching_factor":209.17939467871025,"nb_eval":8,"nb_expanded":2054314,"nb_generated":429720159,"nb_guide":429720164,"nb_sols_created":0,"nb_trashed":20476,"nodes_generated_per_sec":596830.0625,"time_searched":720.0042114257812}