{"avg_branching_factor":429.5604780450859,"nb_eval":7,"nb_expanded":1800918,"nb_generated":773603197,"nb_guide":773603202,"nb_sols_created":0,"nb_trashed":6059,"nodes_generated_per_sec":613970.0625,"time_searched":1260.00146484375}