{"avg_branching_factor":495.59739506978497,"nb_eval":7,"nb_expanded":1740776,"nb_generated":862724051,"nb_guide":862724056,"nb_sols_created":0,"nb_trashed":6669,"nodes_generated_per_sec":599113.125,"time_searched":1440.001953125}