{"avg_branching_factor":59.00567241786812,"nb_eval":21,"nb_expanded":2208582,"nb_generated":130318866,"nb_guide":130318860,"nb_sols_created":0,"nb_trashed":23459,"nodes_generated_per_sec":482602.28125,"time_searched":270.0336608886719}