{"avg_branching_factor":235.89121314660764,"nb_eval":20,"nb_expanded":2173884,"nb_generated":512800134,"nb_guide":512800127,"nb_sols_created":0,"nb_trashed":6273,"nodes_generated_per_sec":474811.96875,"time_searched":1080.0067138671875}