{"avg_branching_factor":161.9359322371752,"nb_eval":18,"nb_expanded":5277584,"nb_generated":854630485,"nb_guide":854630482,"nb_sols_created":0,"nb_trashed":40548,"nodes_generated_per_sec":1055080.0,"time_searched":810.0148315429688}