{"avg_branching_factor":417.01776666708037,"nb_eval":20,"nb_expanded":2094878,"nb_generated":873601345,"nb_guide":873601337,"nb_sols_created":0,"nb_trashed":2939,"nodes_generated_per_sec":462222.59375,"time_searched":1890.0013427734375}