{"avg_branching_factor":466.81950812753234,"nb_eval":35,"nb_expanded":4390447,"nb_generated":2049546309,"nb_guide":2049546287,"nb_sols_created":0,"nb_trashed":4544,"nodes_generated_per_sec":948862.25,"time_searched":2160.004150390625}