{"avg_branching_factor":409.87259467029327,"nb_eval":8,"nb_expanded":3955227,"nb_generated":1621139153,"nb_guide":1621139158,"nb_sols_created":0,"nb_trashed":4091,"nodes_generated_per_sec":1286614.0,"time_searched":1260.0042724609375}