{"avg_branching_factor":278.29649272152454,"nb_eval":11,"nb_expanded":2389374,"nb_generated":664954404,"nb_guide":664954406,"nb_sols_created":0,"nb_trashed":4314,"nodes_generated_per_sec":492557.40625,"time_searched":1350.00390625}