{"avg_branching_factor":215.99134583089477,"nb_eval":9,"nb_expanded":1988868,"nb_generated":429578276,"nb_guide":429578280,"nb_sols_created":0,"nb_trashed":15340,"nodes_generated_per_sec":596633.5,"time_searched":720.0036010742188}