{"avg_branching_factor":285.0189092998909,"nb_eval":14,"nb_expanded":2634418,"nb_generated":750858945,"nb_guide":750858944,"nb_sols_created":0,"nb_trashed":20369,"nodes_generated_per_sec":463491.875,"time_searched":1620.0045166015625}