{"avg_branching_factor":192.28019853255847,"nb_eval":5,"nb_expanded":1289864,"nb_generated":248015306,"nb_guide":248015314,"nb_sols_created":0,"nb_trashed":25905,"nodes_generated_per_sec":688927.5,"time_searched":360.0020446777344}