{"avg_branching_factor":112.2705779525506,"nb_eval":20,"nb_expanded":1971321,"nb_generated":221321348,"nb_guide":221321342,"nb_sols_created":0,"nb_trashed":9124,"nodes_generated_per_sec":614766.6875,"time_searched":360.0086669921875}