{"avg_branching_factor":230.22749678179352,"nb_eval":9,"nb_expanded":5169805,"nb_generated":1190231264,"nb_guide":1190231269,"nb_sols_created":0,"nb_trashed":15533,"nodes_generated_per_sec":1102059.25,"time_searched":1080.006591796875}