{"avg_branching_factor":406.43197363692906,"nb_eval":7,"nb_expanded":1271779,"nb_generated":516891649,"nb_guide":516891653,"nb_sols_created":0,"nb_trashed":1210,"nodes_generated_per_sec":717904.5,"time_searched":720.0005493164062}