{"avg_branching_factor":288.5711969948398,"nb_eval":23,"nb_expanded":2682852,"nb_generated":774193813,"nb_guide":774193803,"nb_sols_created":0,"nb_trashed":6294,"nodes_generated_per_sec":1720419.375,"time_searched":450.0029602050781}