{"avg_branching_factor":279.5488218711211,"nb_eval":30,"nb_expanded":4753300,"nb_generated":1328779415,"nb_guide":1328779399,"nb_sols_created":0,"nb_trashed":9971,"nodes_generated_per_sec":984273.5625,"time_searched":1350.01025390625}