{"avg_branching_factor":112.23955310116712,"nb_eval":31,"nb_expanded":1980851,"nb_generated":222329831,"nb_guide":222329814,"nb_sols_created":0,"nb_trashed":9497,"nodes_generated_per_sec":617569.125,"time_searched":360.00799560546875}