{"avg_branching_factor":114.12512194806175,"nb_eval":11,"nb_expanded":5252236,"nb_generated":599412074,"nb_guide":599412078,"nb_sols_created":0,"nb_trashed":34665,"nodes_generated_per_sec":1109989.125,"time_searched":540.0161743164062}