{"avg_branching_factor":364.80687590340716,"nb_eval":17,"nb_expanded":1493651,"nb_generated":544894155,"nb_guide":544894150,"nb_sols_created":0,"nb_trashed":3368,"nodes_generated_per_sec":864910.6875,"time_searched":630.00048828125}