{"avg_branching_factor":156.91679631084688,"nb_eval":41,"nb_expanded":5148065,"nb_generated":807817867,"nb_guide":807817841,"nb_sols_created":0,"nb_trashed":19650,"nodes_generated_per_sec":997273.8125,"time_searched":810.026123046875}