{"avg_branching_factor":332.719511311111,"nb_eval":8,"nb_expanded":1407112,"nb_generated":468173617,"nb_guide":468173621,"nb_sols_created":0,"nb_trashed":16425,"nodes_generated_per_sec":743132.1875,"time_searched":630.00048828125}