{"avg_branching_factor":56.24363147374669,"nb_eval":35,"nb_expanded":1998186,"nb_generated":112385237,"nb_guide":112385217,"nb_sols_created":0,"nb_trashed":27815,"nodes_generated_per_sec":624261.875,"time_searched":180.0290069580078}