{"avg_branching_factor":459.90486651382804,"nb_eval":12,"nb_expanded":2046167,"nb_generated":941042161,"nb_guide":941042161,"nb_sols_created":0,"nb_trashed":2035,"nodes_generated_per_sec":435667.28125,"time_searched":2160.001953125}