{"avg_branching_factor":96.91523919462638,"nb_eval":14,"nb_expanded":1195470,"nb_generated":115859261,"nb_guide":115859261,"nb_sols_created":0,"nb_trashed":32510,"nodes_generated_per_sec":643638.9375,"time_searched":180.00660705566406}