{"avg_branching_factor":115.31330628071221,"nb_eval":14,"nb_expanded":2383010,"nb_generated":274792762,"nb_guide":274792762,"nb_sols_created":0,"nb_trashed":9878,"nodes_generated_per_sec":508867.21875,"time_searched":540.0087890625}