{"avg_branching_factor":377.1181462039003,"nb_eval":10,"nb_expanded":2368049,"nb_generated":893034249,"nb_guide":893034251,"nb_sols_created":0,"nb_trashed":12094,"nodes_generated_per_sec":472504.625,"time_searched":1890.0010986328125}