{"avg_branching_factor":222.24441650701013,"nb_eval":15,"nb_expanded":2823770,"nb_generated":627567116,"nb_guide":627567114,"nb_sols_created":0,"nb_trashed":4080,"nodes_generated_per_sec":1743226.25,"time_searched":360.00323486328125}