{"avg_branching_factor":454.31283298422744,"nb_eval":36,"nb_expanded":3949136,"nb_generated":1794143164,"nb_guide":1794143141,"nb_sols_created":0,"nb_trashed":4142,"nodes_generated_per_sec":1245930.125,"time_searched":1440.0029296875}