{"avg_branching_factor":130.1079907313363,"nb_eval":10,"nb_expanded":1074157,"nb_generated":139756409,"nb_guide":139756411,"nb_sols_created":0,"nb_trashed":17650,"nodes_generated_per_sec":404323.4375,"time_searched":345.6549987792969}