{"avg_branching_factor":52.269649643136724,"nb_eval":22,"nb_expanded":1263369,"nb_generated":66035855,"nb_guide":66035847,"nb_sols_created":0,"nb_trashed":16865,"nodes_generated_per_sec":733643.3125,"time_searched":90.01084899902344}