{"avg_branching_factor":136.32804150514366,"nb_eval":5,"nb_expanded":1202357,"nb_generated":163914975,"nb_guide":163914983,"nb_sols_created":0,"nb_trashed":22581,"nodes_generated_per_sec":607087.5625,"time_searched":270.002197265625}