{"avg_branching_factor":318.72560988013714,"nb_eval":14,"nb_expanded":5259927,"nb_generated":1676473441,"nb_guide":1676473441,"nb_sols_created":0,"nb_trashed":8184,"nodes_generated_per_sec":1034856.25,"time_searched":1620.006103515625}