{"avg_branching_factor":290.6931105170006,"nb_eval":24,"nb_expanded":2678140,"nb_generated":778516847,"nb_guide":778516836,"nb_sols_created":0,"nb_trashed":6065,"nodes_generated_per_sec":1730024.25,"time_searched":450.0034484863281}