{"avg_branching_factor":169.19132755969687,"nb_eval":12,"nb_expanded":2920170,"nb_generated":494067439,"nb_guide":494067441,"nb_sols_created":0,"nb_trashed":8182,"nodes_generated_per_sec":1829975.375,"time_searched":269.98583984375}