{"avg_branching_factor":115.25184323676203,"nb_eval":16,"nb_expanded":1750589,"nb_generated":201758609,"nb_guide":201758607,"nb_sols_created":0,"nb_trashed":14510,"nodes_generated_per_sec":560424.0,"time_searched":360.0106506347656}