{"avg_branching_factor":290.5721484105782,"nb_eval":11,"nb_expanded":5226366,"nb_generated":1518636397,"nb_guide":1518636400,"nb_sols_created":0,"nb_trashed":17176,"nodes_generated_per_sec":1124912.25,"time_searched":1350.00439453125}