{"avg_branching_factor":410.36343042932367,"nb_eval":13,"nb_expanded":4096187,"nb_generated":1680925349,"nb_guide":1680925349,"nb_sols_created":0,"nb_trashed":7424,"nodes_generated_per_sec":1334064.75,"time_searched":1260.0028076171875}