{"avg_branching_factor":454.69810163300707,"nb_eval":21,"nb_expanded":2702744,"nb_generated":1228932566,"nb_guide":1228932557,"nb_sols_created":0,"nb_trashed":2354,"nodes_generated_per_sec":1706848.125,"time_searched":720.0011596679688}