{"avg_branching_factor":262.1309092853667,"nb_eval":14,"nb_expanded":2449704,"nb_generated":642143137,"nb_guide":642143136,"nb_sols_created":0,"nb_trashed":14189,"nodes_generated_per_sec":475660.0625,"time_searched":1350.00439453125}