{"avg_branching_factor":412.22948877294886,"nb_eval":14,"nb_expanded":2222222,"nb_generated":916065439,"nb_guide":916065437,"nb_sols_created":0,"nb_trashed":3699,"nodes_generated_per_sec":484690.46875,"time_searched":1890.0008544921875}