{"avg_branching_factor":118.73009166085991,"nb_eval":14,"nb_expanded":2156973,"nb_generated":256097602,"nb_guide":256097602,"nb_sols_created":0,"nb_trashed":11741,"nodes_generated_per_sec":474243.40625,"time_searched":540.0130004882812}