{"avg_branching_factor":350.7584840456048,"nb_eval":15,"nb_expanded":5743339,"nb_generated":2014524881,"nb_guide":2014524880,"nb_sols_created":0,"nb_trashed":29963,"nodes_generated_per_sec":1065883.0,"time_searched":1890.005615234375}