{"avg_branching_factor":56.72630018568666,"nb_eval":27,"nb_expanded":1978602,"nb_generated":112238771,"nb_guide":112238759,"nb_sols_created":0,"nb_trashed":34922,"nodes_generated_per_sec":623440.0625,"time_searched":180.0313720703125}