{"avg_branching_factor":330.2659666576671,"nb_eval":15,"nb_expanded":2792726,"nb_generated":922342352,"nb_guide":922342350,"nb_sols_created":0,"nb_trashed":16983,"nodes_generated_per_sec":1708035.75,"time_searched":540.0017700195312}