{"avg_branching_factor":342.8906367015268,"nb_eval":10,"nb_expanded":2599821,"nb_generated":891454278,"nb_guide":891454280,"nb_sols_created":0,"nb_trashed":12749,"nodes_generated_per_sec":471668.625,"time_searched":1890.001220703125}