{"avg_branching_factor":153.82298858349318,"nb_eval":10,"nb_expanded":1448867,"nb_generated":222869052,"nb_guide":222869054,"nb_sols_created":0,"nb_trashed":8028,"nodes_generated_per_sec":619079.3125,"time_searched":360.0008239746094}