{"avg_branching_factor":90.86966517399028,"nb_eval":16,"nb_expanded":1642017,"nb_generated":149209535,"nb_guide":149209533,"nb_sols_created":0,"nb_trashed":8216,"nodes_generated_per_sec":828918.3125,"time_searched":180.00511169433594}