{"avg_branching_factor":95.70733027887671,"nb_eval":9,"nb_expanded":1438772,"nb_generated":137701027,"nb_guide":137701031,"nb_sols_created":0,"nb_trashed":25596,"nodes_generated_per_sec":764997.8125,"time_searched":180.00184631347656}