{"avg_branching_factor":114.24452167671701,"nb_eval":18,"nb_expanded":5232988,"nb_generated":597840211,"nb_guide":597840208,"nb_sols_created":0,"nb_trashed":28492,"nodes_generated_per_sec":1107078.625,"time_searched":540.0159912109375}