{"avg_branching_factor":176.1302738339787,"nb_eval":15,"nb_expanded":1650270,"nb_generated":290662507,"nb_guide":290662505,"nb_sols_created":0,"nb_trashed":7172,"nodes_generated_per_sec":538261.125,"time_searched":540.0027465820312}