{"avg_branching_factor":313.2047847399475,"nb_eval":7,"nb_expanded":1502485,"nb_generated":470585491,"nb_guide":470585496,"nb_sols_created":0,"nb_trashed":88883,"nodes_generated_per_sec":746960.4375,"time_searched":630.0005493164062}