{"avg_branching_factor":288.1011159270147,"nb_eval":13,"nb_expanded":2899652,"nb_generated":835392977,"nb_guide":835392977,"nb_sols_created":0,"nb_trashed":28184,"nodes_generated_per_sec":442006.1875,"time_searched":1890.0028076171875}