{"avg_branching_factor":247.3689448161923,"nb_eval":7,"nb_expanded":2240766,"nb_generated":554295921,"nb_guide":554295927,"nb_sols_created":0,"nb_trashed":27158,"nodes_generated_per_sec":410588.4375,"time_searched":1350.0037841796875}