{"avg_branching_factor":326.1928091406531,"nb_eval":12,"nb_expanded":2399741,"nb_generated":782778258,"nb_guide":782778259,"nb_sols_created":0,"nb_trashed":7929,"nodes_generated_per_sec":483195.5,"time_searched":1620.003173828125}