{"avg_branching_factor":159.48636022427524,"nb_eval":32,"nb_expanded":2623027,"nb_generated":418337029,"nb_guide":418337011,"nb_sols_created":0,"nb_trashed":10677,"nodes_generated_per_sec":516460.3125,"time_searched":810.008056640625}