{"avg_branching_factor":57.02622658742731,"nb_eval":24,"nb_expanded":5015521,"nb_generated":286016237,"nb_guide":286016229,"nb_sols_created":0,"nb_trashed":54602,"nodes_generated_per_sec":1059083.75,"time_searched":270.06005859375}