{"avg_branching_factor":453.18565187432176,"nb_eval":31,"nb_expanded":3928541,"nb_generated":1780358414,"nb_guide":1780358396,"nb_sols_created":0,"nb_trashed":4234,"nodes_generated_per_sec":1236356.875,"time_searched":1440.003662109375}