{"avg_branching_factor":190.12370598918562,"nb_eval":16,"nb_expanded":1938160,"nb_generated":368490162,"nb_guide":368490159,"nb_sols_created":0,"nb_trashed":12229,"nodes_generated_per_sec":511789.90625,"time_searched":720.0028076171875}