{"avg_branching_factor":169.5957649416421,"nb_eval":15,"nb_expanded":2916229,"nb_generated":494580088,"nb_guide":494580087,"nb_sols_created":0,"nb_trashed":8186,"nodes_generated_per_sec":1831738.75,"time_searched":270.00579833984375}