{"avg_branching_factor":112.23852880344677,"nb_eval":22,"nb_expanded":1803430,"nb_generated":202414330,"nb_guide":202414322,"nb_sols_created":0,"nb_trashed":13165,"nodes_generated_per_sec":562246.8125,"time_searched":360.0097351074219}