{"avg_branching_factor":209.45827203067196,"nb_eval":9,"nb_expanded":2043821,"nb_generated":428095215,"nb_guide":428095219,"nb_sols_created":0,"nb_trashed":13974,"nodes_generated_per_sec":594574.625,"time_searched":720.00244140625}