{"avg_branching_factor":289.7890292952233,"nb_eval":21,"nb_expanded":2647633,"nb_generated":767254997,"nb_guide":767254989,"nb_sols_created":0,"nb_trashed":4074,"nodes_generated_per_sec":1705002.125,"time_searched":450.0023498535156}