{"avg_branching_factor":317.2066956832993,"nb_eval":11,"nb_expanded":2028262,"nb_generated":643378287,"nb_guide":643378288,"nb_sols_created":0,"nb_trashed":8202,"nodes_generated_per_sec":595719.9375,"time_searched":1080.0013427734375}