{"avg_branching_factor":57.114846214984944,"nb_eval":38,"nb_expanded":4992424,"nb_generated":285141529,"nb_guide":285141507,"nb_sols_created":0,"nb_trashed":40211,"nodes_generated_per_sec":1055910.625,"time_searched":270.0432434082031}