{"avg_branching_factor":57.0608571951293,"nb_eval":26,"nb_expanded":1923996,"nb_generated":109784861,"nb_guide":109784850,"nb_sols_created":0,"nb_trashed":23222,"nodes_generated_per_sec":609841.125,"time_searched":180.02207946777344}