{"avg_branching_factor":350.33018342914204,"nb_eval":19,"nb_expanded":5741127,"nb_generated":2011290075,"nb_guide":2011290070,"nb_sols_created":0,"nb_trashed":31802,"nodes_generated_per_sec":1064172.625,"time_searched":1890.003662109375}