{"avg_branching_factor":169.26575812536797,"nb_eval":11,"nb_expanded":2909499,"nb_generated":492478554,"nb_guide":492478557,"nb_sols_created":0,"nb_trashed":8180,"nodes_generated_per_sec":1824045.75,"time_searched":269.992431640625}