{"avg_branching_factor":164.3437041919409,"nb_eval":11,"nb_expanded":5331349,"nb_generated":876173643,"nb_guide":876173647,"nb_sols_created":0,"nb_trashed":45363,"nodes_generated_per_sec":1081674.75,"time_searched":810.0158081054688}