{"avg_branching_factor":318.49878393730484,"nb_eval":10,"nb_expanded":2381045,"nb_generated":758359937,"nb_guide":758359940,"nb_sols_created":0,"nb_trashed":7157,"nodes_generated_per_sec":468122.59375,"time_searched":1620.0028076171875}