{"avg_branching_factor":458.9962259696376,"nb_eval":14,"nb_expanded":2033105,"nb_generated":933187522,"nb_guide":933187520,"nb_sols_created":0,"nb_trashed":2046,"nodes_generated_per_sec":432031.0625,"time_searched":2160.0009765625}