{"avg_branching_factor":54.951750679109466,"nb_eval":28,"nb_expanded":1812668,"nb_generated":99609280,"nb_guide":99609267,"nb_sols_created":0,"nb_trashed":21932,"nodes_generated_per_sec":553293.4375,"time_searched":180.02975463867188}