{"avg_branching_factor":342.45695434817304,"nb_eval":10,"nb_expanded":1942310,"nb_generated":665157567,"nb_guide":665157569,"nb_sols_created":0,"nb_trashed":3591,"nodes_generated_per_sec":527902.3125,"time_searched":1260.001220703125}