{"avg_branching_factor":253.5899874377632,"nb_eval":9,"nb_expanded":1284007,"nb_generated":325611319,"nb_guide":325611322,"nb_sols_created":0,"nb_trashed":2102,"nodes_generated_per_sec":723578.75,"time_searched":450.001220703125}