{"avg_branching_factor":463.83007855143086,"nb_eval":5,"nb_expanded":4140472,"nb_generated":1920475453,"nb_guide":1920475461,"nb_sols_created":0,"nb_trashed":9552,"nodes_generated_per_sec":1333662.5,"time_searched":1440.0010986328125}