{"avg_branching_factor":259.1730142223195,"nb_eval":9,"nb_expanded":2375140,"nb_generated":615572193,"nb_guide":615572197,"nb_sols_created":0,"nb_trashed":11371,"nodes_generated_per_sec":455978.40625,"time_searched":1350.0030517578125}