{"avg_branching_factor":334.1196937031228,"nb_eval":14,"nb_expanded":1419799,"nb_generated":474382807,"nb_guide":474382805,"nb_sols_created":0,"nb_trashed":2074,"nodes_generated_per_sec":878486.125,"time_searched":540.0003662109375}