{"avg_branching_factor":56.890299811321405,"nb_eval":26,"nb_expanded":4039674,"nb_generated":229818265,"nb_guide":229818255,"nb_sols_created":0,"nb_trashed":40488,"nodes_generated_per_sec":1276362.125,"time_searched":180.05726623535156}