{"avg_branching_factor":270.07305401674256,"nb_eval":10,"nb_expanded":4481629,"nb_generated":1210367231,"nb_guide":1210367235,"nb_sols_created":0,"nb_trashed":14721,"nodes_generated_per_sec":1344842.5,"time_searched":900.0067138671875}