{"avg_branching_factor":55.09771988225388,"nb_eval":24,"nb_expanded":1298047,"nb_generated":71519430,"nb_guide":71519420,"nb_sols_created":0,"nb_trashed":12040,"nodes_generated_per_sec":794609.0,"time_searched":90.00581359863281}