{"avg_branching_factor":233.68709463469432,"nb_eval":41,"nb_expanded":4529248,"nb_generated":1058426806,"nb_guide":1058426779,"nb_sols_created":0,"nb_trashed":8509,"nodes_generated_per_sec":980016.5,"time_searched":1080.0091552734375}