{"avg_branching_factor":107.20145867651543,"nb_eval":8,"nb_expanded":2961863,"nb_generated":317516034,"nb_guide":317516040,"nb_sols_created":0,"nb_trashed":13944,"nodes_generated_per_sec":1763930.25,"time_searched":180.00486755371094}