{"avg_branching_factor":150.82480390403964,"nb_eval":13,"nb_expanded":4832328,"nb_generated":728834923,"nb_guide":728834925,"nb_sols_created":0,"nb_trashed":42109,"nodes_generated_per_sec":1349676.5,"time_searched":540.0071411132812}