{"avg_branching_factor":232.4826536394241,"nb_eval":18,"nb_expanded":1860102,"nb_generated":432441449,"nb_guide":432441444,"nb_sols_created":0,"nb_trashed":8034,"nodes_generated_per_sec":600611.1875,"time_searched":720.0023193359375}