{"avg_branching_factor":310.06319117748933,"nb_eval":20,"nb_expanded":5081184,"nb_generated":1575488126,"nb_guide":1575488120,"nb_sols_created":0,"nb_trashed":9029,"nodes_generated_per_sec":972517.25,"time_searched":1620.010498046875}