{"avg_branching_factor":158.447550830284,"nb_eval":17,"nb_expanded":5206050,"nb_generated":824885872,"nb_guide":824885870,"nb_sols_created":0,"nb_trashed":16466,"nodes_generated_per_sec":1018356.5625,"time_searched":810.0167846679688}