{"avg_branching_factor":171.1635249094492,"nb_eval":32,"nb_expanded":3981742,"nb_generated":681528996,"nb_guide":681528978,"nb_sols_created":0,"nb_trashed":11477,"nodes_generated_per_sec":1262068.5,"time_searched":540.009521484375}