{"avg_branching_factor":229.8284177134733,"nb_eval":27,"nb_expanded":2053149,"nb_generated":471871986,"nb_guide":471871972,"nb_sols_created":0,"nb_trashed":4134,"nodes_generated_per_sec":655375.3125,"time_searched":720.002685546875}