{"avg_branching_factor":54.897849931067256,"nb_eval":15,"nb_expanded":1296191,"nb_generated":71158099,"nb_guide":71158098,"nb_sols_created":0,"nb_trashed":17366,"nodes_generated_per_sec":790598.9375,"time_searched":90.00530242919922}