{"avg_branching_factor":57.83904773167207,"nb_eval":30,"nb_expanded":2063326,"nb_generated":119340811,"nb_guide":119340796,"nb_sols_created":0,"nb_trashed":24137,"nodes_generated_per_sec":441968.46875,"time_searched":270.0210876464844}