{"avg_branching_factor":484.1434212372275,"nb_eval":8,"nb_expanded":2052848,"nb_generated":993872854,"nb_guide":993872858,"nb_sols_created":0,"nb_trashed":4144,"nodes_generated_per_sec":460125.78125,"time_searched":2160.00244140625}