{"avg_branching_factor":344.9431841665075,"nb_eval":11,"nb_expanded":2051752,"nb_generated":707737868,"nb_guide":707737869,"nb_sols_created":0,"nb_trashed":3770,"nodes_generated_per_sec":436874.71875,"time_searched":1620.0018310546875}