{"avg_branching_factor":234.4476999228644,"nb_eval":10,"nb_expanded":2290771,"nb_generated":537065992,"nb_guide":537065995,"nb_sols_created":0,"nb_trashed":17564,"nodes_generated_per_sec":596737.125,"time_searched":900.0043334960938}