{"avg_branching_factor":228.41940477360765,"nb_eval":34,"nb_expanded":4018135,"nb_generated":917820005,"nb_guide":917819985,"nb_sols_created":0,"nb_trashed":8684,"nodes_generated_per_sec":1274731.75,"time_searched":720.0103149414062}