{"avg_branching_factor":165.70677050520857,"nb_eval":21,"nb_expanded":5326988,"nb_generated":882717978,"nb_guide":882717972,"nb_sols_created":0,"nb_trashed":46836,"nodes_generated_per_sec":1089749.625,"time_searched":810.01904296875}