{"avg_branching_factor":57.12910810771972,"nb_eval":17,"nb_expanded":5010336,"nb_generated":286236027,"nb_guide":286236026,"nb_sols_created":0,"nb_trashed":62682,"nodes_generated_per_sec":1060004.125,"time_searched":270.0329284667969}