{"avg_branching_factor":313.0987552682902,"nb_eval":10,"nb_expanded":2706286,"nb_generated":847334778,"nb_guide":847334781,"nb_sols_created":0,"nb_trashed":5281,"nodes_generated_per_sec":523044.875,"time_searched":1620.0040283203125}