{"avg_branching_factor":109.63836260451997,"nb_eval":12,"nb_expanded":2084530,"nb_generated":228544456,"nb_guide":228544458,"nb_sols_created":0,"nb_trashed":16553,"nodes_generated_per_sec":634832.75,"time_searched":360.00732421875}