{"avg_branching_factor":307.09325021408057,"nb_eval":12,"nb_expanded":2440670,"nb_generated":749513283,"nb_guide":749513284,"nb_sols_created":0,"nb_trashed":10532,"nodes_generated_per_sec":462661.0,"time_searched":1620.00537109375}