{"avg_branching_factor":40.95011004085528,"nb_eval":14,"nb_expanded":1676650,"nb_generated":68659002,"nb_guide":68659003,"nb_sols_created":0,"nb_trashed":44892,"nodes_generated_per_sec":762774.4375,"time_searched":90.01219177246094}