{"avg_branching_factor":280.54408167955904,"nb_eval":35,"nb_expanded":4803356,"nb_generated":1347553098,"nb_guide":1347553077,"nb_sols_created":0,"nb_trashed":8329,"nodes_generated_per_sec":998178.3125,"time_searched":1350.012451171875}