{"avg_branching_factor":137.90054484231263,"nb_eval":5,"nb_expanded":1457853,"nb_generated":201038723,"nb_guide":201038731,"nb_sols_created":0,"nb_trashed":127309,"nodes_generated_per_sec":744580.875,"time_searched":270.0025329589844}