{"avg_branching_factor":372.1419061288216,"nb_eval":3,"nb_expanded":1920206,"nb_generated":714589121,"nb_guide":714589131,"nb_sols_created":0,"nb_trashed":9769,"nodes_generated_per_sec":441103.3125,"time_searched":1620.0040283203125}