{"avg_branching_factor":220.9800830680287,"nb_eval":8,"nb_expanded":1453989,"nb_generated":321302610,"nb_guide":321302614,"nb_sols_created":0,"nb_trashed":33260,"nodes_generated_per_sec":446253.21875,"time_searched":720.0006713867188}