{"avg_branching_factor":100.44524131872308,"nb_eval":26,"nb_expanded":3241833,"nb_generated":325626698,"nb_guide":325626687,"nb_sols_created":0,"nb_trashed":18715,"nodes_generated_per_sec":1808963.5,"time_searched":180.00732421875}