{"avg_branching_factor":55.42111714398645,"nb_eval":16,"nb_expanded":1826658,"nb_generated":101235427,"nb_guide":101235426,"nb_sols_created":0,"nb_trashed":24340,"nodes_generated_per_sec":562333.0,"time_searched":180.02752685546875}