{"avg_branching_factor":291.38946630378416,"nb_eval":10,"nb_expanded":5160164,"nb_generated":1503617434,"nb_guide":1503617438,"nb_sols_created":0,"nb_trashed":26997,"nodes_generated_per_sec":1113784.875,"time_searched":1350.007080078125}