{"avg_branching_factor":267.99751285133374,"nb_eval":8,"nb_expanded":2033252,"nb_generated":544906479,"nb_guide":544906484,"nb_sols_created":0,"nb_trashed":7355,"nodes_generated_per_sec":605449.1875,"time_searched":900.0037231445312}