{"avg_branching_factor":106.1615102107234,"nb_eval":34,"nb_expanded":1456459,"nb_generated":154619887,"nb_guide":154619866,"nb_sols_created":0,"nb_trashed":8379,"nodes_generated_per_sec":858987.4375,"time_searched":180.00250244140625}