{"avg_branching_factor":214.65360695181923,"nb_eval":16,"nb_expanded":2142058,"nb_generated":459800476,"nb_guide":459800473,"nb_sols_created":0,"nb_trashed":9952,"nodes_generated_per_sec":510887.15625,"time_searched":900.0039672851562}