{"avg_branching_factor":332.68933922581255,"nb_eval":17,"nb_expanded":2807873,"nb_generated":934149413,"nb_guide":934149409,"nb_sols_created":0,"nb_trashed":5460,"nodes_generated_per_sec":1729901.25,"time_searched":540.0015869140625}