{"avg_branching_factor":115.76030312953174,"nb_eval":18,"nb_expanded":1859799,"nb_generated":215290896,"nb_guide":215290892,"nb_sols_created":0,"nb_trashed":17417,"nodes_generated_per_sec":598013.8125,"time_searched":360.0098876953125}