{"avg_branching_factor":265.3969262799032,"nb_eval":6,"nb_expanded":1065354,"nb_generated":282741677,"nb_guide":282741683,"nb_sols_created":0,"nb_trashed":13887,"nodes_generated_per_sec":628313.25,"time_searched":450.0011291503906}