{"avg_branching_factor":58.504072593303256,"nb_eval":33,"nb_expanded":2268088,"nb_generated":132692385,"nb_guide":132692367,"nb_sols_created":0,"nb_trashed":23179,"nodes_generated_per_sec":491415.21875,"time_searched":270.0209045410156}