{"avg_branching_factor":292.7268381437398,"nb_eval":4,"nb_expanded":1533966,"nb_generated":449033017,"nb_guide":449033025,"nb_sols_created":0,"nb_trashed":139684,"nodes_generated_per_sec":712750.0625,"time_searched":630.0006713867188}