{"avg_branching_factor":92.44500101211933,"nb_eval":7,"nb_expanded":1417817,"nb_generated":131070094,"nb_guide":131070100,"nb_sols_created":0,"nb_trashed":188794,"nodes_generated_per_sec":291264.8125,"time_searched":450.003173828125}