{"avg_branching_factor":330.9053338058298,"nb_eval":14,"nb_expanded":2788028,"nb_generated":922573336,"nb_guide":922573335,"nb_sols_created":0,"nb_trashed":12283,"nodes_generated_per_sec":1708465.0,"time_searched":540.0012817382812}