{"avg_branching_factor":215.9227647051367,"nb_eval":10,"nb_expanded":2366690,"nb_generated":511022248,"nb_guide":511022251,"nb_sols_created":0,"nb_trashed":39690,"nodes_generated_per_sec":567800.625,"time_searched":900.0029907226562}