{"avg_branching_factor":205.5976528170879,"nb_eval":17,"nb_expanded":2156287,"nb_generated":443327546,"nb_guide":443327542,"nb_sols_created":0,"nb_trashed":27977,"nodes_generated_per_sec":492584.21875,"time_searched":900.0035400390625}