{"avg_branching_factor":290.58700430598293,"nb_eval":3,"nb_expanded":5168158,"nb_generated":1501799551,"nb_guide":1501799562,"nb_sols_created":0,"nb_trashed":16669,"nodes_generated_per_sec":1112450.0,"time_searched":1349.9927978515625}