{"avg_branching_factor":367.3722620823108,"nb_eval":9,"nb_expanded":2069182,"nb_generated":760160072,"nb_guide":760160075,"nb_sols_created":0,"nb_trashed":18313,"nodes_generated_per_sec":527888.3125,"time_searched":1440.001708984375}