{"avg_branching_factor":339.6419267307069,"nb_eval":10,"nb_expanded":1883190,"nb_generated":639610280,"nb_guide":639610282,"nb_sols_created":0,"nb_trashed":3117,"nodes_generated_per_sec":592230.5625,"time_searched":1080.002197265625}