{"avg_branching_factor":57.15740565150762,"nb_eval":37,"nb_expanded":5004293,"nb_generated":286032405,"nb_guide":286032384,"nb_sols_created":0,"nb_trashed":39381,"nodes_generated_per_sec":1059159.375,"time_searched":270.0560607910156}