{"avg_branching_factor":461.83737813157035,"nb_eval":18,"nb_expanded":4151711,"nb_generated":1917415323,"nb_guide":1917415318,"nb_sols_created":0,"nb_trashed":22824,"nodes_generated_per_sec":1331535.75,"time_searched":1440.0029296875}