{"avg_branching_factor":217.61013970055834,"nb_eval":16,"nb_expanded":2914090,"nb_generated":634135532,"nb_guide":634135529,"nb_sols_created":0,"nb_trashed":18397,"nodes_generated_per_sec":1761474.75,"time_searched":360.00262451171875}