{"avg_branching_factor":230.21355416667276,"nb_eval":20,"nb_expanded":2046249,"nb_generated":471074255,"nb_guide":471074248,"nb_sols_created":0,"nb_trashed":4505,"nodes_generated_per_sec":436178.5625,"time_searched":1080.003173828125}