{"avg_branching_factor":456.48766903995335,"nb_eval":13,"nb_expanded":2622383,"nb_generated":1197085503,"nb_guide":1197085502,"nb_sols_created":0,"nb_trashed":6606,"nodes_generated_per_sec":1662616.375,"time_searched":720.0009765625}