{"avg_branching_factor":408.1240956846587,"nb_eval":34,"nb_expanded":3823058,"nb_generated":1560282089,"nb_guide":1560282068,"nb_sols_created":0,"nb_trashed":4195,"nodes_generated_per_sec":1238316.875,"time_searched":1260.0023193359375}