{"avg_branching_factor":149.6437988623632,"nb_eval":10,"nb_expanded":1297778,"nb_generated":194204430,"nb_guide":194204433,"nb_sols_created":0,"nb_trashed":16639,"nodes_generated_per_sec":719271.0625,"time_searched":270.0017395019531}