{"avg_branching_factor":57.90060243359778,"nb_eval":22,"nb_expanded":2137165,"nb_generated":123743141,"nb_guide":123743134,"nb_sols_created":0,"nb_trashed":22233,"nodes_generated_per_sec":458267.75,"time_searched":270.023681640625}