{"avg_branching_factor":109.74075228833631,"nb_eval":10,"nb_expanded":1263691,"nb_generated":138678401,"nb_guide":138678404,"nb_sols_created":0,"nb_trashed":11323,"nodes_generated_per_sec":770421.125,"time_searched":180.0033721923828}