{"avg_branching_factor":363.4140720964451,"nb_eval":10,"nb_expanded":1769047,"nb_generated":642896574,"nb_guide":642896576,"nb_sols_created":0,"nb_trashed":4471,"nodes_generated_per_sec":595274.125,"time_searched":1080.0008544921875}