{"avg_branching_factor":230.00246873752778,"nb_eval":20,"nb_expanded":2052061,"nb_generated":471979096,"nb_guide":471979089,"nb_sols_created":0,"nb_trashed":4393,"nodes_generated_per_sec":437016.0,"time_searched":1080.004150390625}