{"avg_branching_factor":285.1261476128992,"nb_eval":13,"nb_expanded":5002449,"nb_generated":1426329012,"nb_guide":1426329013,"nb_sols_created":0,"nb_trashed":8178,"nodes_generated_per_sec":1056531.25,"time_searched":1350.0111083984375}