{"avg_branching_factor":267.5217405354895,"nb_eval":13,"nb_expanded":4394073,"nb_generated":1175510057,"nb_guide":1175510058,"nb_sols_created":0,"nb_trashed":10074,"nodes_generated_per_sec":1306113.625,"time_searched":900.0059204101562}