{"avg_branching_factor":117.21744079891502,"nb_eval":31,"nb_expanded":4209509,"nb_generated":493427872,"nb_guide":493427856,"nb_sols_created":0,"nb_trashed":41058,"nodes_generated_per_sec":1370583.5,"time_searched":360.01300048828125}