{"avg_branching_factor":57.19442167844523,"nb_eval":29,"nb_expanded":4918397,"nb_generated":281304872,"nb_guide":281304859,"nb_sols_created":0,"nb_trashed":33236,"nodes_generated_per_sec":1041591.3125,"time_searched":270.07220458984375}