{"avg_branching_factor":54.42547920182353,"nb_eval":13,"nb_expanded":1645601,"nb_generated":89562623,"nb_guide":89562624,"nb_sols_created":0,"nb_trashed":14484,"nodes_generated_per_sec":497608.9375,"time_searched":179.9859619140625}