{"avg_branching_factor":162.83965906584385,"nb_eval":5,"nb_expanded":5376874,"nb_generated":875568329,"nb_guide":875568339,"nb_sols_created":0,"nb_trashed":30210,"nodes_generated_per_sec":1080934.0,"time_searched":810.0108642578125}