{"avg_branching_factor":114.63130251999426,"nb_eval":8,"nb_expanded":5178861,"nb_generated":593659582,"nb_guide":593659589,"nb_sols_created":0,"nb_trashed":16497,"nodes_generated_per_sec":1099361.5,"time_searched":540.0039672851562}