{"avg_branching_factor":467.45737240589773,"nb_eval":1,"nb_expanded":4853124,"nb_generated":2268628593,"nb_guide":2268628605,"nb_sols_created":0,"nb_trashed":9993,"nodes_generated_per_sec":1050289.0,"time_searched":2160.004150390625}