{"avg_branching_factor":107.04898461102928,"nb_eval":12,"nb_expanded":2938923,"nb_generated":314608723,"nb_guide":314608725,"nb_sols_created":0,"nb_trashed":27930,"nodes_generated_per_sec":1747779.0,"time_searched":180.00486755371094}