{"avg_branching_factor":410.47022930735085,"nb_eval":6,"nb_expanded":4120932,"nb_generated":1691519903,"nb_guide":1691519910,"nb_sols_created":0,"nb_trashed":9072,"nodes_generated_per_sec":1342473.875,"time_searched":1260.0020751953125}