{"avg_branching_factor":55.399175455553426,"nb_eval":32,"nb_expanded":1828161,"nb_generated":101278612,"nb_guide":101278595,"nb_sols_created":0,"nb_trashed":22592,"nodes_generated_per_sec":562573.0625,"time_searched":180.02748107910156}