{"avg_branching_factor":56.708005934625945,"nb_eval":42,"nb_expanded":3992838,"nb_generated":226425881,"nb_guide":226425855,"nb_sols_created":0,"nb_trashed":35943,"nodes_generated_per_sec":1257663.625,"time_searched":180.03692626953125}