{"avg_branching_factor":117.61855229396446,"nb_eval":13,"nb_expanded":4177920,"nb_generated":491400902,"nb_guide":491400904,"nb_sols_created":0,"nb_trashed":45135,"nodes_generated_per_sec":1364963.875,"time_searched":360.01019287109375}