{"avg_branching_factor":74.12323632774705,"nb_eval":12,"nb_expanded":1441807,"nb_generated":106871401,"nb_guide":106871402,"nb_sols_created":0,"nb_trashed":5451,"nodes_generated_per_sec":593758.8125,"time_searched":179.9912567138672}