{"avg_branching_factor":266.43995797320395,"nb_eval":10,"nb_expanded":4403857,"nb_generated":1173363474,"nb_guide":1173363478,"nb_sols_created":0,"nb_trashed":8182,"nodes_generated_per_sec":1303723.875,"time_searched":900.0091552734375}