{"avg_branching_factor":56.46152355891968,"nb_eval":37,"nb_expanded":1976937,"nb_generated":111620875,"nb_guide":111620853,"nb_sols_created":0,"nb_trashed":47450,"nodes_generated_per_sec":620013.0625,"time_searched":180.02987670898438}