{"avg_branching_factor":457.66535206940046,"nb_eval":15,"nb_expanded":2017855,"nb_generated":923502319,"nb_guide":923502316,"nb_sols_created":0,"nb_trashed":2065,"nodes_generated_per_sec":427546.9375,"time_searched":2160.002197265625}