{"avg_branching_factor":452.26911307856136,"nb_eval":22,"nb_expanded":2702652,"nb_generated":1222326023,"nb_guide":1222326013,"nb_sols_created":0,"nb_trashed":2071,"nodes_generated_per_sec":1697672.25,"time_searched":720.0011596679688}