{"avg_branching_factor":216.60146097681508,"nb_eval":7,"nb_expanded":2011394,"nb_generated":435670879,"nb_guide":435670885,"nb_sols_created":0,"nb_trashed":21631,"nodes_generated_per_sec":605094.3125,"time_searched":720.0048828125}