{"avg_branching_factor":365.52272378274944,"nb_eval":10,"nb_expanded":1693160,"nb_generated":618888455,"nb_guide":618888457,"nb_sols_created":0,"nb_trashed":4898,"nodes_generated_per_sec":573044.0,"time_searched":1080.0015869140625}