{"avg_branching_factor":361.8855407044106,"nb_eval":28,"nb_expanded":2962136,"nb_generated":1071954188,"nb_guide":1071954173,"nb_sols_created":0,"nb_trashed":5144,"nodes_generated_per_sec":1701506.875,"time_searched":630.0028686523438}