{"avg_branching_factor":233.2255041900088,"nb_eval":9,"nb_expanded":4319800,"nb_generated":1007487533,"nb_guide":1007487538,"nb_sols_created":0,"nb_trashed":18028,"nodes_generated_per_sec":1399273.625,"time_searched":720.0075073242188}