{"avg_branching_factor":169.67071430136116,"nb_eval":25,"nb_expanded":2921624,"nb_generated":495714031,"nb_guide":495714020,"nb_sols_created":0,"nb_trashed":8925,"nodes_generated_per_sec":1835915.125,"time_searched":270.00921630859375}