{"avg_branching_factor":415.6338800727833,"nb_eval":16,"nb_expanded":2081796,"nb_generated":865264949,"nb_guide":865264945,"nb_sols_created":0,"nb_trashed":2692,"nodes_generated_per_sec":457816.5625,"time_searched":1889.9818115234375}