{"avg_branching_factor":168.75693629650675,"nb_eval":31,"nb_expanded":2900359,"nb_generated":489455699,"nb_guide":489455682,"nb_sols_created":0,"nb_trashed":10113,"nodes_generated_per_sec":1812767.125,"time_searched":270.0047302246094}