{"avg_branching_factor":465.9541432669144,"nb_eval":12,"nb_expanded":4989191,"nb_generated":2324734218,"nb_guide":2324734219,"nb_sols_created":0,"nb_trashed":9266,"nodes_generated_per_sec":1076264.5,"time_searched":2160.002685546875}