{"avg_branching_factor":453.400054806664,"nb_eval":38,"nb_expanded":3930179,"nb_generated":1781943374,"nb_guide":1781943349,"nb_sols_created":0,"nb_trashed":4074,"nodes_generated_per_sec":1237456.25,"time_searched":1440.005126953125}