{"avg_branching_factor":303.99635958863684,"nb_eval":9,"nb_expanded":2109377,"nb_generated":641242929,"nb_guide":641242933,"nb_sols_created":0,"nb_trashed":8164,"nodes_generated_per_sec":474993.84375,"time_searched":1350.002685546875}