{"avg_branching_factor":158.57117658327266,"nb_eval":55,"nb_expanded":2610100,"nb_generated":413886628,"nb_guide":413886587,"nb_sols_created":0,"nb_trashed":9011,"nodes_generated_per_sec":510965.625,"time_searched":810.0087280273438}