{"avg_branching_factor":187.97156776306224,"nb_eval":14,"nb_expanded":1912266,"nb_generated":359451638,"nb_guide":359451637,"nb_sols_created":0,"nb_trashed":29265,"nodes_generated_per_sec":499235.71875,"time_searched":720.0038452148438}