{"avg_branching_factor":292.5874251487316,"nb_eval":10,"nb_expanded":1853843,"nb_generated":542411150,"nb_guide":542411153,"nb_sols_created":0,"nb_trashed":9445,"nodes_generated_per_sec":602676.5625,"time_searched":900.0037231445312}