{"avg_branching_factor":325.74158461080145,"nb_eval":3,"nb_expanded":4427573,"nb_generated":1442244645,"nb_guide":1442244655,"nb_sols_created":0,"nb_trashed":10801,"nodes_generated_per_sec":1335408.375,"time_searched":1080.002685546875}