{"avg_branching_factor":251.81036104201576,"nb_eval":6,"nb_expanded":2402075,"nb_generated":604867373,"nb_guide":604867380,"nb_sols_created":0,"nb_trashed":29210,"nodes_generated_per_sec":448048.625,"time_searched":1350.00390625}