{"avg_branching_factor":332.93646869417944,"nb_eval":18,"nb_expanded":2807545,"nb_generated":934734118,"nb_guide":934734113,"nb_sols_created":0,"nb_trashed":4333,"nodes_generated_per_sec":1730982.5,"time_searched":540.0020751953125}