{"avg_branching_factor":158.47193850060316,"nb_eval":15,"nb_expanded":2292055,"nb_generated":363226399,"nb_guide":363226397,"nb_sols_created":0,"nb_trashed":7072,"nodes_generated_per_sec":448425.96875,"time_searched":810.0030517578125}