{"avg_branching_factor":331.8358277442388,"nb_eval":27,"nb_expanded":2800394,"nb_generated":929271061,"nb_guide":929271047,"nb_sols_created":0,"nb_trashed":5255,"nodes_generated_per_sec":1720862.625,"time_searched":540.0030517578125}