{"avg_branching_factor":114.75030039639184,"nb_eval":46,"nb_expanded":2054785,"nb_generated":235787196,"nb_guide":235787164,"nb_sols_created":0,"nb_trashed":11612,"nodes_generated_per_sec":654953.75,"time_searched":360.0058898925781}