{"avg_branching_factor":375.3349760472225,"nb_eval":10,"nb_expanded":1642607,"nb_generated":616527859,"nb_guide":616527861,"nb_sols_created":0,"nb_trashed":6174,"nodes_generated_per_sec":570858.5,"time_searched":1080.001220703125}