{"avg_branching_factor":466.9569076875985,"nb_eval":8,"nb_expanded":1885023,"nb_generated":880224511,"nb_guide":880224515,"nb_sols_created":0,"nb_trashed":4137,"nodes_generated_per_sec":611266.4375,"time_searched":1440.0013427734375}