{"avg_branching_factor":360.75907928925636,"nb_eval":4,"nb_expanded":5525818,"nb_generated":1993489014,"nb_guide":1993489023,"nb_sols_created":0,"nb_trashed":20308,"nodes_generated_per_sec":1054753.5,"time_searched":1890.0047607421875}