{"avg_branching_factor":271.248757289042,"nb_eval":20,"nb_expanded":2245494,"nb_generated":609087457,"nb_guide":609087450,"nb_sols_created":0,"nb_trashed":4769,"nodes_generated_per_sec":451173.71875,"time_searched":1350.006591796875}