{"avg_branching_factor":113.22905033652381,"nb_eval":6,"nb_expanded":2344262,"nb_generated":265438560,"nb_guide":265438568,"nb_sols_created":0,"nb_trashed":25573,"nodes_generated_per_sec":491542.125,"time_searched":540.0118408203125}