{"avg_branching_factor":285.0638923598117,"nb_eval":16,"nb_expanded":4999471,"nb_generated":1425168663,"nb_guide":1425168661,"nb_sols_created":0,"nb_trashed":8175,"nodes_generated_per_sec":1055675.625,"time_searched":1350.0062255859375}