{"avg_branching_factor":220.63409112121724,"nb_eval":3,"nb_expanded":2335658,"nb_generated":515325780,"nb_guide":515325790,"nb_sols_created":0,"nb_trashed":23672,"nodes_generated_per_sec":477150.4375,"time_searched":1080.0069580078125}