{"avg_branching_factor":327.53077252846987,"nb_eval":16,"nb_expanded":4385340,"nb_generated":1436333798,"nb_guide":1436333795,"nb_sols_created":0,"nb_trashed":5137,"nodes_generated_per_sec":1329934.25,"time_searched":1080.003662109375}