{"avg_branching_factor":465.5837227803438,"nb_eval":15,"nb_expanded":4953819,"nb_generated":2306417492,"nb_guide":2306417490,"nb_sols_created":0,"nb_trashed":5359,"nodes_generated_per_sec":1067783.625,"time_searched":2160.00439453125}