{"avg_branching_factor":366.430814318729,"nb_eval":5,"nb_expanded":1758955,"nb_generated":644535313,"nb_guide":644535320,"nb_sols_created":0,"nb_trashed":5255,"nodes_generated_per_sec":596791.0625,"time_searched":1080.0015869140625}