{"avg_branching_factor":100.0135005822802,"nb_eval":27,"nb_expanded":3245860,"nb_generated":324629821,"nb_guide":324629809,"nb_sols_created":0,"nb_trashed":19065,"nodes_generated_per_sec":1803405.25,"time_searched":180.0093536376953}