{"avg_branching_factor":222.23133773918337,"nb_eval":4,"nb_expanded":2417392,"nb_generated":537220258,"nb_guide":537220267,"nb_sols_created":0,"nb_trashed":13303,"nodes_generated_per_sec":497424.34375,"time_searched":1080.0040283203125}