{"avg_branching_factor":288.3111154498255,"nb_eval":30,"nb_expanded":2576288,"nb_generated":742772467,"nb_guide":742772450,"nb_sols_created":0,"nb_trashed":5801,"nodes_generated_per_sec":1650593.125,"time_searched":450.0033874511719}