{"avg_branching_factor":311.69904679491344,"nb_eval":41,"nb_expanded":5112436,"nb_generated":1593541428,"nb_guide":1593541401,"nb_sols_created":0,"nb_trashed":8188,"nodes_generated_per_sec":983663.8125,"time_searched":1620.006103515625}