{"avg_branching_factor":219.53974714618195,"nb_eval":4,"nb_expanded":2879213,"nb_generated":632101694,"nb_guide":632101703,"nb_sols_created":0,"nb_trashed":11158,"nodes_generated_per_sec":1755828.625,"time_searched":360.0019226074219}