{"avg_branching_factor":47.87022301195736,"nb_eval":11,"nb_expanded":1523999,"nb_generated":72954172,"nb_guide":72954175,"nb_sols_created":0,"nb_trashed":34583,"nodes_generated_per_sec":810516.625,"time_searched":90.00947570800781}