{"avg_branching_factor":328.6331658438675,"nb_eval":3,"nb_expanded":2730719,"nb_generated":897404830,"nb_guide":897404840,"nb_sols_created":0,"nb_trashed":9049,"nodes_generated_per_sec":1661853.375,"time_searched":540.0023803710938}