{"avg_branching_factor":157.95578238418355,"nb_eval":41,"nb_expanded":5155140,"nb_generated":814284172,"nb_guide":814284146,"nb_sols_created":0,"nb_trashed":22114,"nodes_generated_per_sec":1005261.1875,"time_searched":810.0224609375}