{"avg_branching_factor":200.48879808507095,"nb_eval":11,"nb_expanded":1333522,"nb_generated":267356223,"nb_guide":267356224,"nb_sols_created":0,"nb_trashed":3713,"nodes_generated_per_sec":594123.5,"time_searched":450.0010986328125}