{"avg_branching_factor":216.5716496988874,"nb_eval":27,"nb_expanded":2953048,"nb_generated":639546477,"nb_guide":639546463,"nb_sols_created":0,"nb_trashed":4831,"nodes_generated_per_sec":1776501.625,"time_searched":360.0033264160156}