{"avg_branching_factor":101.36374193735695,"nb_eval":23,"nb_expanded":3306608,"nb_generated":335170160,"nb_guide":335170152,"nb_sols_created":0,"nb_trashed":16379,"nodes_generated_per_sec":1861919.25,"time_searched":180.01327514648438}