{"avg_branching_factor":60.23697161342892,"nb_eval":12,"nb_expanded":1482532,"nb_generated":89303238,"nb_guide":89303239,"nb_sols_created":0,"nb_trashed":6527,"nodes_generated_per_sec":496123.0625,"time_searched":180.002197265625}