{"avg_branching_factor":336.24635425940215,"nb_eval":5,"nb_expanded":1617504,"nb_generated":543879823,"nb_guide":543879830,"nb_sols_created":0,"nb_trashed":70872,"nodes_generated_per_sec":755387.75,"time_searched":720.0008544921875}