{"avg_branching_factor":96.12976663361768,"nb_eval":8,"nb_expanded":1415071,"nb_generated":136030445,"nb_guide":136030450,"nb_sols_created":0,"nb_trashed":46034,"nodes_generated_per_sec":755715.0,"time_searched":180.0023193359375}