{"avg_branching_factor":288.86320738914986,"nb_eval":22,"nb_expanded":5193994,"nb_generated":1500353766,"nb_guide":1500353758,"nb_sols_created":0,"nb_trashed":12255,"nodes_generated_per_sec":1111369.375,"time_searched":1350.004638671875}