{"avg_branching_factor":86.96887143292668,"nb_eval":13,"nb_expanded":1653176,"nb_generated":143774851,"nb_guide":143774852,"nb_sols_created":0,"nb_trashed":74224,"nodes_generated_per_sec":798729.1875,"time_searched":180.00450134277344}