{"avg_branching_factor":409.52838438902506,"nb_eval":10,"nb_expanded":3986170,"nb_generated":1632449760,"nb_guide":1632449763,"nb_sols_created":0,"nb_trashed":4087,"nodes_generated_per_sec":1295592.25,"time_searched":1260.002685546875}