{"avg_branching_factor":407.83829817731987,"nb_eval":42,"nb_expanded":3809116,"nb_generated":1553503387,"nb_guide":1553503358,"nb_sols_created":0,"nb_trashed":4163,"nodes_generated_per_sec":1232935.625,"time_searched":1260.003662109375}