{"avg_branching_factor":463.4122809701097,"nb_eval":33,"nb_expanded":4216719,"nb_generated":1954079370,"nb_guide":1954079350,"nb_sols_created":0,"nb_trashed":4062,"nodes_generated_per_sec":904664.9375,"time_searched":2160.00341796875}