{"avg_branching_factor":286.79459341416344,"nb_eval":20,"nb_expanded":2252956,"nb_generated":646135600,"nb_guide":646135593,"nb_sols_created":0,"nb_trashed":6603,"nodes_generated_per_sec":478617.34375,"time_searched":1350.004638671875}