{"avg_branching_factor":383.9364968389736,"nb_eval":11,"nb_expanded":2016750,"nb_generated":774303930,"nb_guide":774303931,"nb_sols_created":0,"nb_trashed":6113,"nodes_generated_per_sec":614526.5625,"time_searched":1260.000732421875}