{"avg_branching_factor":262.2902627831211,"nb_eval":38,"nb_expanded":4313481,"nb_generated":1131384065,"nb_guide":1131384041,"nb_sols_created":0,"nb_trashed":8319,"nodes_generated_per_sec":1257082.25,"time_searched":900.0079956054688}