{"avg_branching_factor":169.656264096616,"nb_eval":17,"nb_expanded":1990726,"nb_generated":337739136,"nb_guide":337739132,"nb_sols_created":0,"nb_trashed":5023,"nodes_generated_per_sec":625439.25,"time_searched":540.0031127929688}