{"avg_branching_factor":453.44518064407606,"nb_eval":9,"nb_expanded":2247126,"nb_generated":1018948455,"nb_guide":1018948458,"nb_sols_created":0,"nb_trashed":9980,"nodes_generated_per_sec":471735.15625,"time_searched":2160.001220703125}