{"avg_branching_factor":240.57104068068568,"nb_eval":10,"nb_expanded":1358630,"nb_generated":326847033,"nb_guide":326847036,"nb_sols_created":0,"nb_trashed":81805,"nodes_generated_per_sec":453949.03125,"time_searched":720.0082397460938}