{"avg_branching_factor":168.0755079783882,"nb_eval":14,"nb_expanded":2880093,"nb_generated":484073094,"nb_guide":484073094,"nb_sols_created":0,"nb_trashed":21517,"nodes_generated_per_sec":1792831.875,"time_searched":270.0047302246094}