{"avg_branching_factor":174.1293763076036,"nb_eval":16,"nb_expanded":1973553,"nb_generated":343653553,"nb_guide":343653550,"nb_sols_created":0,"nb_trashed":6193,"nodes_generated_per_sec":424260.34375,"time_searched":810.00634765625}