{"avg_branching_factor":221.8907426015576,"nb_eval":12,"nb_expanded":1835116,"nb_generated":407195252,"nb_guide":407195253,"nb_sols_created":0,"nb_trashed":6071,"nodes_generated_per_sec":565545.4375,"time_searched":720.0045166015625}