{"avg_branching_factor":115.28990875792958,"nb_eval":22,"nb_expanded":2047082,"nb_generated":236007897,"nb_guide":236007889,"nb_sols_created":0,"nb_trashed":11964,"nodes_generated_per_sec":437045.84375,"time_searched":540.0072021484375}