{"avg_branching_factor":177.20664817441497,"nb_eval":11,"nb_expanded":2191188,"nb_generated":388293081,"nb_guide":388293083,"nb_sols_created":0,"nb_trashed":64447,"nodes_generated_per_sec":431435.53125,"time_searched":900.0025634765625}