{"avg_branching_factor":158.5776742589767,"nb_eval":46,"nb_expanded":5209789,"nb_generated":826156223,"nb_guide":826156192,"nb_sols_created":0,"nb_trashed":17418,"nodes_generated_per_sec":1019909.0,"time_searched":810.0293579101562}