{"avg_branching_factor":332.2232455343543,"nb_eval":12,"nb_expanded":2163237,"nb_generated":718677617,"nb_guide":718677617,"nb_sols_created":0,"nb_trashed":3763,"nodes_generated_per_sec":443627.71875,"time_searched":1620.0015869140625}