{"avg_branching_factor":317.23927761715794,"nb_eval":11,"nb_expanded":2436049,"nb_generated":772810425,"nb_guide":772810427,"nb_sols_created":0,"nb_trashed":6344,"nodes_generated_per_sec":477042.5,"time_searched":1620.0032958984375}