{"avg_branching_factor":171.5283770507447,"nb_eval":16,"nb_expanded":2022497,"nb_generated":346915628,"nb_guide":346915625,"nb_sols_created":0,"nb_trashed":6033,"nodes_generated_per_sec":428288.21875,"time_searched":810.0050659179688}