{"avg_branching_factor":273.68813514320357,"nb_eval":16,"nb_expanded":4512073,"nb_generated":1234900845,"nb_guide":1234900843,"nb_sols_created":0,"nb_trashed":19849,"nodes_generated_per_sec":1372102.25,"time_searched":900.0064697265625}