{"avg_branching_factor":117.24695407842435,"nb_eval":20,"nb_expanded":2084837,"nb_generated":244440788,"nb_guide":244440782,"nb_sols_created":0,"nb_trashed":11714,"nodes_generated_per_sec":452657.71875,"time_searched":540.0123901367188}