{"avg_branching_factor":333.1717345597198,"nb_eval":17,"nb_expanded":2818035,"nb_generated":938889609,"nb_guide":938889605,"nb_sols_created":0,"nb_trashed":4384,"nodes_generated_per_sec":1738678.75,"time_searched":540.0017700195312}