{"avg_branching_factor":112.48923962687077,"nb_eval":12,"nb_expanded":2007133,"nb_generated":225780865,"nb_guide":225780867,"nb_sols_created":0,"nb_trashed":10056,"nodes_generated_per_sec":627156.625,"time_searched":360.00714111328125}