{"avg_branching_factor":57.933559384052444,"nb_eval":10,"nb_expanded":4919250,"nb_generated":284989662,"nb_guide":284989668,"nb_sols_created":0,"nb_trashed":70310,"nodes_generated_per_sec":1055393.25,"time_searched":270.03173828125}