{"avg_branching_factor":215.24908818127292,"nb_eval":9,"nb_expanded":2942745,"nb_generated":633423178,"nb_guide":633423182,"nb_sols_created":0,"nb_trashed":10155,"nodes_generated_per_sec":1759500.75,"time_searched":360.00164794921875}