{"avg_branching_factor":420.2080298215208,"nb_eval":10,"nb_expanded":1262444,"nb_generated":530489106,"nb_guide":530489107,"nb_sols_created":0,"nb_trashed":1020,"nodes_generated_per_sec":736790.0,"time_searched":720.0004272460938}