{"avg_branching_factor":402.1251638110981,"nb_eval":30,"nb_expanded":4574629,"nb_generated":1839573436,"nb_guide":1839573419,"nb_sols_created":0,"nb_trashed":4067,"nodes_generated_per_sec":973316.875,"time_searched":1890.004638671875}