{"avg_branching_factor":108.42900737143452,"nb_eval":20,"nb_expanded":1403526,"nb_generated":152182931,"nb_guide":152182924,"nb_sols_created":0,"nb_trashed":9751,"nodes_generated_per_sec":845451.875,"time_searched":180.0018768310547}