{"avg_branching_factor":288.6673543279336,"nb_eval":7,"nb_expanded":1027153,"nb_generated":296505539,"nb_guide":296505544,"nb_sols_created":0,"nb_trashed":16209,"nodes_generated_per_sec":582392.0625,"time_searched":509.11669921875}