{"avg_branching_factor":117.20267327100626,"nb_eval":19,"nb_expanded":2179577,"nb_generated":255452251,"nb_guide":255452246,"nb_sols_created":0,"nb_trashed":13324,"nodes_generated_per_sec":473047.75,"time_searched":540.013671875}