{"avg_branching_factor":169.1539568027387,"nb_eval":11,"nb_expanded":1855488,"nb_generated":313863137,"nb_guide":313863139,"nb_sols_created":0,"nb_trashed":5548,"nodes_generated_per_sec":581223.5,"time_searched":540.0042114257812}