{"avg_branching_factor":147.89565718986586,"nb_eval":8,"nb_expanded":1431953,"nb_generated":211779630,"nb_guide":211779635,"nb_sols_created":0,"nb_trashed":60562,"nodes_generated_per_sec":784360.9375,"time_searched":270.0027770996094}