{"avg_branching_factor":57.10252988799222,"nb_eval":38,"nb_expanded":2476078,"nb_generated":141390318,"nb_guide":141390295,"nb_sols_created":0,"nb_trashed":33197,"nodes_generated_per_sec":523607.4375,"time_searched":270.0311584472656}