{"avg_branching_factor":52.42884744144785,"nb_eval":20,"nb_expanded":2964665,"nb_generated":155433969,"nb_guide":155433964,"nb_sols_created":0,"nb_trashed":22970,"nodes_generated_per_sec":1726803.25,"time_searched":90.0125503540039}