{"avg_branching_factor":53.08343120686202,"nb_eval":13,"nb_expanded":2886378,"nb_generated":153218848,"nb_guide":153218850,"nb_sols_created":0,"nb_trashed":33786,"nodes_generated_per_sec":1702184.125,"time_searched":90.0130844116211}