{"avg_branching_factor":162.8929980517942,"nb_eval":17,"nb_expanded":5322333,"nb_generated":866970779,"nb_guide":866970777,"nb_sols_created":0,"nb_trashed":51206,"nodes_generated_per_sec":1070322.75,"time_searched":810.0087280273438}