{"avg_branching_factor":355.2459115878002,"nb_eval":9,"nb_expanded":1748356,"nb_generated":621096321,"nb_guide":621096324,"nb_sols_created":0,"nb_trashed":3967,"nodes_generated_per_sec":575088.125,"time_searched":1080.001953125}