{"avg_branching_factor":77.64926170313812,"nb_eval":8,"nb_expanded":1469734,"nb_generated":114123760,"nb_guide":114123764,"nb_sols_created":0,"nb_trashed":55802,"nodes_generated_per_sec":211339.9375,"time_searched":540.0009155273438}