{"avg_branching_factor":233.22550871474056,"nb_eval":7,"nb_expanded":4285555,"nb_generated":999500745,"nb_guide":999500752,"nb_sols_created":0,"nb_trashed":23276,"nodes_generated_per_sec":1388183.625,"time_searched":720.0061645507812}