{"avg_branching_factor":278.71781352805846,"nb_eval":3,"nb_expanded":4367456,"nb_generated":1217287787,"nb_guide":1217287798,"nb_sols_created":0,"nb_trashed":32955,"nodes_generated_per_sec":1352533.75,"time_searched":900.0054931640625}