{"avg_branching_factor":116.18685878429498,"nb_eval":21,"nb_expanded":4303544,"nb_generated":500015259,"nb_guide":500015253,"nb_sols_created":0,"nb_trashed":20059,"nodes_generated_per_sec":1388831.625,"time_searched":360.0258483886719}