{"avg_branching_factor":287.8464512207832,"nb_eval":10,"nb_expanded":5133385,"nb_generated":1477626655,"nb_guide":1477626659,"nb_sols_created":0,"nb_trashed":24671,"nodes_generated_per_sec":1094534.125,"time_searched":1350.005126953125}