{"avg_branching_factor":55.56109046066897,"nb_eval":36,"nb_expanded":2386551,"nb_generated":132599376,"nb_guide":132599355,"nb_sols_created":0,"nb_trashed":49953,"nodes_generated_per_sec":491058.25,"time_searched":270.0278015136719}