{"avg_branching_factor":229.4556163200633,"nb_eval":6,"nb_expanded":1248353,"nb_generated":286441607,"nb_guide":286441613,"nb_sols_created":0,"nb_trashed":21942,"nodes_generated_per_sec":530446.4375,"time_searched":540.0009765625}