{"avg_branching_factor":276.09538488051527,"nb_eval":12,"nb_expanded":1996113,"nb_generated":551117587,"nb_guide":551117587,"nb_sols_created":0,"nb_trashed":5691,"nodes_generated_per_sec":437394.5,"time_searched":1260.0010986328125}