{"avg_branching_factor":226.32616970915606,"nb_eval":16,"nb_expanded":2433917,"nb_generated":550859112,"nb_guide":550859109,"nb_sols_created":0,"nb_trashed":6813,"nodes_generated_per_sec":510053.1875,"time_searched":1080.0032958984375}