{"avg_branching_factor":289.7664426104469,"nb_eval":14,"nb_expanded":5148559,"nb_generated":1491879626,"nb_guide":1491879626,"nb_sols_created":0,"nb_trashed":19049,"nodes_generated_per_sec":1105091.75,"time_searched":1350.0052490234375}