{"avg_branching_factor":313.06087081984657,"nb_eval":47,"nb_expanded":5142694,"nb_generated":1609976262,"nb_guide":1609976229,"nb_sols_created":0,"nb_trashed":9147,"nodes_generated_per_sec":993806.9375,"time_searched":1620.0091552734375}