{"avg_branching_factor":289.3891599686066,"nb_eval":22,"nb_expanded":2646413,"nb_generated":765843235,"nb_guide":765843226,"nb_sols_created":0,"nb_trashed":4660,"nodes_generated_per_sec":1701864.625,"time_searched":450.00244140625}