{"avg_branching_factor":326.6145266658532,"nb_eval":15,"nb_expanded":4392584,"nb_generated":1434681744,"nb_guide":1434681742,"nb_sols_created":0,"nb_trashed":16968,"nodes_generated_per_sec":1328407.0,"time_searched":1080.0015869140625}