{"avg_branching_factor":115.21083997965154,"nb_eval":35,"nb_expanded":5085397,"nb_generated":585892860,"nb_guide":585892840,"nb_sols_created":0,"nb_trashed":18323,"nodes_generated_per_sec":1084955.375,"time_searched":540.015625}