{"avg_branching_factor":175.33296334141136,"nb_eval":20,"nb_expanded":1769408,"nb_generated":310235548,"nb_guide":310235541,"nb_sols_created":0,"nb_trashed":5242,"nodes_generated_per_sec":574505.4375,"time_searched":540.0045776367188}