{"avg_branching_factor":348.1784922509572,"nb_eval":38,"nb_expanded":3763239,"nb_generated":1310278881,"nb_guide":1310278856,"nb_sols_created":0,"nb_trashed":4115,"nodes_generated_per_sec":1213217.0,"time_searched":1080.0037841796875}