{"avg_branching_factor":344.2783673776715,"nb_eval":21,"nb_expanded":3931197,"nb_generated":1353426085,"nb_guide":1353426077,"nb_sols_created":0,"nb_trashed":4074,"nodes_generated_per_sec":1253167.125,"time_searched":1080.00439453125}