{"avg_branching_factor":240.5292811274407,"nb_eval":10,"nb_expanded":1502589,"nb_generated":361416652,"nb_guide":361416654,"nb_sols_created":0,"nb_trashed":7935,"nodes_generated_per_sec":573676.0625,"time_searched":630.0012817382812}