{"avg_branching_factor":57.5396185019019,"nb_eval":17,"nb_expanded":4974494,"nb_generated":286230487,"nb_guide":286230486,"nb_sols_created":0,"nb_trashed":73232,"nodes_generated_per_sec":1060011.5,"time_searched":270.0258483886719}