{"avg_branching_factor":145.82016918010618,"nb_eval":8,"nb_expanded":1354651,"nb_generated":197535438,"nb_guide":197535443,"nb_sols_created":0,"nb_trashed":10971,"nodes_generated_per_sec":731607.0625,"time_searched":270.0021057128906}