{"avg_branching_factor":167.5161688651791,"nb_eval":24,"nb_expanded":1441505,"nb_generated":241475395,"nb_guide":241475384,"nb_sols_created":0,"nb_trashed":5755,"nodes_generated_per_sec":894344.3125,"time_searched":270.0027160644531}