{"avg_branching_factor":115.6197099633979,"nb_eval":39,"nb_expanded":4186644,"nb_generated":484058565,"nb_guide":484058541,"nb_sols_created":0,"nb_trashed":21864,"nodes_generated_per_sec":1344506.875,"time_searched":360.0268249511719}