{"avg_branching_factor":114.22367282672231,"nb_eval":17,"nb_expanded":2066648,"nb_generated":236060125,"nb_guide":236060122,"nb_sols_created":0,"nb_trashed":11469,"nodes_generated_per_sec":655703.0,"time_searched":360.0107421875}