{"avg_branching_factor":100.29700344296766,"nb_eval":42,"nb_expanded":3259107,"nb_generated":326878666,"nb_guide":326878639,"nb_sols_created":0,"nb_trashed":16389,"nodes_generated_per_sec":1815871.125,"time_searched":180.0120391845703}