{"avg_branching_factor":116.431454056233,"nb_eval":27,"nb_expanded":4259457,"nb_generated":495934772,"nb_guide":495934760,"nb_sols_created":0,"nb_trashed":32140,"nodes_generated_per_sec":1377566.125,"time_searched":360.0079650878906}