{"avg_branching_factor":56.57958510076598,"nb_eval":25,"nb_expanded":1960235,"nb_generated":110909283,"nb_guide":110909273,"nb_sols_created":0,"nb_trashed":18513,"nodes_generated_per_sec":616060.125,"time_searched":180.02996826171875}