{"avg_branching_factor":210.17549687696823,"nb_eval":31,"nb_expanded":3078579,"nb_generated":647041871,"nb_guide":647041853,"nb_sols_created":0,"nb_trashed":4818,"nodes_generated_per_sec":1797329.5,"time_searched":360.0018005371094}