{"avg_branching_factor":318.89413721232876,"nb_eval":18,"nb_expanded":2621091,"nb_generated":835850553,"nb_guide":835850548,"nb_sols_created":0,"nb_trashed":4443,"nodes_generated_per_sec":515955.8125,"time_searched":1620.004150390625}