{"avg_branching_factor":167.08740083729612,"nb_eval":8,"nb_expanded":2854904,"nb_generated":477018489,"nb_guide":477018495,"nb_sols_created":0,"nb_trashed":15123,"nodes_generated_per_sec":1766708.625,"time_searched":270.0040588378906}