{"avg_branching_factor":55.85325144007218,"nb_eval":16,"nb_expanded":1296810,"nb_generated":72431055,"nb_guide":72431053,"nb_sols_created":0,"nb_trashed":22564,"nodes_generated_per_sec":804734.75,"time_searched":90.0061264038086}