{"avg_branching_factor":350.20889084681767,"nb_eval":33,"nb_expanded":3627416,"nb_generated":1270353334,"nb_guide":1270353314,"nb_sols_created":0,"nb_trashed":4786,"nodes_generated_per_sec":1176248.25,"time_searched":1080.00439453125}