{"avg_branching_factor":117.19540611733507,"nb_eval":18,"nb_expanded":4208205,"nb_generated":493182294,"nb_guide":493182291,"nb_sols_created":0,"nb_trashed":36800,"nodes_generated_per_sec":1369911.5,"time_searched":360.0103454589844}