{"avg_branching_factor":232.2937904098709,"nb_eval":18,"nb_expanded":5170921,"nb_generated":1201172839,"nb_guide":1201172835,"nb_sols_created":0,"nb_trashed":30369,"nodes_generated_per_sec":1112186.875,"time_searched":1080.0098876953125}