{"avg_branching_factor":290.190284744597,"nb_eval":20,"nb_expanded":2675380,"nb_generated":776369284,"nb_guide":776369277,"nb_sols_created":0,"nb_trashed":4285,"nodes_generated_per_sec":1725255.0,"time_searched":450.00262451171875}