{"avg_branching_factor":155.66788919435453,"nb_eval":16,"nb_expanded":2338870,"nb_generated":364086956,"nb_guide":364086954,"nb_sols_created":0,"nb_trashed":13203,"nodes_generated_per_sec":449485.15625,"time_searched":810.0088500976562}