{"avg_branching_factor":458.5333247750678,"nb_eval":13,"nb_expanded":4050665,"nb_generated":1857364890,"nb_guide":1857364890,"nb_sols_created":0,"nb_trashed":4085,"nodes_generated_per_sec":1289847.125,"time_searched":1439.9884033203125}