{"avg_branching_factor":415.4016555131447,"nb_eval":13,"nb_expanded":2035381,"nb_generated":845500637,"nb_guide":845500636,"nb_sols_created":0,"nb_trashed":19253,"nodes_generated_per_sec":447354.46875,"time_searched":1890.00146484375}