{"avg_branching_factor":116.172868421296,"nb_eval":11,"nb_expanded":5082137,"nb_generated":590406433,"nb_guide":590406437,"nb_sols_created":0,"nb_trashed":47230,"nodes_generated_per_sec":1093316.75,"time_searched":540.0140991210938}