{"avg_branching_factor":244.91152736845143,"nb_eval":9,"nb_expanded":2287634,"nb_generated":560267937,"nb_guide":560267941,"nb_sols_created":0,"nb_trashed":14401,"nodes_generated_per_sec":622516.875,"time_searched":900.0044555664062}