{"avg_branching_factor":409.8803505902868,"nb_eval":16,"nb_expanded":3947742,"nb_generated":1618101875,"nb_guide":1618101872,"nb_sols_created":0,"nb_trashed":4081,"nodes_generated_per_sec":1284204.375,"time_searched":1260.00341796875}