{"avg_branching_factor":228.7714213274762,"nb_eval":33,"nb_expanded":4038837,"nb_generated":923970481,"nb_guide":923970462,"nb_sols_created":0,"nb_trashed":8386,"nodes_generated_per_sec":1283278.875,"time_searched":720.007568359375}