{"avg_branching_factor":360.00438626515773,"nb_eval":18,"nb_expanded":2950802,"nb_generated":1062301663,"nb_guide":1062301658,"nb_sols_created":0,"nb_trashed":4588,"nodes_generated_per_sec":1686188.625,"time_searched":630.0016479492188}