{"avg_branching_factor":407.8512351628418,"nb_eval":34,"nb_expanded":3801604,"nb_generated":1550488887,"nb_guide":1550488866,"nb_sols_created":0,"nb_trashed":4179,"nodes_generated_per_sec":1230544.125,"time_searched":1260.002685546875}