{"avg_branching_factor":519.8636460549292,"nb_eval":7,"nb_expanded":1679108,"nb_generated":872907207,"nb_guide":872907212,"nb_sols_created":0,"nb_trashed":6220,"nodes_generated_per_sec":606184.75,"time_searched":1440.001953125}