{"avg_branching_factor":358.48768113257375,"nb_eval":16,"nb_expanded":2942113,"nb_generated":1054711267,"nb_guide":1054711264,"nb_sols_created":0,"nb_trashed":4402,"nodes_generated_per_sec":1674141.875,"time_searched":630.0011596679688}