{"avg_branching_factor":110.51301871392486,"nb_eval":4,"nb_expanded":1705468,"nb_generated":188476417,"nb_guide":188476425,"nb_sols_created":0,"nb_trashed":198529,"nodes_generated_per_sec":349029.5625,"time_searched":540.0012817382812}