{"avg_branching_factor":109.80484955013199,"nb_eval":12,"nb_expanded":2078832,"nb_generated":228265835,"nb_guide":228265837,"nb_sols_created":0,"nb_trashed":15277,"nodes_generated_per_sec":634059.125,"time_searched":360.0071716308594}