{"avg_branching_factor":430.51549765224485,"nb_eval":8,"nb_expanded":2268763,"nb_generated":976737632,"nb_guide":976737636,"nb_sols_created":0,"nb_trashed":6685,"nodes_generated_per_sec":452192.90625,"time_searched":2160.002197265625}