{"avg_branching_factor":330.45468837942815,"nb_eval":6,"nb_expanded":1435592,"nb_generated":474398107,"nb_guide":474398113,"nb_sols_created":0,"nb_trashed":6358,"nodes_generated_per_sec":753012.0,"time_searched":630.000732421875}