{"avg_branching_factor":114.25406930073221,"nb_eval":15,"nb_expanded":5252008,"nb_generated":600063286,"nb_guide":600063286,"nb_sols_created":0,"nb_trashed":36732,"nodes_generated_per_sec":1111195.5,"time_searched":540.0159301757812}