{"avg_branching_factor":57.214389104349095,"nb_eval":13,"nb_expanded":5003244,"nb_generated":286257549,"nb_guide":286257552,"nb_sols_created":0,"nb_trashed":77898,"nodes_generated_per_sec":1060135.0,"time_searched":270.0198974609375}