{"avg_branching_factor":386.00379253161174,"nb_eval":12,"nb_expanded":5032786,"nb_generated":1942674483,"nb_guide":1942674484,"nb_sols_created":0,"nb_trashed":4086,"nodes_generated_per_sec":1027868.25,"time_searched":1890.0032958984375}