{"avg_branching_factor":319.4658542632147,"nb_eval":11,"nb_expanded":5279971,"nb_generated":1686770446,"nb_guide":1686770449,"nb_sols_created":0,"nb_trashed":8185,"nodes_generated_per_sec":1041209.4375,"time_searched":1620.0107421875}