{"avg_branching_factor":230.34311288382227,"nb_eval":8,"nb_expanded":5124605,"nb_generated":1180417468,"nb_guide":1180417474,"nb_sols_created":0,"nb_trashed":35091,"nodes_generated_per_sec":1092972.875,"time_searched":1080.006103515625}