{"avg_branching_factor":167.03134297729943,"nb_eval":8,"nb_expanded":1905371,"nb_generated":318256677,"nb_guide":318256682,"nb_sols_created":0,"nb_trashed":5451,"nodes_generated_per_sec":589361.3125,"time_searched":540.0026245117188}