{"avg_branching_factor":465.56774119071304,"nb_eval":3,"nb_expanded":4980965,"nb_generated":2318976624,"nb_guide":2318976634,"nb_sols_created":0,"nb_trashed":9990,"nodes_generated_per_sec":1073598.375,"time_searched":2160.003662109375}