{"avg_branching_factor":151.15492200633332,"nb_eval":11,"nb_expanded":1432424,"nb_generated":216517938,"nb_guide":216517939,"nb_sols_created":0,"nb_trashed":44022,"nodes_generated_per_sec":400957.78125,"time_searched":540.0018310546875}