{"avg_branching_factor":168.44756713702625,"nb_eval":11,"nb_expanded":2249839,"nb_generated":378979906,"nb_guide":378979907,"nb_sols_created":0,"nb_trashed":12069,"nodes_generated_per_sec":350907.125,"time_searched":1080.0006103515625}