{"avg_branching_factor":169.97880947259594,"nb_eval":23,"nb_expanded":2882420,"nb_generated":489950320,"nb_guide":489950311,"nb_sols_created":0,"nb_trashed":14344,"nodes_generated_per_sec":1814605.875,"time_searched":270.00372314453125}