{"avg_branching_factor":467.1649007776101,"nb_eval":14,"nb_expanded":2175769,"nb_generated":1016442909,"nb_guide":1016442907,"nb_sols_created":0,"nb_trashed":5040,"nodes_generated_per_sec":470575.09375,"time_searched":2160.00146484375}