{"avg_branching_factor":146.55817022069215,"nb_eval":9,"nb_expanded":767721,"nb_generated":112515785,"nb_guide":112515788,"nb_sols_created":0,"nb_trashed":23955,"nodes_generated_per_sec":354515.53125,"time_searched":317.3789978027344}