{"avg_branching_factor":230.1433401029761,"nb_eval":12,"nb_expanded":1788376,"nb_generated":411582826,"nb_guide":411582827,"nb_sols_created":0,"nb_trashed":9082,"nodes_generated_per_sec":571640.375,"time_searched":720.0030517578125}