{"avg_branching_factor":260.89306305359213,"nb_eval":11,"nb_expanded":1940508,"nb_generated":506265076,"nb_guide":506265078,"nb_sols_created":0,"nb_trashed":8301,"nodes_generated_per_sec":562516.1875,"time_searched":900.0009155273438}