{"avg_branching_factor":221.86626531116525,"nb_eval":21,"nb_expanded":2832900,"nb_generated":628524943,"nb_guide":628524935,"nb_sols_created":0,"nb_trashed":4075,"nodes_generated_per_sec":1745888.5,"time_searched":360.0028991699219}