{"avg_branching_factor":202.21923342457902,"nb_eval":11,"nb_expanded":2149508,"nb_generated":434671860,"nb_guide":434671861,"nb_sols_created":0,"nb_trashed":14677,"nodes_generated_per_sec":402473.46875,"time_searched":1080.0013427734375}