{"avg_branching_factor":331.26163467512214,"nb_eval":13,"nb_expanded":2792665,"nb_generated":925102773,"nb_guide":925102773,"nb_sols_created":0,"nb_trashed":4085,"nodes_generated_per_sec":1713213.375,"time_searched":539.9810791015625}