{"avg_branching_factor":492.3639743974591,"nb_eval":5,"nb_expanded":1652336,"nb_generated":813550720,"nb_guide":813550727,"nb_sols_created":0,"nb_trashed":6231,"nodes_generated_per_sec":564965.125,"time_searched":1440.0015869140625}