{"avg_branching_factor":163.8820264845083,"nb_eval":21,"nb_expanded":5335723,"nb_generated":874429098,"nb_guide":874429092,"nb_sols_created":0,"nb_trashed":39261,"nodes_generated_per_sec":1079529.75,"time_searched":810.00927734375}