{"avg_branching_factor":420.0472541214517,"nb_eval":16,"nb_expanded":1746472,"nb_generated":733600768,"nb_guide":733600764,"nb_sols_created":0,"nb_trashed":4421,"nodes_generated_per_sec":582222.3125,"time_searched":1260.0010986328125}