{"avg_branching_factor":304.79768325701525,"nb_eval":10,"nb_expanded":2003675,"nb_generated":610715498,"nb_guide":610715500,"nb_sols_created":0,"nb_trashed":10394,"nodes_generated_per_sec":565476.5625,"time_searched":1080.00146484375}