{"avg_branching_factor":160.21758060134383,"nb_eval":37,"nb_expanded":5182792,"nb_generated":830374395,"nb_guide":830374373,"nb_sols_created":0,"nb_trashed":20295,"nodes_generated_per_sec":1025118.8125,"time_searched":810.0274658203125}