{"avg_branching_factor":360.30661694379853,"nb_eval":11,"nb_expanded":1709475,"nb_generated":615935154,"nb_guide":615935155,"nb_sols_created":0,"nb_trashed":4376,"nodes_generated_per_sec":570309.5,"time_searched":1080.0015869140625}