{"avg_branching_factor":370.5992271116015,"nb_eval":7,"nb_expanded":1517166,"nb_generated":562260547,"nb_guide":562260552,"nb_sols_created":0,"nb_trashed":21130,"nodes_generated_per_sec":780916.75,"time_searched":720.0006103515625}