{"avg_branching_factor":289.70661513505866,"nb_eval":23,"nb_expanded":2644073,"nb_generated":766005439,"nb_guide":766005429,"nb_sols_created":0,"nb_trashed":4072,"nodes_generated_per_sec":1702218.125,"time_searched":450.0042724609375}