{"avg_branching_factor":456.08002254455226,"nb_eval":10,"nb_expanded":2072341,"nb_generated":945153330,"nb_guide":945153332,"nb_sols_created":0,"nb_trashed":3559,"nodes_generated_per_sec":437570.65625,"time_searched":2160.001708984375}