{"avg_branching_factor":232.07600074034374,"nb_eval":13,"nb_expanded":5073319,"nb_generated":1177395584,"nb_guide":1177395585,"nb_sols_created":0,"nb_trashed":19666,"nodes_generated_per_sec":1090171.5,"time_searched":1080.009521484375}