{"avg_branching_factor":468.1398331870379,"nb_eval":8,"nb_expanded":1937859,"nb_generated":907188989,"nb_guide":907188993,"nb_sols_created":0,"nb_trashed":4280,"nodes_generated_per_sec":419994.4375,"time_searched":2160.00244140625}