{"avg_branching_factor":113.86453834147514,"nb_eval":12,"nb_expanded":1381963,"nb_generated":157356579,"nb_guide":157356580,"nb_sols_created":0,"nb_trashed":4505,"nodes_generated_per_sec":582795.0625,"time_searched":270.0032653808594}