{"avg_branching_factor":217.49898734786993,"nb_eval":11,"nb_expanded":1453115,"nb_generated":316051041,"nb_guide":316051042,"nb_sols_created":0,"nb_trashed":2042,"nodes_generated_per_sec":877918.375,"time_searched":360.00048828125}