{"avg_branching_factor":468.19819993951387,"nb_eval":22,"nb_expanded":4599401,"nb_generated":2153431269,"nb_guide":2153431260,"nb_sols_created":0,"nb_trashed":4073,"nodes_generated_per_sec":996956.5625,"time_searched":2160.005126953125}