{"avg_branching_factor":459.2720210544033,"nb_eval":4,"nb_expanded":2614180,"nb_generated":1200619732,"nb_guide":1200619740,"nb_sols_created":0,"nb_trashed":4528,"nodes_generated_per_sec":1667524.5,"time_searched":720.0012817382812}