{"avg_branching_factor":228.4009248562995,"nb_eval":32,"nb_expanded":4005379,"nb_generated":914832268,"nb_guide":914832250,"nb_sols_created":0,"nb_trashed":9470,"nodes_generated_per_sec":1270581.75,"time_searched":720.0105590820312}