{"avg_branching_factor":332.90973084326095,"nb_eval":19,"nb_expanded":2809664,"nb_generated":935364486,"nb_guide":935364480,"nb_sols_created":0,"nb_trashed":4404,"nodes_generated_per_sec":1732145.875,"time_searched":540.0032958984375}