{"avg_branching_factor":360.11251935881427,"nb_eval":6,"nb_expanded":2934064,"nb_generated":1056593179,"nb_guide":1056593186,"nb_sols_created":0,"nb_trashed":13340,"nodes_generated_per_sec":1677127.875,"time_searched":630.0015258789062}