{"avg_branching_factor":389.8127624134729,"nb_eval":8,"nb_expanded":1306383,"nb_generated":509244766,"nb_guide":509244769,"nb_sols_created":0,"nb_trashed":3612,"nodes_generated_per_sec":707284.1875,"time_searched":720.000244140625}