{"avg_branching_factor":57.81804517980397,"nb_eval":28,"nb_expanded":4779038,"nb_generated":276314635,"nb_guide":276314623,"nb_sols_created":0,"nb_trashed":39556,"nodes_generated_per_sec":1023236.3125,"time_searched":270.0398864746094}