{"avg_branching_factor":294.21996611458235,"nb_eval":8,"nb_expanded":2206849,"nb_generated":649299038,"nb_guide":649299043,"nb_sols_created":0,"nb_trashed":9049,"nodes_generated_per_sec":480960.65625,"time_searched":1350.00439453125}