{"avg_branching_factor":187.75585747465792,"nb_eval":13,"nb_expanded":1643413,"nb_generated":308560417,"nb_guide":308560417,"nb_sols_created":0,"nb_trashed":11053,"nodes_generated_per_sec":857108.1875,"time_searched":360.001708984375}