{"avg_branching_factor":329.145199731583,"nb_eval":11,"nb_expanded":1944735,"nb_generated":640100190,"nb_guide":640100191,"nb_sols_created":0,"nb_trashed":7205,"nodes_generated_per_sec":592684.8125,"time_searched":1080.0009765625}