{"avg_branching_factor":432.16259418823137,"nb_eval":8,"nb_expanded":2191622,"nb_generated":947137049,"nb_guide":947137053,"nb_sols_created":0,"nb_trashed":12006,"nodes_generated_per_sec":438488.78125,"time_searched":2160.0029296875}