{"avg_branching_factor":162.7516970482277,"nb_eval":12,"nb_expanded":2184823,"nb_generated":355583651,"nb_guide":355583652,"nb_sols_created":0,"nb_trashed":20131,"nodes_generated_per_sec":395091.6875,"time_searched":900.0028686523438}