{"avg_branching_factor":260.951986802237,"nb_eval":11,"nb_expanded":2241592,"nb_generated":584947886,"nb_guide":584947888,"nb_sols_created":0,"nb_trashed":8062,"nodes_generated_per_sec":649940.25,"time_searched":900.0026245117188}