{"avg_branching_factor":240.3706439782128,"nb_eval":13,"nb_expanded":2063781,"nb_generated":496072368,"nb_guide":496072367,"nb_sols_created":0,"nb_trashed":8485,"nodes_generated_per_sec":459326.03125,"time_searched":1080.0006103515625}