{"avg_branching_factor":49.51318914035919,"nb_eval":43,"nb_expanded":3199185,"nb_generated":158401852,"nb_guide":158401825,"nb_sols_created":0,"nb_trashed":39654,"nodes_generated_per_sec":1759650.625,"time_searched":90.0189208984375}