{"avg_branching_factor":285.8244909741719,"nb_eval":9,"nb_expanded":4974502,"nb_generated":1421834502,"nb_guide":1421834507,"nb_sols_created":0,"nb_trashed":8183,"nodes_generated_per_sec":1053205.75,"time_searched":1350.0064697265625}