{"avg_branching_factor":114.70303809570333,"nb_eval":14,"nb_expanded":5158692,"nb_generated":591717645,"nb_guide":591717646,"nb_sols_created":0,"nb_trashed":17325,"nodes_generated_per_sec":1095752.875,"time_searched":540.0101318359375}