{"avg_branching_factor":371.4947415630335,"nb_eval":11,"nb_expanded":2013431,"nb_generated":747979029,"nb_guide":747979030,"nb_sols_created":0,"nb_trashed":2813,"nodes_generated_per_sec":519429.28125,"time_searched":1440.0015869140625}