{"avg_branching_factor":363.3068739503797,"nb_eval":10,"nb_expanded":2941540,"nb_generated":1068681702,"nb_guide":1068681705,"nb_sols_created":0,"nb_trashed":5760,"nodes_generated_per_sec":1696312.375,"time_searched":630.0029296875}