{"avg_branching_factor":234.25614349008274,"nb_eval":10,"nb_expanded":1285385,"nb_generated":301109333,"nb_guide":301109335,"nb_sols_created":0,"nb_trashed":2098,"nodes_generated_per_sec":669129.625,"time_searched":450.00152587890625}