{"avg_branching_factor":99.82453748490498,"nb_eval":14,"nb_expanded":3197247,"nb_generated":319163703,"nb_guide":319163704,"nb_sols_created":0,"nb_trashed":35292,"nodes_generated_per_sec":1773027.625,"time_searched":180.0105743408203}