{"avg_branching_factor":229.13922410175005,"nb_eval":40,"nb_expanded":4014779,"nb_generated":919943345,"nb_guide":919943319,"nb_sols_created":0,"nb_trashed":11852,"nodes_generated_per_sec":1277680.75,"time_searched":720.0103149414062}