{"avg_branching_factor":57.59716599271571,"nb_eval":24,"nb_expanded":4980580,"nb_generated":286867293,"nb_guide":286867285,"nb_sols_created":0,"nb_trashed":73438,"nodes_generated_per_sec":1062371.375,"time_searched":270.02545166015625}