{"avg_branching_factor":229.29732402565358,"nb_eval":38,"nb_expanded":4060876,"nb_generated":931148000,"nb_guide":931147976,"nb_sols_created":0,"nb_trashed":8303,"nodes_generated_per_sec":1293247.875,"time_searched":720.0073852539062}