{"avg_branching_factor":402.74011752985297,"nb_eval":37,"nb_expanded":4564117,"nb_generated":1838153017,"nb_guide":1838152993,"nb_sols_created":0,"nb_trashed":4079,"nodes_generated_per_sec":972564.8125,"time_searched":1890.005615234375}