{"avg_branching_factor":289.554255579293,"nb_eval":18,"nb_expanded":2637655,"nb_generated":763744230,"nb_guide":763744225,"nb_sols_created":0,"nb_trashed":4077,"nodes_generated_per_sec":1697198.625,"time_searched":450.00286865234375}