{"avg_branching_factor":391.44108609641876,"nb_eval":15,"nb_expanded":4899565,"nb_generated":1917891045,"nb_guide":1917891043,"nb_sols_created":0,"nb_trashed":4080,"nodes_generated_per_sec":1014755.625,"time_searched":1890.0029296875}