{"avg_branching_factor":57.60502617648507,"nb_eval":18,"nb_expanded":3981436,"nb_generated":229350725,"nb_guide":229350723,"nb_sols_created":0,"nb_trashed":58943,"nodes_generated_per_sec":1274055.0,"time_searched":180.01634216308594}