{"avg_branching_factor":99.30651916077935,"nb_eval":10,"nb_expanded":3245249,"nb_generated":322274382,"nb_guide":322274387,"nb_sols_created":0,"nb_trashed":22914,"nodes_generated_per_sec":1790324.25,"time_searched":180.00894165039062}