{"avg_branching_factor":409.3848614145267,"nb_eval":17,"nb_expanded":3955429,"nb_generated":1619292753,"nb_guide":1619292749,"nb_sols_created":0,"nb_trashed":4078,"nodes_generated_per_sec":1285148.375,"time_searched":1260.0045166015625}