{"avg_branching_factor":403.9060385350483,"nb_eval":27,"nb_expanded":4510647,"nb_generated":1821877561,"nb_guide":1821877547,"nb_sols_created":0,"nb_trashed":4289,"nodes_generated_per_sec":963954.25,"time_searched":1890.004150390625}