{"avg_branching_factor":160.6238693382604,"nb_eval":28,"nb_expanded":4477577,"nb_generated":719205743,"nb_guide":719205729,"nb_sols_created":0,"nb_trashed":12526,"nodes_generated_per_sec":1331846.25,"time_searched":540.006591796875}