{"avg_branching_factor":331.64499180671714,"nb_eval":15,"nb_expanded":2798634,"nb_generated":928152950,"nb_guide":928152948,"nb_sols_created":0,"nb_trashed":4088,"nodes_generated_per_sec":1718797.125,"time_searched":540.00146484375}