{"avg_branching_factor":97.39083974814871,"nb_eval":14,"nb_expanded":1626833,"nb_generated":158438632,"nb_guide":158438632,"nb_sols_created":0,"nb_trashed":8464,"nodes_generated_per_sec":880192.625,"time_searched":180.00448608398438}