{"avg_branching_factor":461.0959223742883,"nb_eval":17,"nb_expanded":2592440,"nb_generated":1195363513,"nb_guide":1195363508,"nb_sols_created":0,"nb_trashed":2031,"nodes_generated_per_sec":1660224.875,"time_searched":720.0009155273438}