{"avg_branching_factor":56.821302776770196,"nb_eval":12,"nb_expanded":5045070,"nb_generated":286667450,"nb_guide":286667454,"nb_sols_created":0,"nb_trashed":72874,"nodes_generated_per_sec":1061653.375,"time_searched":270.01983642578125}