{"avg_branching_factor":167.49175048243686,"nb_eval":6,"nb_expanded":1310016,"nb_generated":219416873,"nb_guide":219416880,"nb_sols_created":0,"nb_trashed":42260,"nodes_generated_per_sec":609488.1875,"time_searched":360.0018615722656}