{"avg_branching_factor":112.77082229987785,"nb_eval":17,"nb_expanded":1786234,"nb_generated":201435077,"nb_guide":201435074,"nb_sols_created":0,"nb_trashed":16772,"nodes_generated_per_sec":559523.3125,"time_searched":360.0119323730469}