{"avg_branching_factor":56.76166939560614,"nb_eval":21,"nb_expanded":2516240,"nb_generated":142825983,"nb_guide":142825977,"nb_sols_created":0,"nb_trashed":22639,"nodes_generated_per_sec":528956.0625,"time_searched":270.01483154296875}