{"avg_branching_factor":452.24576697783345,"nb_eval":29,"nb_expanded":3907551,"nb_generated":1767173399,"nb_guide":1767173383,"nb_sols_created":0,"nb_trashed":4111,"nodes_generated_per_sec":1227200.875,"time_searched":1440.0032958984375}