{"avg_branching_factor":431.3638079301885,"nb_eval":7,"nb_expanded":1678119,"nb_generated":723879802,"nb_guide":723879807,"nb_sols_created":0,"nb_trashed":5533,"nodes_generated_per_sec":574507.1875,"time_searched":1260.0013427734375}