{"avg_branching_factor":57.480221104653246,"nb_eval":59,"nb_expanded":2344772,"nb_generated":134778013,"nb_guide":134777969,"nb_sols_created":0,"nb_trashed":28879,"nodes_generated_per_sec":499134.75,"time_searched":270.0233154296875}