{"avg_branching_factor":231.3742101602819,"nb_eval":15,"nb_expanded":5105941,"nb_generated":1181383066,"nb_guide":1181383065,"nb_sols_created":0,"nb_trashed":24524,"nodes_generated_per_sec":1093865.25,"time_searched":1080.0078125}