{"avg_branching_factor":229.0498392275011,"nb_eval":40,"nb_expanded":4046090,"nb_generated":926756264,"nb_guide":926756238,"nb_sols_created":0,"nb_trashed":8639,"nodes_generated_per_sec":1287150.875,"time_searched":720.0059204101562}