{"avg_branching_factor":223.95278808848087,"nb_eval":8,"nb_expanded":2405537,"nb_generated":538726718,"nb_guide":538726723,"nb_sols_created":0,"nb_trashed":16681,"nodes_generated_per_sec":498819.5,"time_searched":1080.0032958984375}