{"avg_branching_factor":231.64212859312374,"nb_eval":11,"nb_expanded":5109760,"nb_generated":1183635683,"nb_guide":1183635686,"nb_sols_created":0,"nb_trashed":18591,"nodes_generated_per_sec":1095950.375,"time_searched":1080.008544921875}