{"avg_branching_factor":325.06160014625334,"nb_eval":11,"nb_expanded":4414259,"nb_generated":1434906094,"nb_guide":1434906096,"nb_sols_created":0,"nb_trashed":15575,"nodes_generated_per_sec":1328614.625,"time_searched":1080.001708984375}