{"avg_branching_factor":276.33787146836903,"nb_eval":44,"nb_expanded":4663957,"nb_generated":1288827950,"nb_guide":1288827920,"nb_sols_created":0,"nb_trashed":8189,"nodes_generated_per_sec":954676.6875,"time_searched":1350.0150146484375}