{"avg_branching_factor":471.0624792365348,"nb_eval":14,"nb_expanded":1935491,"nb_generated":911737189,"nb_guide":911737187,"nb_sols_created":0,"nb_trashed":3218,"nodes_generated_per_sec":422100.125,"time_searched":2160.002197265625}