{"avg_branching_factor":262.19567180482113,"nb_eval":60,"nb_expanded":4311081,"nb_generated":1130346779,"nb_guide":1130346733,"nb_sols_created":0,"nb_trashed":8212,"nodes_generated_per_sec":1255934.25,"time_searched":900.0047607421875}