{"avg_branching_factor":310.0096857082257,"nb_eval":5,"nb_expanded":1437995,"nb_generated":445792378,"nb_guide":445792385,"nb_sols_created":0,"nb_trashed":28394,"nodes_generated_per_sec":825539.3125,"time_searched":540.0014038085938}