{"avg_branching_factor":438.67378787972655,"nb_eval":8,"nb_expanded":1775587,"nb_generated":778903475,"nb_guide":778903479,"nb_sols_created":0,"nb_trashed":4991,"nodes_generated_per_sec":618176.625,"time_searched":1260.00146484375}