{"avg_branching_factor":269.8848678175783,"nb_eval":20,"nb_expanded":2234866,"nb_generated":603156515,"nb_guide":603156508,"nb_sols_created":0,"nb_trashed":4549,"nodes_generated_per_sec":446781.5625,"time_searched":1350.003173828125}