{"avg_branching_factor":231.03295299545758,"nb_eval":10,"nb_expanded":4169363,"nb_generated":963260246,"nb_guide":963260250,"nb_sols_created":0,"nb_trashed":8188,"nodes_generated_per_sec":1337849.375,"time_searched":720.0064697265625}