{"avg_branching_factor":149.29098273009268,"nb_eval":15,"nb_expanded":4872406,"nb_generated":727406280,"nb_guide":727406280,"nb_sols_created":0,"nb_trashed":49958,"nodes_generated_per_sec":1347028.375,"time_searched":540.0081176757812}