{"avg_branching_factor":152.9583744643033,"nb_eval":7,"nb_expanded":1341244,"nb_generated":205154502,"nb_guide":205154507,"nb_sols_created":0,"nb_trashed":27758,"nodes_generated_per_sec":455897.46875,"time_searched":450.00140380859375}