{"avg_branching_factor":209.10114259681933,"nb_eval":11,"nb_expanded":1303872,"nb_generated":272641125,"nb_guide":272641126,"nb_sols_created":0,"nb_trashed":2090,"nodes_generated_per_sec":757334.4375,"time_searched":360.0009460449219}