{"avg_branching_factor":224.59478320071486,"nb_eval":9,"nb_expanded":1457062,"nb_generated":327248524,"nb_guide":327248529,"nb_sols_created":0,"nb_trashed":80515,"nodes_generated_per_sec":606011.3125,"time_searched":540.0039672851562}