{"avg_branching_factor":327.55078727671145,"nb_eval":9,"nb_expanded":4379591,"nb_generated":1434538480,"nb_guide":1434538484,"nb_sols_created":0,"nb_trashed":6294,"nodes_generated_per_sec":1328273.625,"time_searched":1080.002197265625}