{"avg_branching_factor":158.45593672564573,"nb_eval":35,"nb_expanded":2607818,"nb_generated":413224244,"nb_guide":413224223,"nb_sols_created":0,"nb_trashed":8201,"nodes_generated_per_sec":510147.03125,"time_searched":810.0101318359375}