{"avg_branching_factor":315.68113421449834,"nb_eval":9,"nb_expanded":2262535,"nb_generated":714239615,"nb_guide":714239618,"nb_sols_created":0,"nb_trashed":28385,"nodes_generated_per_sec":566856.1875,"time_searched":1260.00146484375}