{"avg_branching_factor":110.20718276250601,"nb_eval":20,"nb_expanded":1830939,"nb_generated":201782629,"nb_guide":201782623,"nb_sols_created":0,"nb_trashed":13405,"nodes_generated_per_sec":560497.0,"time_searched":360.006591796875}