{"avg_branching_factor":286.1620910347571,"nb_eval":12,"nb_expanded":5047281,"nb_generated":1444340485,"nb_guide":1444340487,"nb_sols_created":0,"nb_trashed":8646,"nodes_generated_per_sec":1069871.5,"time_searched":1350.0130615234375}