{"avg_branching_factor":169.40734446775178,"nb_eval":18,"nb_expanded":1694745,"nb_generated":287102250,"nb_guide":287102245,"nb_sols_created":0,"nb_trashed":29529,"nodes_generated_per_sec":531666.625,"time_searched":540.0042724609375}