{"avg_branching_factor":468.69781574079013,"nb_eval":3,"nb_expanded":4970335,"nb_generated":2329585158,"nb_guide":2329585168,"nb_sols_created":0,"nb_trashed":13829,"nodes_generated_per_sec":1078510.5,"time_searched":2160.002197265625}