{"avg_branching_factor":443.10879836747506,"nb_eval":8,"nb_expanded":1210395,"nb_generated":536336674,"nb_guide":536336677,"nb_sols_created":0,"nb_trashed":4369,"nodes_generated_per_sec":744911.9375,"time_searched":720.0001220703125}