{"avg_branching_factor":340.20337803555026,"nb_eval":11,"nb_expanded":1925557,"nb_generated":655080996,"nb_guide":655080997,"nb_sols_created":0,"nb_trashed":2807,"nodes_generated_per_sec":519904.71875,"time_searched":1260.0020751953125}