{"avg_branching_factor":165.89794460784313,"nb_eval":10,"nb_expanded":2040000,"nb_generated":338431807,"nb_guide":338431810,"nb_sols_created":0,"nb_trashed":6473,"nodes_generated_per_sec":626722.25,"time_searched":540.0028686523438}