{"avg_branching_factor":453.2978871759701,"nb_eval":42,"nb_expanded":3931042,"nb_generated":1781933033,"nb_guide":1781933004,"nb_sols_created":0,"nb_trashed":4364,"nodes_generated_per_sec":1237450.0,"time_searched":1440.0040283203125}