{"avg_branching_factor":285.7451671872383,"nb_eval":21,"nb_expanded":5033249,"nb_generated":1438226577,"nb_guide":1438226570,"nb_sols_created":0,"nb_trashed":8181,"nodes_generated_per_sec":1065343.25,"time_searched":1350.0123291015625}