{"avg_branching_factor":254.6615243341604,"nb_eval":6,"nb_expanded":2013548,"nb_generated":512773203,"nb_guide":512773210,"nb_sols_created":0,"nb_trashed":6563,"nodes_generated_per_sec":569746.8125,"time_searched":900.0018920898438}