{"avg_branching_factor":230.82129977175387,"nb_eval":6,"nb_expanded":5084862,"nb_generated":1173694456,"nb_guide":1173694464,"nb_sols_created":0,"nb_trashed":35094,"nodes_generated_per_sec":1086748.875,"time_searched":1080.0052490234375}