{"avg_branching_factor":216.84781218308916,"nb_eval":12,"nb_expanded":2931621,"nb_generated":635715600,"nb_guide":635715601,"nb_sols_created":0,"nb_trashed":13111,"nodes_generated_per_sec":1765863.625,"time_searched":360.0026550292969}