{"avg_branching_factor":401.9130921971828,"nb_eval":31,"nb_expanded":4583524,"nb_generated":1842178304,"nb_guide":1842178286,"nb_sols_created":0,"nb_trashed":4134,"nodes_generated_per_sec":974695.625,"time_searched":1890.003662109375}