{"avg_branching_factor":168.91023431583443,"nb_eval":14,"nb_expanded":2912906,"nb_generated":492019635,"nb_guide":492019635,"nb_sols_created":0,"nb_trashed":21517,"nodes_generated_per_sec":1822262.875,"time_searched":270.0047607421875}