{"avg_branching_factor":100.98046759125317,"nb_eval":29,"nb_expanded":3276708,"nb_generated":330883506,"nb_guide":330883492,"nb_sols_created":0,"nb_trashed":19045,"nodes_generated_per_sec":1838045.875,"time_searched":180.01918029785156}