{"avg_branching_factor":58.30483468357338,"nb_eval":8,"nb_expanded":3987686,"nb_generated":232501373,"nb_guide":232501381,"nb_sols_created":0,"nb_trashed":98582,"nodes_generated_per_sec":1291504.375,"time_searched":180.023681640625}