{"avg_branching_factor":265.5269629732499,"nb_eval":15,"nb_expanded":4378078,"nb_generated":1162497755,"nb_guide":1162497754,"nb_sols_created":0,"nb_trashed":8359,"nodes_generated_per_sec":1291651.875,"time_searched":900.0086059570312}