{"avg_branching_factor":465.4633162188864,"nb_eval":25,"nb_expanded":4257222,"nb_generated":1981580670,"nb_guide":1981580658,"nb_sols_created":0,"nb_trashed":4670,"nodes_generated_per_sec":917396.8125,"time_searched":2160.00390625}