{"avg_branching_factor":165.99254303195534,"nb_eval":12,"nb_expanded":2030584,"nb_generated":337061802,"nb_guide":337061803,"nb_sols_created":0,"nb_trashed":5712,"nodes_generated_per_sec":624183.875,"time_searched":540.0040283203125}