{"avg_branching_factor":460.968179885434,"nb_eval":14,"nb_expanded":2591694,"nb_generated":1194688466,"nb_guide":1194688464,"nb_sols_created":0,"nb_trashed":6245,"nodes_generated_per_sec":1659287.25,"time_searched":720.0010375976562}