{"avg_branching_factor":168.8185844334362,"nb_eval":29,"nb_expanded":2891775,"nb_generated":488185362,"nb_guide":488185347,"nb_sols_created":0,"nb_trashed":8572,"nodes_generated_per_sec":1808041.5,"time_searched":270.0078430175781}