{"avg_branching_factor":169.4791943346995,"nb_eval":20,"nb_expanded":4074347,"nb_generated":690517047,"nb_guide":690517041,"nb_sols_created":0,"nb_trashed":8449,"nodes_generated_per_sec":1278715.5,"time_searched":540.0083618164062}