{"avg_branching_factor":214.52018745908336,"nb_eval":4,"nb_expanded":2957232,"nb_generated":634385963,"nb_guide":634385972,"nb_sols_created":0,"nb_trashed":11351,"nodes_generated_per_sec":1762174.375,"time_searched":360.0018310546875}