{"avg_branching_factor":219.929617305359,"nb_eval":22,"nb_expanded":2880495,"nb_generated":633506163,"nb_guide":633506154,"nb_sols_created":0,"nb_trashed":4085,"nodes_generated_per_sec":1759727.75,"time_searched":360.00238037109375}