{"avg_branching_factor":115.49090327306749,"nb_eval":18,"nb_expanded":1231322,"nb_generated":142206490,"nb_guide":142206485,"nb_sols_created":0,"nb_trashed":8837,"nodes_generated_per_sec":790015.1875,"time_searched":180.0047607421875}