{"avg_branching_factor":162.51600749662228,"nb_eval":6,"nb_expanded":1865907,"nb_generated":303239756,"nb_guide":303239763,"nb_sols_created":0,"nb_trashed":32562,"nodes_generated_per_sec":561552.375,"time_searched":540.0026245117188}