{"avg_branching_factor":221.29715664826125,"nb_eval":2,"nb_expanded":2839923,"nb_generated":628466885,"nb_guide":628466896,"nb_sols_created":0,"nb_trashed":11162,"nodes_generated_per_sec":1745726.875,"time_searched":360.00299072265625}