{"avg_branching_factor":55.75758543739234,"nb_eval":28,"nb_expanded":1787537,"nb_generated":99668747,"nb_guide":99668734,"nb_sols_created":0,"nb_trashed":37700,"nodes_generated_per_sec":553624.125,"time_searched":180.02963256835938}