{"avg_branching_factor":274.3325719029754,"nb_eval":2,"nb_expanded":2864346,"nb_generated":785783405,"nb_guide":785783416,"nb_sols_created":0,"nb_trashed":17940,"nodes_generated_per_sec":415757.78125,"time_searched":1890.0029296875}