{"avg_branching_factor":233.36341381435471,"nb_eval":12,"nb_expanded":4325906,"nb_generated":1009508192,"nb_guide":1009508194,"nb_sols_created":0,"nb_trashed":15411,"nodes_generated_per_sec":1402083.25,"time_searched":720.0059204101562}