{"avg_branching_factor":409.7227161100924,"nb_eval":16,"nb_expanded":2025426,"nb_generated":829863042,"nb_guide":829863038,"nb_sols_created":0,"nb_trashed":2040,"nodes_generated_per_sec":658620.8125,"time_searched":1260.001220703125}