{"avg_branching_factor":344.97395789509756,"nb_eval":9,"nb_expanded":3910091,"nb_generated":1348879568,"nb_guide":1348879572,"nb_sols_created":0,"nb_trashed":4086,"nodes_generated_per_sec":1248975.0,"time_searched":1079.9892578125}