{"avg_branching_factor":168.636113938895,"nb_eval":18,"nb_expanded":2895868,"nb_generated":488347926,"nb_guide":488347922,"nb_sols_created":0,"nb_trashed":8174,"nodes_generated_per_sec":1808725.875,"time_searched":269.99554443359375}