{"avg_branching_factor":285.6289921795082,"nb_eval":9,"nb_expanded":5007102,"nb_generated":1430173498,"nb_guide":1430173503,"nb_sols_created":0,"nb_trashed":8184,"nodes_generated_per_sec":1059379.75,"time_searched":1350.0101318359375}