{"avg_branching_factor":52.073385900097904,"nb_eval":29,"nb_expanded":3011028,"nb_generated":156794423,"nb_guide":156794409,"nb_sols_created":0,"nb_trashed":18875,"nodes_generated_per_sec":1741739.5,"time_searched":90.02173614501953}