{"avg_branching_factor":278.031737885966,"nb_eval":13,"nb_expanded":2389006,"nb_generated":664219490,"nb_guide":664219490,"nb_sols_created":0,"nb_trashed":4125,"nodes_generated_per_sec":492012.78125,"time_searched":1350.004638671875}