{"avg_branching_factor":312.8962978651685,"nb_eval":11,"nb_expanded":2450451,"nb_generated":766737046,"nb_guide":766737048,"nb_sols_created":0,"nb_trashed":7249,"nodes_generated_per_sec":473293.1875,"time_searched":1620.00439453125}