{"avg_branching_factor":386.1578966636272,"nb_eval":9,"nb_expanded":2075997,"nb_generated":801662635,"nb_guide":801662638,"nb_sols_created":0,"nb_trashed":25862,"nodes_generated_per_sec":556709.8125,"time_searched":1440.0009765625}