{"avg_branching_factor":522.2433703085709,"nb_eval":7,"nb_expanded":1702040,"nb_generated":888879106,"nb_guide":888879111,"nb_sols_created":0,"nb_trashed":7115,"nodes_generated_per_sec":617276.9375,"time_searched":1440.00048828125}