{"avg_branching_factor":283.2444614729533,"nb_eval":4,"nb_expanded":1218871,"nb_generated":345238460,"nb_guide":345238468,"nb_sols_created":0,"nb_trashed":11200,"nodes_generated_per_sec":767194.375,"time_searched":450.0013122558594}