{"avg_branching_factor":109.52520800138653,"nb_eval":12,"nb_expanded":2388686,"nb_generated":261621331,"nb_guide":261621333,"nb_sols_created":0,"nb_trashed":22187,"nodes_generated_per_sec":484475.0625,"time_searched":540.0098876953125}