{"avg_branching_factor":226.62630420315455,"nb_eval":14,"nb_expanded":1834741,"nb_generated":415800572,"nb_guide":415800571,"nb_sols_created":0,"nb_trashed":6113,"nodes_generated_per_sec":577497.6875,"time_searched":720.0038452148438}