{"avg_branching_factor":407.4188119797379,"nb_eval":10,"nb_expanded":2230366,"nb_generated":908693066,"nb_guide":908693068,"nb_sols_created":0,"nb_trashed":6552,"nodes_generated_per_sec":420691.03125,"time_searched":2160.0009765625}