{"avg_branching_factor":346.7176995682536,"nb_eval":6,"nb_expanded":3833037,"nb_generated":1328981771,"nb_guide":1328981778,"nb_sols_created":0,"nb_trashed":4092,"nodes_generated_per_sec":1230626.25,"time_searched":1079.923095703125}