{"avg_branching_factor":113.3505214012831,"nb_eval":24,"nb_expanded":2003735,"nb_generated":227124407,"nb_guide":227124397,"nb_sols_created":0,"nb_trashed":9090,"nodes_generated_per_sec":630885.1875,"time_searched":360.00909423828125}