{"avg_branching_factor":115.40039673209309,"nb_eval":38,"nb_expanded":4159482,"nb_generated":480005873,"nb_guide":480005850,"nb_sols_created":0,"nb_trashed":21695,"nodes_generated_per_sec":1333254.25,"time_searched":360.0257568359375}