{"avg_branching_factor":332.82711865972703,"nb_eval":38,"nb_expanded":2814173,"nb_generated":936633091,"nb_guide":936633066,"nb_sols_created":0,"nb_trashed":4694,"nodes_generated_per_sec":1734498.625,"time_searched":540.002197265625}