{"avg_branching_factor":308.3140877063542,"nb_eval":19,"nb_expanded":2375951,"nb_generated":732539165,"nb_guide":732539158,"nb_sols_created":0,"nb_trashed":5718,"nodes_generated_per_sec":452184.34375,"time_searched":1620.0010986328125}