{"avg_branching_factor":465.96176695997997,"nb_eval":12,"nb_expanded":2124236,"nb_generated":989812760,"nb_guide":989812760,"nb_sols_created":0,"nb_trashed":19498,"nodes_generated_per_sec":458246.125,"time_searched":2160.00244140625}