{"avg_branching_factor":222.91155001403516,"nb_eval":11,"nb_expanded":2426049,"nb_generated":540794343,"nb_guide":540794345,"nb_sols_created":0,"nb_trashed":7386,"nodes_generated_per_sec":500734.125,"time_searched":1080.0030517578125}