{"avg_branching_factor":199.83885155829668,"nb_eval":12,"nb_expanded":2146735,"nb_generated":429001057,"nb_guide":429001058,"nb_sols_created":0,"nb_trashed":33859,"nodes_generated_per_sec":595833.0,"time_searched":720.002197265625}