{"avg_branching_factor":227.70006694689246,"nb_eval":11,"nb_expanded":2369042,"nb_generated":539431022,"nb_guide":539431024,"nb_sols_created":0,"nb_trashed":10845,"nodes_generated_per_sec":499470.96875,"time_searched":1080.0047607421875}