{"avg_branching_factor":188.33241572883844,"nb_eval":13,"nb_expanded":1536973,"nb_generated":289461838,"nb_guide":289461838,"nb_sols_created":0,"nb_trashed":9467,"nodes_generated_per_sec":536036.1875,"time_searched":540.0042724609375}