{"avg_branching_factor":136.0203360273222,"nb_eval":5,"nb_expanded":1407207,"nb_generated":191408769,"nb_guide":191408777,"nb_sols_created":0,"nb_trashed":120847,"nodes_generated_per_sec":708912.0,"time_searched":270.0035705566406}