{"avg_branching_factor":115.40001618746061,"nb_eval":24,"nb_expanded":2038615,"nb_generated":235256204,"nb_guide":235256194,"nb_sols_created":0,"nb_trashed":11224,"nodes_generated_per_sec":435649.84375,"time_searched":540.0121459960938}