{"avg_branching_factor":115.65534963787782,"nb_eval":31,"nb_expanded":4191265,"nb_generated":484742219,"nb_guide":484742203,"nb_sols_created":0,"nb_trashed":18275,"nodes_generated_per_sec":1346413.75,"time_searched":360.0246887207031}