{"avg_branching_factor":56.30432839125196,"nb_eval":18,"nb_expanded":1183442,"nb_generated":66632907,"nb_guide":66632903,"nb_sols_created":0,"nb_trashed":20731,"nodes_generated_per_sec":740310.25,"time_searched":90.0067367553711}