{"avg_branching_factor":50.19105790299805,"nb_eval":15,"nb_expanded":1650709,"nb_generated":82850831,"nb_guide":82850831,"nb_sols_created":0,"nb_trashed":28749,"nodes_generated_per_sec":920451.25,"time_searched":90.01110076904297}