{"avg_branching_factor":52.88339081246465,"nb_eval":16,"nb_expanded":2929469,"nb_generated":154920254,"nb_guide":154920253,"nb_sols_created":0,"nb_trashed":27998,"nodes_generated_per_sec":1721113.875,"time_searched":90.01162719726562}