{"avg_branching_factor":115.04315444031698,"nb_eval":19,"nb_expanded":2494135,"nb_generated":286933158,"nb_guide":286933153,"nb_sols_created":0,"nb_trashed":11661,"nodes_generated_per_sec":531346.9375,"time_searched":540.0109252929688}