{"avg_branching_factor":168.4940138577485,"nb_eval":17,"nb_expanded":4127366,"nb_generated":695436464,"nb_guide":695436461,"nb_sols_created":0,"nb_trashed":8174,"nodes_generated_per_sec":1287818.75,"time_searched":540.0111694335938}