{"avg_branching_factor":483.17657097114386,"nb_eval":7,"nb_expanded":1857593,"nb_generated":897545416,"nb_guide":897545421,"nb_sols_created":0,"nb_trashed":4406,"nodes_generated_per_sec":415529.90625,"time_searched":2160.001953125}