{"avg_branching_factor":234.66344586957806,"nb_eval":30,"nb_expanded":4574230,"nb_generated":1073404574,"nb_guide":1073404558,"nb_sols_created":0,"nb_trashed":11278,"nodes_generated_per_sec":993882.875,"time_searched":1080.0111083984375}