{"avg_branching_factor":483.3723528536499,"nb_eval":12,"nb_expanded":1989312,"nb_generated":961578422,"nb_guide":961578422,"nb_sols_created":0,"nb_trashed":4243,"nodes_generated_per_sec":445174.90625,"time_searched":2160.00146484375}