{"avg_branching_factor":413.9109120207438,"nb_eval":9,"nb_expanded":1848072,"nb_generated":764937167,"nb_guide":764937170,"nb_sols_created":0,"nb_trashed":3154,"nodes_generated_per_sec":607092.125,"time_searched":1260.0018310546875}