{"avg_branching_factor":57.12249825151622,"nb_eval":18,"nb_expanded":4023486,"nb_generated":229831572,"nb_guide":229831570,"nb_sols_created":0,"nb_trashed":77705,"nodes_generated_per_sec":1276709.875,"time_searched":180.0186309814453}