{"avg_branching_factor":53.49214758126804,"nb_eval":30,"nb_expanded":2909231,"nb_generated":155621014,"nb_guide":155620999,"nb_sols_created":0,"nb_trashed":19299,"nodes_generated_per_sec":1728643.625,"time_searched":90.0249252319336}