{"avg_branching_factor":104.26434467753805,"nb_eval":5,"nb_expanded":1500208,"nb_generated":156418204,"nb_guide":156418211,"nb_sols_created":0,"nb_trashed":54757,"nodes_generated_per_sec":248282.453125,"time_searched":630.0010375976562}