{"avg_branching_factor":235.9866738212007,"nb_eval":16,"nb_expanded":2133845,"nb_generated":503558984,"nb_guide":503558981,"nb_sols_created":0,"nb_trashed":6323,"nodes_generated_per_sec":466256.3125,"time_searched":1080.004638671875}