{"avg_branching_factor":100.87150608806705,"nb_eval":21,"nb_expanded":3276163,"nb_generated":330471496,"nb_guide":330471490,"nb_sols_created":0,"nb_trashed":17423,"nodes_generated_per_sec":1835781.25,"time_searched":180.01681518554688}