{"avg_branching_factor":193.898321635333,"nb_eval":13,"nb_expanded":2170029,"nb_generated":420764981,"nb_guide":420764981,"nb_sols_created":0,"nb_trashed":28033,"nodes_generated_per_sec":467514.5625,"time_searched":900.0040283203125}