{"avg_branching_factor":207.02815933418336,"nb_eval":15,"nb_expanded":1908994,"nb_generated":395215514,"nb_guide":395215512,"nb_sols_created":0,"nb_trashed":6164,"nodes_generated_per_sec":548907.625,"time_searched":720.0037231445312}