{"avg_branching_factor":278.7943598132161,"nb_eval":36,"nb_expanded":4745162,"nb_generated":1322924402,"nb_guide":1322924380,"nb_sols_created":0,"nb_trashed":8155,"nodes_generated_per_sec":979935.5,"time_searched":1350.01171875}