{"avg_branching_factor":334.7037691473635,"nb_eval":3,"nb_expanded":2781584,"nb_generated":931006649,"nb_guide":931006659,"nb_sols_created":0,"nb_trashed":11974,"nodes_generated_per_sec":1724082.5,"time_searched":540.001220703125}