{"avg_branching_factor":101.81510014674214,"nb_eval":12,"nb_expanded":1259352,"nb_generated":128221050,"nb_guide":128221051,"nb_sols_created":0,"nb_trashed":15309,"nodes_generated_per_sec":712325.4375,"time_searched":180.0034637451172}