{"avg_branching_factor":56.792841630538504,"nb_eval":37,"nb_expanded":3965512,"nb_generated":225212695,"nb_guide":225212674,"nb_sols_created":0,"nb_trashed":37038,"nodes_generated_per_sec":1250818.875,"time_searched":180.0522003173828}