{"avg_branching_factor":229.47822271336898,"nb_eval":19,"nb_expanded":2039671,"nb_generated":468060076,"nb_guide":468060070,"nb_sols_created":0,"nb_trashed":4884,"nodes_generated_per_sec":433387.1875,"time_searched":1080.00439453125}