{"avg_branching_factor":260.28172512903984,"nb_eval":49,"nb_expanded":4268643,"nb_generated":1111049764,"nb_guide":1111049729,"nb_sols_created":0,"nb_trashed":8483,"nodes_generated_per_sec":1234486.25,"time_searched":900.0098266601562}