{"avg_branching_factor":274.8442205438263,"nb_eval":3,"nb_expanded":4464183,"nb_generated":1226954897,"nb_guide":1226954908,"nb_sols_created":0,"nb_trashed":21978,"nodes_generated_per_sec":1363276.75,"time_searched":900.0042724609375}