{"avg_branching_factor":131.08510235383676,"nb_eval":7,"nb_expanded":2122832,"nb_generated":278271650,"nb_guide":278271656,"nb_sols_created":0,"nb_trashed":46644,"nodes_generated_per_sec":515313.90625,"time_searched":540.004150390625}