{"avg_branching_factor":116.68484118966569,"nb_eval":22,"nb_expanded":2222305,"nb_generated":259309306,"nb_guide":259309298,"nb_sols_created":0,"nb_trashed":9869,"nodes_generated_per_sec":480195.21875,"time_searched":540.0081176757812}