{"avg_branching_factor":353.9405618248796,"nb_eval":9,"nb_expanded":2501776,"nb_generated":885480003,"nb_guide":885480006,"nb_sols_created":0,"nb_trashed":7440,"nodes_generated_per_sec":468507.4375,"time_searched":1890.0020751953125}