{"avg_branching_factor":163.5951341814292,"nb_eval":16,"nb_expanded":5289182,"nb_generated":865284439,"nb_guide":865284438,"nb_sols_created":0,"nb_trashed":37459,"nodes_generated_per_sec":1068235.0,"time_searched":810.01318359375}