{"avg_branching_factor":359.3870765584326,"nb_eval":9,"nb_expanded":1318039,"nb_generated":473686183,"nb_guide":473686186,"nb_sols_created":0,"nb_trashed":6423,"nodes_generated_per_sec":657896.875,"time_searched":720.0006713867188}