{"avg_branching_factor":409.68254567025554,"nb_eval":18,"nb_expanded":2046518,"nb_generated":838422704,"nb_guide":838422698,"nb_sols_created":0,"nb_trashed":4589,"nodes_generated_per_sec":443609.46875,"time_searched":1890.0018310546875}