{"avg_branching_factor":226.3642266997217,"nb_eval":13,"nb_expanded":2318556,"nb_generated":524838136,"nb_guide":524838136,"nb_sols_created":0,"nb_trashed":9532,"nodes_generated_per_sec":485959.5,"time_searched":1080.00390625}