{"avg_branching_factor":56.886195213015355,"nb_eval":20,"nb_expanded":1960023,"nb_generated":111498251,"nb_guide":111498246,"nb_sols_created":0,"nb_trashed":24236,"nodes_generated_per_sec":619335.9375,"time_searched":180.02870178222656}