{"avg_branching_factor":414.59671298023125,"nb_eval":11,"nb_expanded":1286880,"nb_generated":533536218,"nb_guide":533536218,"nb_sols_created":0,"nb_trashed":1071,"nodes_generated_per_sec":741021.8125,"time_searched":720.0006713867188}