{"avg_branching_factor":316.50760274980684,"nb_eval":26,"nb_expanded":2609056,"nb_generated":825786060,"nb_guide":825786047,"nb_sols_created":0,"nb_trashed":4302,"nodes_generated_per_sec":509743.375,"time_searched":1620.0035400390625}