{"avg_branching_factor":325.11478222282574,"nb_eval":10,"nb_expanded":1649576,"nb_generated":536301542,"nb_guide":536301544,"nb_sols_created":0,"nb_trashed":2392,"nodes_generated_per_sec":744862.375,"time_searched":720.0008544921875}