{"avg_branching_factor":116.02585925275591,"nb_eval":17,"nb_expanded":4310024,"nb_generated":500074238,"nb_guide":500074236,"nb_sols_created":0,"nb_trashed":16366,"nodes_generated_per_sec":1389033.0,"time_searched":360.01611328125}