{"avg_branching_factor":160.07579874925918,"nb_eval":17,"nb_expanded":5271116,"nb_generated":843778104,"nb_guide":843778102,"nb_sols_created":0,"nb_trashed":17027,"nodes_generated_per_sec":1041665.1875,"time_searched":810.0281372070312}