{"avg_branching_factor":353.4093592056652,"nb_eval":15,"nb_expanded":5776003,"nb_generated":2041293519,"nb_guide":2041293518,"nb_sols_created":0,"nb_trashed":12383,"nodes_generated_per_sec":1080046.875,"time_searched":1890.004638671875}