{"avg_branching_factor":359.66649474836754,"nb_eval":14,"nb_expanded":2933564,"nb_generated":1055104681,"nb_guide":1055104680,"nb_sols_created":0,"nb_trashed":4082,"nodes_generated_per_sec":1674760.875,"time_searched":630.003173828125}