{"avg_branching_factor":409.50731476033377,"nb_eval":11,"nb_expanded":3982017,"nb_generated":1630665089,"nb_guide":1630665091,"nb_sols_created":0,"nb_trashed":4104,"nodes_generated_per_sec":1294175.75,"time_searched":1260.0028076171875}