{"avg_branching_factor":215.42209194436552,"nb_eval":11,"nb_expanded":1323496,"nb_generated":285110277,"nb_guide":285110278,"nb_sols_created":0,"nb_trashed":3426,"nodes_generated_per_sec":633576.1875,"time_searched":450.0015563964844}