{"avg_branching_factor":374.17138587988813,"nb_eval":9,"nb_expanded":2171725,"nb_generated":812597353,"nb_guide":812597356,"nb_sols_created":0,"nb_trashed":28547,"nodes_generated_per_sec":564303.5,"time_searched":1440.0006103515625}