{"avg_branching_factor":54.41632434237289,"nb_eval":17,"nb_expanded":1275837,"nb_generated":69426360,"nb_guide":69426357,"nb_sols_created":0,"nb_trashed":19474,"nodes_generated_per_sec":771345.1875,"time_searched":90.0068588256836}