{"avg_branching_factor":297.6141375300629,"nb_eval":5,"nb_expanded":1989994,"nb_generated":592250348,"nb_guide":592250355,"nb_sols_created":0,"nb_trashed":20442,"nodes_generated_per_sec":548379.25,"time_searched":1080.00146484375}