{"avg_branching_factor":114.95959821830677,"nb_eval":46,"nb_expanded":5107052,"nb_generated":587104646,"nb_guide":587104615,"nb_sols_created":0,"nb_trashed":17837,"nodes_generated_per_sec":1087195.125,"time_searched":540.0177001953125}