{"avg_branching_factor":362.58720248342945,"nb_eval":28,"nb_expanded":2973952,"nb_generated":1078316936,"nb_guide":1078316921,"nb_sols_created":0,"nb_trashed":4086,"nodes_generated_per_sec":1711608.75,"time_searched":630.0020141601562}