{"avg_branching_factor":115.99301607549594,"nb_eval":29,"nb_expanded":4186185,"nb_generated":485568224,"nb_guide":485568210,"nb_sols_created":0,"nb_trashed":18130,"nodes_generated_per_sec":1348729.375,"time_searched":360.0190124511719}