{"avg_branching_factor":458.68341507573524,"nb_eval":13,"nb_expanded":4060724,"nb_generated":1862586752,"nb_guide":1862586752,"nb_sols_created":0,"nb_trashed":4088,"nodes_generated_per_sec":1293461.375,"time_searched":1440.0018310546875}