{"avg_branching_factor":233.18715292669737,"nb_eval":11,"nb_expanded":4290160,"nb_generated":1000410196,"nb_guide":1000410199,"nb_sols_created":0,"nb_trashed":13221,"nodes_generated_per_sec":1389446.125,"time_searched":720.0064697265625}