{"avg_branching_factor":99.49887490519978,"nb_eval":33,"nb_expanded":3277946,"nb_generated":326151939,"nb_guide":326151921,"nb_sols_created":0,"nb_trashed":22222,"nodes_generated_per_sec":1811781.125,"time_searched":180.0172882080078}