{"avg_branching_factor":347.16366273523886,"nb_eval":16,"nb_expanded":3826430,"nb_generated":1328397454,"nb_guide":1328397451,"nb_sols_created":0,"nb_trashed":4081,"nodes_generated_per_sec":1230012.375,"time_searched":1079.987060546875}