{"avg_branching_factor":100.81410015648022,"nb_eval":15,"nb_expanded":3282843,"nb_generated":330956863,"nb_guide":330956863,"nb_sols_created":0,"nb_trashed":17024,"nodes_generated_per_sec":1838503.875,"time_searched":180.0142364501953}