{"avg_branching_factor":226.68584729694655,"nb_eval":13,"nb_expanded":1818536,"nb_generated":412236374,"nb_guide":412236374,"nb_sols_created":0,"nb_trashed":6807,"nodes_generated_per_sec":572548.125,"time_searched":720.0029907226562}