{"avg_branching_factor":115.39971144766254,"nb_eval":51,"nb_expanded":4182950,"nb_generated":482711223,"nb_guide":482711187,"nb_sols_created":0,"nb_trashed":18790,"nodes_generated_per_sec":1340778.125,"time_searched":360.023193359375}