{"avg_branching_factor":57.7440925274304,"nb_eval":25,"nb_expanded":4857111,"nb_generated":280469467,"nb_guide":280469458,"nb_sols_created":0,"nb_trashed":44916,"nodes_generated_per_sec":1038565.375,"time_searched":270.0547180175781}