{"avg_branching_factor":159.55375178373802,"nb_eval":35,"nb_expanded":5245305,"nb_generated":836908092,"nb_guide":836908072,"nb_sols_created":0,"nb_trashed":19802,"nodes_generated_per_sec":1033189.4375,"time_searched":810.0238647460938}