{"avg_branching_factor":139.1233667741226,"nb_eval":8,"nb_expanded":1472852,"nb_generated":204908129,"nb_guide":204908134,"nb_sols_created":0,"nb_trashed":101175,"nodes_generated_per_sec":758912.5,"time_searched":270.0023193359375}