{"avg_branching_factor":462.4518551735632,"nb_eval":26,"nb_expanded":4170095,"nb_generated":1928468169,"nb_guide":1928468156,"nb_sols_created":0,"nb_trashed":4147,"nodes_generated_per_sec":892808.125,"time_searched":2160.0029296875}