{"avg_branching_factor":57.419486805001405,"nb_eval":26,"nb_expanded":4075332,"nb_generated":234003472,"nb_guide":234003462,"nb_sols_created":0,"nb_trashed":55247,"nodes_generated_per_sec":1299856.375,"time_searched":180.02256774902344}