{"avg_branching_factor":433.3107773522081,"nb_eval":8,"nb_expanded":1828399,"nb_generated":792264992,"nb_guide":792264996,"nb_sols_created":0,"nb_trashed":4502,"nodes_generated_per_sec":419187.46875,"time_searched":1890.0015869140625}