{"avg_branching_factor":289.2520496268937,"nb_eval":17,"nb_expanded":2675243,"nb_generated":773819521,"nb_guide":773819517,"nb_sols_created":0,"nb_trashed":4785,"nodes_generated_per_sec":1719590.75,"time_searched":450.00213623046875}