{"avg_branching_factor":208.14215217775939,"nb_eval":12,"nb_expanded":2588578,"nb_generated":538792196,"nb_guide":538792197,"nb_sols_created":0,"nb_trashed":34562,"nodes_generated_per_sec":498879.90625,"time_searched":1080.0037841796875}