{"avg_branching_factor":468.0205484400911,"nb_eval":15,"nb_expanded":4525745,"nb_generated":2118141657,"nb_guide":2118141655,"nb_sols_created":0,"nb_trashed":4083,"nodes_generated_per_sec":980619.25,"time_searched":2160.004150390625}