{"avg_branching_factor":210.76636199597272,"nb_eval":22,"nb_expanded":3068559,"nb_generated":646749017,"nb_guide":646749008,"nb_sols_created":0,"nb_trashed":4159,"nodes_generated_per_sec":1796515.875,"time_searched":360.0018310546875}