{"avg_branching_factor":321.61306558210475,"nb_eval":9,"nb_expanded":1298220,"nb_generated":417524514,"nb_guide":417524517,"nb_sols_created":0,"nb_trashed":11834,"nodes_generated_per_sec":773192.5,"time_searched":540.000732421875}