{"avg_branching_factor":366.5422553062501,"nb_eval":9,"nb_expanded":1692391,"nb_generated":620332814,"nb_guide":620332817,"nb_sols_created":0,"nb_trashed":5015,"nodes_generated_per_sec":574381.1875,"time_searched":1080.001953125}