{"avg_branching_factor":410.1810911334918,"nb_eval":13,"nb_expanded":4112769,"nb_generated":1686980076,"nb_guide":1686980076,"nb_sols_created":0,"nb_trashed":5876,"nodes_generated_per_sec":1338871.25,"time_searched":1260.001708984375}