{"avg_branching_factor":233.67662165632794,"nb_eval":51,"nb_expanded":4543919,"nb_generated":1061807641,"nb_guide":1061807604,"nb_sols_created":0,"nb_trashed":8511,"nodes_generated_per_sec":983144.4375,"time_searched":1080.0118408203125}