{"avg_branching_factor":57.76194152796366,"nb_eval":5,"nb_expanded":3978825,"nb_generated":229824657,"nb_guide":229824668,"nb_sols_created":0,"nb_trashed":81941,"nodes_generated_per_sec":1276596.25,"time_searched":180.02923583984375}