{"avg_branching_factor":233.77036438087248,"nb_eval":7,"nb_expanded":2312690,"nb_generated":540638384,"nb_guide":540638390,"nb_sols_created":0,"nb_trashed":105291,"nodes_generated_per_sec":600707.9375,"time_searched":900.0020751953125}