{"avg_branching_factor":359.84791254673394,"nb_eval":16,"nb_expanded":2952617,"nb_generated":1062493064,"nb_guide":1062493061,"nb_sols_created":0,"nb_trashed":8654,"nodes_generated_per_sec":1686492.875,"time_searched":630.0015258789062}