{"avg_branching_factor":234.4798676329578,"nb_eval":12,"nb_expanded":2048244,"nb_generated":480271982,"nb_guide":480271983,"nb_sols_created":0,"nb_trashed":5825,"nodes_generated_per_sec":444694.0,"time_searched":1080.0054931640625}