{"avg_branching_factor":452.9794963308347,"nb_eval":10,"nb_expanded":2221895,"nb_generated":1006472878,"nb_guide":1006472880,"nb_sols_created":0,"nb_trashed":8937,"nodes_generated_per_sec":465959.3125,"time_searched":2160.001708984375}