{"avg_branching_factor":486.197471181343,"nb_eval":14,"nb_expanded":1960362,"nb_generated":953123047,"nb_guide":953123045,"nb_sols_created":0,"nb_trashed":4322,"nodes_generated_per_sec":441260.1875,"time_searched":2160.00244140625}