{"avg_branching_factor":216.76060869776478,"nb_eval":4,"nb_expanded":1605263,"nb_generated":347957785,"nb_guide":347957793,"nb_sols_created":0,"nb_trashed":92150,"nodes_generated_per_sec":552313.1875,"time_searched":630.0008544921875}