{"avg_branching_factor":229.7547224379258,"nb_eval":17,"nb_expanded":5214203,"nb_generated":1197987763,"nb_guide":1197987760,"nb_sols_created":0,"nb_trashed":13734,"nodes_generated_per_sec":1109238.625,"time_searched":1080.009033203125}