{"avg_branching_factor":57.55483788001147,"nb_eval":44,"nb_expanded":4696799,"nb_generated":270323505,"nb_guide":270323477,"nb_sols_created":0,"nb_trashed":43235,"nodes_generated_per_sec":1000970.5625,"time_searched":270.0614013671875}