{"avg_branching_factor":326.63543697204466,"nb_eval":7,"nb_expanded":5381374,"nb_generated":1757747448,"nb_guide":1757747455,"nb_sols_created":0,"nb_trashed":18642,"nodes_generated_per_sec":1085025.25,"time_searched":1620.0059814453125}