{"avg_branching_factor":202.51736890812535,"nb_eval":5,"nb_expanded":1755925,"nb_generated":355605311,"nb_guide":355605318,"nb_sols_created":0,"nb_trashed":185098,"nodes_generated_per_sec":493895.5625,"time_searched":720.0010375976562}