{"avg_branching_factor":425.0365628480784,"nb_eval":9,"nb_expanded":1941014,"nb_generated":825001919,"nb_guide":825001922,"nb_sols_created":0,"nb_trashed":4011,"nodes_generated_per_sec":436508.59375,"time_searched":1890.0015869140625}