{"avg_branching_factor":53.461782222937636,"nb_eval":18,"nb_expanded":2913631,"nb_generated":155767906,"nb_guide":155767903,"nb_sols_created":0,"nb_trashed":19362,"nodes_generated_per_sec":1730428.125,"time_searched":90.01697540283203}