{"avg_branching_factor":264.7968753228698,"nb_eval":12,"nb_expanded":2419706,"nb_generated":640730588,"nb_guide":640730589,"nb_sols_created":0,"nb_trashed":9423,"nodes_generated_per_sec":474613.25,"time_searched":1350.005615234375}