{"avg_branching_factor":107.09945718315774,"nb_eval":11,"nb_expanded":1519297,"nb_generated":162715884,"nb_guide":162715885,"nb_sols_created":0,"nb_trashed":7858,"nodes_generated_per_sec":361590.15625,"time_searched":450.0008850097656}