{"avg_branching_factor":364.91248506661174,"nb_eval":32,"nb_expanded":2984085,"nb_generated":1088929873,"nb_guide":1088929854,"nb_sols_created":0,"nb_trashed":4257,"nodes_generated_per_sec":1728452.625,"time_searched":630.0027465820312}