{"avg_branching_factor":148.45593876026885,"nb_eval":10,"nb_expanded":1339000,"nb_generated":198782502,"nb_guide":198782505,"nb_sols_created":0,"nb_trashed":12813,"nodes_generated_per_sec":736224.125,"time_searched":270.002685546875}