{"avg_branching_factor":499.4300059545016,"nb_eval":12,"nb_expanded":1605508,"nb_generated":801838870,"nb_guide":801838870,"nb_sols_created":0,"nb_trashed":6194,"nodes_generated_per_sec":556831.875,"time_searched":1440.001708984375}