{"avg_branching_factor":332.0501987194546,"nb_eval":15,"nb_expanded":2805211,"nb_generated":931470870,"nb_guide":931470868,"nb_sols_created":0,"nb_trashed":4080,"nodes_generated_per_sec":1725004.875,"time_searched":539.9815673828125}