{"avg_branching_factor":364.4542184486639,"nb_eval":11,"nb_expanded":1311347,"nb_generated":477925946,"nb_guide":477925946,"nb_sols_created":0,"nb_trashed":1591,"nodes_generated_per_sec":663785.625,"time_searched":720.00048828125}