{"avg_branching_factor":257.8505282400271,"nb_eval":21,"nb_expanded":2087498,"nb_generated":538262462,"nb_guide":538262454,"nb_sols_created":0,"nb_trashed":4776,"nodes_generated_per_sec":598066.75,"time_searched":900.0039672851562}