{"avg_branching_factor":269.0550395825702,"nb_eval":5,"nb_expanded":1337710,"nb_generated":359917617,"nb_guide":359917624,"nb_sols_created":0,"nb_trashed":52397,"nodes_generated_per_sec":799814.6875,"time_searched":450.00128173828125}