{"avg_branching_factor":159.43275142521975,"nb_eval":62,"nb_expanded":5262171,"nb_generated":838962401,"nb_guide":838962354,"nb_sols_created":0,"nb_trashed":17473,"nodes_generated_per_sec":1035719.625,"time_searched":810.0285034179688}