{"avg_branching_factor":465.23427656100864,"nb_eval":14,"nb_expanded":5037384,"nb_generated":2343563701,"nb_guide":2343563700,"nb_sols_created":0,"nb_trashed":13614,"nodes_generated_per_sec":1084981.25,"time_searched":2160.00390625}