{"avg_branching_factor":462.25769018259183,"nb_eval":7,"nb_expanded":1549248,"nb_generated":716151802,"nb_guide":716151807,"nb_sols_created":0,"nb_trashed":6976,"nodes_generated_per_sec":568373.625,"time_searched":1260.0018310546875}