{"avg_branching_factor":266.564986890109,"nb_eval":24,"nb_expanded":2205968,"nb_generated":588033831,"nb_guide":588033820,"nb_sols_created":0,"nb_trashed":4091,"nodes_generated_per_sec":653367.4375,"time_searched":900.0048828125}