{"avg_branching_factor":56.607343806743415,"nb_eval":18,"nb_expanded":1272174,"nb_generated":72014391,"nb_guide":72014387,"nb_sols_created":0,"nb_trashed":14413,"nodes_generated_per_sec":800107.4375,"time_searched":90.00590515136719}