{"avg_branching_factor":171.61495206992862,"nb_eval":36,"nb_expanded":3938759,"nb_generated":675949937,"nb_guide":675949915,"nb_sols_created":0,"nb_trashed":8359,"nodes_generated_per_sec":1251731.5,"time_searched":540.011962890625}