{"avg_branching_factor":219.6682639505214,"nb_eval":23,"nb_expanded":2884480,"nb_generated":633628714,"nb_guide":633628704,"nb_sols_created":0,"nb_trashed":4072,"nodes_generated_per_sec":1760071.375,"time_searched":360.0017395019531}