{"avg_branching_factor":358.2639743435761,"nb_eval":12,"nb_expanded":2930728,"nb_generated":1049974261,"nb_guide":1049974262,"nb_sols_created":0,"nb_trashed":9634,"nodes_generated_per_sec":1666621.125,"time_searched":630.0017700195312}