{"avg_branching_factor":115.90067790062518,"nb_eval":17,"nb_expanded":2371144,"nb_generated":274817197,"nb_guide":274817194,"nb_sols_created":0,"nb_trashed":8607,"nodes_generated_per_sec":508908.40625,"time_searched":540.0130615234375}