{"avg_branching_factor":57.97493735178378,"nb_eval":19,"nb_expanded":2082262,"nb_generated":120719009,"nb_guide":120719005,"nb_sols_created":0,"nb_trashed":22590,"nodes_generated_per_sec":447077.96875,"time_searched":270.0177917480469}