{"avg_branching_factor":47.05772304450043,"nb_eval":6,"nb_expanded":1355178,"nb_generated":63771591,"nb_guide":63771599,"nb_sols_created":0,"nb_trashed":124560,"nodes_generated_per_sec":236184.5625,"time_searched":270.0074462890625}