{"avg_branching_factor":467.7124520301138,"nb_eval":26,"nb_expanded":4389212,"nb_generated":2052889107,"nb_guide":2052889094,"nb_sols_created":0,"nb_trashed":4827,"nodes_generated_per_sec":950408.8125,"time_searched":2160.00634765625}