{"avg_branching_factor":103.05331931862109,"nb_eval":11,"nb_expanded":3122433,"nb_generated":321777085,"nb_guide":321777088,"nb_sols_created":0,"nb_trashed":16806,"nodes_generated_per_sec":1787612.125,"time_searched":180.0038604736328}