{"avg_branching_factor":401.6740496573777,"nb_eval":33,"nb_expanded":4593396,"nb_generated":1845047973,"nb_guide":1845047953,"nb_sols_created":0,"nb_trashed":4549,"nodes_generated_per_sec":976213.375,"time_searched":1890.0047607421875}