{"avg_branching_factor":326.3615789277583,"nb_eval":14,"nb_expanded":5394623,"nb_generated":1760597680,"nb_guide":1760597680,"nb_sols_created":0,"nb_trashed":34082,"nodes_generated_per_sec":1086784.875,"time_searched":1620.005615234375}