{"avg_branching_factor":99.81042498362416,"nb_eval":14,"nb_expanded":3196782,"nb_generated":319072170,"nb_guide":319072171,"nb_sols_created":0,"nb_trashed":35292,"nodes_generated_per_sec":1772517.0,"time_searched":180.01077270507812}