{"avg_branching_factor":205.22438913202703,"nb_eval":9,"nb_expanded":1377589,"nb_generated":282714861,"nb_guide":282714864,"nb_sols_created":0,"nb_trashed":10191,"nodes_generated_per_sec":533824.6875,"time_searched":529.6024169921875}