{"avg_branching_factor":316.4897407386288,"nb_eval":7,"nb_expanded":1473108,"nb_generated":466223569,"nb_guide":466223574,"nb_sols_created":0,"nb_trashed":15624,"nodes_generated_per_sec":740036.625,"time_searched":630.0006713867188}