{"avg_branching_factor":117.0848559786291,"nb_eval":16,"nb_expanded":2066360,"nb_generated":241939463,"nb_guide":241939461,"nb_sols_created":0,"nb_trashed":12666,"nodes_generated_per_sec":448024.46875,"time_searched":540.013916015625}