{"avg_branching_factor":456.6255293584484,"nb_eval":19,"nb_expanded":2676589,"nb_generated":1222198869,"nb_guide":1222198862,"nb_sols_created":0,"nb_trashed":2188,"nodes_generated_per_sec":1697497.0,"time_searched":720.0006103515625}