{"avg_branching_factor":169.2956858130656,"nb_eval":5,"nb_expanded":2845287,"nb_generated":481694814,"nb_guide":481694823,"nb_sols_created":0,"nb_trashed":16837,"nodes_generated_per_sec":1784022.0,"time_searched":270.0049743652344}