{"avg_branching_factor":57.32195889717236,"nb_eval":17,"nb_expanded":4024346,"nb_generated":230683396,"nb_guide":230683395,"nb_sols_created":0,"nb_trashed":66598,"nodes_generated_per_sec":1281429.0,"time_searched":180.02041625976562}