{"avg_branching_factor":299.05264824254226,"nb_eval":9,"nb_expanded":2662596,"nb_generated":796256385,"nb_guide":796256389,"nb_sols_created":0,"nb_trashed":12677,"nodes_generated_per_sec":491514.71875,"time_searched":1620.005126953125}