{"avg_branching_factor":155.36573343208272,"nb_eval":9,"nb_expanded":1262455,"nb_generated":196142247,"nb_guide":196142251,"nb_sols_created":0,"nb_trashed":17364,"nodes_generated_per_sec":726444.875,"time_searched":270.0029296875}