{"avg_branching_factor":219.12219469191083,"nb_eval":12,"nb_expanded":2882883,"nb_generated":631703650,"nb_guide":631703651,"nb_sols_created":0,"nb_trashed":13111,"nodes_generated_per_sec":1754719.625,"time_searched":360.00262451171875}