{"avg_branching_factor":57.19984177493707,"nb_eval":34,"nb_expanded":2045188,"nb_generated":116984430,"nb_guide":116984411,"nb_sols_created":0,"nb_trashed":20165,"nodes_generated_per_sec":649839.8125,"time_searched":180.02041625976562}