{"avg_branching_factor":57.20622753723119,"nb_eval":50,"nb_expanded":2089847,"nb_generated":119552263,"nb_guide":119552228,"nb_sols_created":0,"nb_trashed":16987,"nodes_generated_per_sec":664122.75,"time_searched":180.0153045654297}