{"avg_branching_factor":48.25829127355109,"nb_eval":14,"nb_expanded":1673808,"nb_generated":80775114,"nb_guide":80775115,"nb_sols_created":0,"nb_trashed":22865,"nodes_generated_per_sec":897393.25,"time_searched":90.01083374023438}