{"avg_branching_factor":162.37135982378564,"nb_eval":8,"nb_expanded":5351664,"nb_generated":868956961,"nb_guide":868956968,"nb_sols_created":0,"nb_trashed":59127,"nodes_generated_per_sec":1072764.5,"time_searched":810.0165405273438}