{"avg_branching_factor":51.82978601100996,"nb_eval":6,"nb_expanded":2922627,"nb_generated":151479132,"nb_guide":151479141,"nb_sols_created":0,"nb_trashed":58685,"nodes_generated_per_sec":1682916.0,"time_searched":90.00991821289062}