{"avg_branching_factor":464.80358872904446,"nb_eval":15,"nb_expanded":4986445,"nb_generated":2317717531,"nb_guide":2317717529,"nb_sols_created":0,"nb_trashed":10054,"nodes_generated_per_sec":1073015.375,"time_searched":2160.00390625}