{"avg_branching_factor":182.32815202196062,"nb_eval":11,"nb_expanded":1593033,"nb_generated":290454763,"nb_guide":290454765,"nb_sols_created":0,"nb_trashed":8552,"nodes_generated_per_sec":537873.6875,"time_searched":540.0054931640625}