{"avg_branching_factor":401.17884720738965,"nb_eval":35,"nb_expanded":4614464,"nb_generated":1851225348,"nb_guide":1851225326,"nb_sols_created":0,"nb_trashed":4207,"nodes_generated_per_sec":979482.75,"time_searched":1890.0030517578125}