{"avg_branching_factor":369.6722472107969,"nb_eval":7,"nb_expanded":1715006,"nb_generated":633990122,"nb_guide":633990127,"nb_sols_created":0,"nb_trashed":4806,"nodes_generated_per_sec":587026.375,"time_searched":1080.0028076171875}