{"avg_branching_factor":360.96460920878764,"nb_eval":9,"nb_expanded":2957436,"nb_generated":1067529730,"nb_guide":1067529734,"nb_sols_created":0,"nb_trashed":4086,"nodes_generated_per_sec":1694487.25,"time_searched":630.0016479492188}