{"avg_branching_factor":453.93432132227366,"nb_eval":49,"nb_expanded":3944781,"nb_generated":1790671486,"nb_guide":1790671450,"nb_sols_created":0,"nb_trashed":4046,"nodes_generated_per_sec":1243519.125,"time_searched":1440.003173828125}