{"avg_branching_factor":222.36820073210976,"nb_eval":16,"nb_expanded":2357570,"nb_generated":524248599,"nb_guide":524248596,"nb_sols_created":0,"nb_trashed":13397,"nodes_generated_per_sec":485413.03125,"time_searched":1080.0052490234375}