{"avg_branching_factor":286.1603924898388,"nb_eval":15,"nb_expanded":5039519,"nb_generated":1442110735,"nb_guide":1442110734,"nb_sols_created":0,"nb_trashed":8178,"nodes_generated_per_sec":1068221.375,"time_searched":1350.0111083984375}