{"avg_branching_factor":169.3867039240941,"nb_eval":44,"nb_expanded":2917718,"nb_generated":494222635,"nb_guide":494222605,"nb_sols_created":0,"nb_trashed":10488,"nodes_generated_per_sec":1830400.75,"time_searched":270.00787353515625}