{"avg_branching_factor":56.98045872897476,"nb_eval":8,"nb_expanded":4052807,"nb_generated":230930802,"nb_guide":230930810,"nb_sols_created":0,"nb_trashed":84178,"nodes_generated_per_sec":1282802.625,"time_searched":180.02052307128906}