{"avg_branching_factor":57.700238211046454,"nb_eval":33,"nb_expanded":4732778,"nb_generated":273082418,"nb_guide":273082401,"nb_sols_created":0,"nb_trashed":40172,"nodes_generated_per_sec":1011258.3125,"time_searched":270.0422058105469}