{"avg_branching_factor":55.11706052151967,"nb_eval":22,"nb_expanded":1819452,"nb_generated":100282846,"nb_guide":100282839,"nb_sols_created":0,"nb_trashed":26593,"nodes_generated_per_sec":557065.5625,"time_searched":180.01983642578125}