{"avg_branching_factor":471.94024615848514,"nb_eval":8,"nb_expanded":1963288,"nb_generated":926554622,"nb_guide":926554626,"nb_sols_created":0,"nb_trashed":3687,"nodes_generated_per_sec":428959.84375,"time_searched":2160.003173828125}