{"avg_branching_factor":466.55783686081935,"nb_eval":35,"nb_expanded":4368503,"nb_generated":2038159310,"nb_guide":2038159288,"nb_sols_created":0,"nb_trashed":4078,"nodes_generated_per_sec":943590.375,"time_searched":2160.00439453125}