{"avg_branching_factor":331.33349473806265,"nb_eval":7,"nb_expanded":2794218,"nb_generated":925818015,"nb_guide":925818021,"nb_sols_created":0,"nb_trashed":5567,"nodes_generated_per_sec":1714469.75,"time_searched":540.0025024414062}