{"avg_branching_factor":207.01453404714246,"nb_eval":15,"nb_expanded":2484511,"nb_generated":514329887,"nb_guide":514329885,"nb_sols_created":0,"nb_trashed":30298,"nodes_generated_per_sec":476229.5,"time_searched":1080.0042724609375}