{"avg_branching_factor":366.1616068057352,"nb_eval":14,"nb_expanded":1496385,"nb_generated":547918736,"nb_guide":547918734,"nb_sols_created":0,"nb_trashed":2454,"nodes_generated_per_sec":869711.75,"time_searched":630.0003662109375}