{"avg_branching_factor":57.48257276120671,"nb_eval":22,"nb_expanded":4854613,"nb_generated":279055645,"nb_guide":279055639,"nb_sols_created":0,"nb_trashed":38078,"nodes_generated_per_sec":1033354.1875,"time_searched":270.04840087890625}