{"avg_branching_factor":288.3942257835474,"nb_eval":12,"nb_expanded":2694253,"nb_generated":777007008,"nb_guide":777007009,"nb_sols_created":0,"nb_trashed":20378,"nodes_generated_per_sec":479632.9375,"time_searched":1620.00341796875}