{"avg_branching_factor":463.8209345891005,"nb_eval":7,"nb_expanded":4140258,"nb_generated":1920338335,"nb_guide":1920338341,"nb_sols_created":0,"nb_trashed":9526,"nodes_generated_per_sec":1333566.625,"time_searched":1440.0018310546875}