{"avg_branching_factor":348.92975593971755,"nb_eval":35,"nb_expanded":3720884,"nb_generated":1298327146,"nb_guide":1298327124,"nb_sols_created":0,"nb_trashed":4413,"nodes_generated_per_sec":1202149.25,"time_searched":1080.0050048828125}