{"avg_branching_factor":195.5896405621365,"nb_eval":14,"nb_expanded":1927788,"nb_generated":377055362,"nb_guide":377055361,"nb_sols_created":0,"nb_trashed":67510,"nodes_generated_per_sec":523685.34375,"time_searched":720.003662109375}