{"avg_branching_factor":409.9132461403074,"nb_eval":8,"nb_expanded":1780647,"nb_generated":729910792,"nb_guide":729910796,"nb_sols_created":0,"nb_trashed":4102,"nodes_generated_per_sec":579293.6875,"time_searched":1260.001220703125}