{"avg_branching_factor":275.6724400532295,"nb_eval":12,"nb_expanded":2672204,"nb_generated":736652997,"nb_guide":736652998,"nb_sols_created":0,"nb_trashed":11811,"nodes_generated_per_sec":454723.34375,"time_searched":1620.0025634765625}