{"avg_branching_factor":161.68005191807345,"nb_eval":9,"nb_expanded":1523169,"nb_generated":246266043,"nb_guide":246266046,"nb_sols_created":0,"nb_trashed":94051,"nodes_generated_per_sec":547257.125,"time_searched":450.0006408691406}