{"avg_branching_factor":347.8961715814859,"nb_eval":10,"nb_expanded":2495887,"nb_generated":868309532,"nb_guide":868309534,"nb_sols_created":0,"nb_trashed":9272,"nodes_generated_per_sec":459422.46875,"time_searched":1890.002197265625}