{"avg_branching_factor":51.4420599969371,"nb_eval":10,"nb_expanded":2944917,"nb_generated":151492597,"nb_guide":151492602,"nb_sols_created":0,"nb_trashed":45048,"nodes_generated_per_sec":1683055.0,"time_searched":90.01048278808594}