{"avg_branching_factor":232.060519014193,"nb_eval":19,"nb_expanded":5075314,"nb_generated":1177780001,"nb_guide":1177779996,"nb_sols_created":0,"nb_trashed":16364,"nodes_generated_per_sec":1090529.0,"time_searched":1080.0079345703125}