{"avg_branching_factor":422.749659716862,"nb_eval":8,"nb_expanded":1785278,"nb_generated":754725667,"nb_guide":754725671,"nb_sols_created":0,"nb_trashed":4785,"nodes_generated_per_sec":598988.25,"time_searched":1260.0008544921875}