{"avg_branching_factor":162.93476837798158,"nb_eval":7,"nb_expanded":5381807,"nb_generated":876883477,"nb_guide":876883485,"nb_sols_created":0,"nb_trashed":30208,"nodes_generated_per_sec":1082548.5,"time_searched":810.0177001953125}