{"avg_branching_factor":57.27920099084875,"nb_eval":44,"nb_expanded":2439121,"nb_generated":139710902,"nb_guide":139710873,"nb_sols_created":0,"nb_trashed":31511,"nodes_generated_per_sec":517401.09375,"time_searched":270.02435302734375}