{"avg_branching_factor":58.85060654412225,"nb_eval":24,"nb_expanded":2187887,"nb_generated":128758477,"nb_guide":128758468,"nb_sols_created":0,"nb_trashed":22462,"nodes_generated_per_sec":476839.34375,"time_searched":270.0248718261719}