{"avg_branching_factor":157.42066852852216,"nb_eval":54,"nb_expanded":5174050,"nb_generated":814502410,"nb_guide":814502371,"nb_sols_created":0,"nb_trashed":21362,"nodes_generated_per_sec":1005531.3125,"time_searched":810.0219116210938}