{"avg_branching_factor":112.38639637191034,"nb_eval":21,"nb_expanded":1990469,"nb_generated":223701638,"nb_guide":223701631,"nb_sols_created":0,"nb_trashed":9633,"nodes_generated_per_sec":621381.3125,"time_searched":360.00701904296875}