{"avg_branching_factor":269.2327310112291,"nb_eval":11,"nb_expanded":1401631,"nb_generated":377364942,"nb_guide":377364943,"nb_sols_created":0,"nb_trashed":2069,"nodes_generated_per_sec":698822.9375,"time_searched":540.0007934570312}