{"avg_branching_factor":169.33199274299855,"nb_eval":19,"nb_expanded":2919112,"nb_generated":494299052,"nb_guide":494299047,"nb_sols_created":0,"nb_trashed":8173,"nodes_generated_per_sec":1830766.75,"time_searched":269.9956359863281}