{"avg_branching_factor":166.5002534679415,"nb_eval":8,"nb_expanded":1159910,"nb_generated":193125309,"nb_guide":193125314,"nb_sols_created":0,"nb_trashed":41949,"nodes_generated_per_sec":536455.0625,"time_searched":360.0027770996094}