{"avg_branching_factor":279.55257892972935,"nb_eval":11,"nb_expanded":2160276,"nb_generated":603910727,"nb_guide":603910728,"nb_sols_created":0,"nb_trashed":5330,"nodes_generated_per_sec":559176.0625,"time_searched":1080.0009765625}