{"avg_branching_factor":150.2743723307489,"nb_eval":4,"nb_expanded":4862553,"nb_generated":730717100,"nb_guide":730717111,"nb_sols_created":0,"nb_trashed":31251,"nodes_generated_per_sec":1353149.125,"time_searched":540.0122680664062}