{"avg_branching_factor":326.38287750589706,"nb_eval":12,"nb_expanded":5359009,"nb_generated":1749088778,"nb_guide":1749088780,"nb_sols_created":0,"nb_trashed":17816,"nodes_generated_per_sec":1079678.75,"time_searched":1620.0084228515625}