{"avg_branching_factor":426.9630723964244,"nb_eval":11,"nb_expanded":2019492,"nb_generated":862248509,"nb_guide":862248510,"nb_sols_created":0,"nb_trashed":4263,"nodes_generated_per_sec":456215.90625,"time_searched":1890.0009765625}