{"avg_branching_factor":216.3491119463483,"nb_eval":8,"nb_expanded":1492590,"nb_generated":322920521,"nb_guide":322920525,"nb_sols_created":0,"nb_trashed":134581,"nodes_generated_per_sec":597999.75,"time_searched":540.0010986328125}