{"avg_branching_factor":230.58501669042053,"nb_eval":14,"nb_expanded":2020021,"nb_generated":465786576,"nb_guide":465786575,"nb_sols_created":0,"nb_trashed":6273,"nodes_generated_per_sec":431281.75,"time_searched":1080.0052490234375}