{"avg_branching_factor":58.679059232362754,"nb_eval":19,"nb_expanded":2212321,"nb_generated":129816915,"nb_guide":129816911,"nb_sols_created":0,"nb_trashed":23151,"nodes_generated_per_sec":480759.96875,"time_searched":270.0243835449219}