{"avg_branching_factor":57.15557596260063,"nb_eval":49,"nb_expanded":4931848,"nb_generated":281882613,"nb_guide":281882580,"nb_sols_created":0,"nb_trashed":34163,"nodes_generated_per_sec":1043801.625,"time_searched":270.0538330078125}