{"avg_branching_factor":86.71571067595107,"nb_eval":12,"nb_expanded":1636435,"nb_generated":141904624,"nb_guide":141904626,"nb_sols_created":0,"nb_trashed":51603,"nodes_generated_per_sec":788341.875,"time_searched":180.00392150878906}