{"avg_branching_factor":56.9445922701877,"nb_eval":20,"nb_expanded":1194725,"nb_generated":68033128,"nb_guide":68033122,"nb_sols_created":0,"nb_trashed":14614,"nodes_generated_per_sec":755844.9375,"time_searched":90.00936889648438}