{"avg_branching_factor":276.1561820385038,"nb_eval":12,"nb_expanded":1993776,"nb_generated":550593568,"nb_guide":550593568,"nb_sols_created":0,"nb_trashed":7154,"nodes_generated_per_sec":436978.53125,"time_searched":1260.0013427734375}