{"avg_branching_factor":331.2608008860501,"nb_eval":16,"nb_expanded":2789910,"nb_generated":924187821,"nb_guide":924187818,"nb_sols_created":0,"nb_trashed":4079,"nodes_generated_per_sec":1711454.75,"time_searched":540.0013427734375}