{"avg_branching_factor":274.93363343263735,"nb_eval":14,"nb_expanded":2285910,"nb_generated":628473542,"nb_guide":628473541,"nb_sols_created":0,"nb_trashed":6039,"nodes_generated_per_sec":465534.90625,"time_searched":1350.0030517578125}