{"avg_branching_factor":161.9326629656328,"nb_eval":16,"nb_expanded":5340850,"nb_generated":864858063,"nb_guide":864858062,"nb_sols_created":0,"nb_trashed":44722,"nodes_generated_per_sec":1067708.0,"time_searched":810.0136108398438}