{"avg_branching_factor":232.03578975068535,"nb_eval":15,"nb_expanded":4993329,"nb_generated":1158631038,"nb_guide":1158631037,"nb_sols_created":0,"nb_trashed":8176,"nodes_generated_per_sec":1072795.75,"time_searched":1080.0108642578125}