{"avg_branching_factor":230.25729035388989,"nb_eval":13,"nb_expanded":1871034,"nb_generated":430819219,"nb_guide":430819219,"nb_sols_created":0,"nb_trashed":8962,"nodes_generated_per_sec":598356.625,"time_searched":720.0040893554688}