{"avg_branching_factor":382.50892641856564,"nb_eval":10,"nb_expanded":2119271,"nb_generated":810640075,"nb_guide":810640077,"nb_sols_created":0,"nb_trashed":29083,"nodes_generated_per_sec":562943.8125,"time_searched":1440.001708984375}