{"avg_branching_factor":174.32255335128824,"nb_eval":20,"nb_expanded":1704270,"nb_generated":297092698,"nb_guide":297092691,"nb_sols_created":0,"nb_trashed":5675,"nodes_generated_per_sec":550167.9375,"time_searched":540.003662109375}