{"avg_branching_factor":33.512914618676014,"nb_eval":12,"nb_expanded":722863,"nb_generated":24225246,"nb_guide":24225247,"nb_sols_created":0,"nb_trashed":49393,"nodes_generated_per_sec":346904.875,"time_searched":69.83253479003906}