{"avg_branching_factor":173.8400559356928,"nb_eval":16,"nb_expanded":1699094,"nb_generated":295370596,"nb_guide":295370593,"nb_sols_created":0,"nb_trashed":6062,"nodes_generated_per_sec":546977.6875,"time_searched":540.0048217773438}