{"avg_branching_factor":407.926239966037,"nb_eval":11,"nb_expanded":2228307,"nb_generated":908984896,"nb_guide":908984897,"nb_sols_created":0,"nb_trashed":27553,"nodes_generated_per_sec":631238.9375,"time_searched":1440.0013427734375}