{"avg_branching_factor":177.4749992527997,"nb_eval":20,"nb_expanded":1739828,"nb_generated":308775973,"nb_guide":308775966,"nb_sols_created":0,"nb_trashed":7758,"nodes_generated_per_sec":571803.5625,"time_searched":540.0036010742188}