{"avg_branching_factor":157.00524638715677,"nb_eval":15,"nb_expanded":2331128,"nb_generated":365999326,"nb_guide":365999325,"nb_sols_created":0,"nb_trashed":12777,"nodes_generated_per_sec":451846.1875,"time_searched":810.0086669921875}