{"avg_branching_factor":211.36143907352522,"nb_eval":13,"nb_expanded":2370275,"nb_generated":500984735,"nb_guide":500984735,"nb_sols_created":0,"nb_trashed":52646,"nodes_generated_per_sec":556648.0625,"time_searched":900.0026245117188}