{"avg_branching_factor":291.8141015732036,"nb_eval":9,"nb_expanded":2645875,"nb_generated":772103636,"nb_guide":772103640,"nb_sols_created":0,"nb_trashed":4097,"nodes_generated_per_sec":1715774.75,"time_searched":450.0028991699219}