{"avg_branching_factor":282.243570886038,"nb_eval":6,"nb_expanded":1535126,"nb_generated":433279444,"nb_guide":433279450,"nb_sols_created":0,"nb_trashed":118587,"nodes_generated_per_sec":687744.375,"time_searched":630.000732421875}