{"avg_branching_factor":403.66418398123324,"nb_eval":14,"nb_expanded":1790400,"nb_generated":722720355,"nb_guide":722720353,"nb_sols_created":0,"nb_trashed":2272,"nodes_generated_per_sec":573586.8125,"time_searched":1260.001708984375}