{"avg_branching_factor":383.8513445531966,"nb_eval":14,"nb_expanded":5080870,"nb_generated":1950298781,"nb_guide":1950298780,"nb_sols_created":0,"nb_trashed":4081,"nodes_generated_per_sec":1031901.5625,"time_searched":1890.004638671875}