{"avg_branching_factor":232.6181045396365,"nb_eval":9,"nb_expanded":4288383,"nb_generated":997555525,"nb_guide":997555530,"nb_sols_created":0,"nb_trashed":18116,"nodes_generated_per_sec":1385478.75,"time_searched":720.0078125}