{"avg_branching_factor":113.92485124083652,"nb_eval":8,"nb_expanded":1196733,"nb_generated":136337629,"nb_guide":136337634,"nb_sols_created":0,"nb_trashed":8295,"nodes_generated_per_sec":757417.9375,"time_searched":180.003173828125}