{"avg_branching_factor":417.2885987242727,"nb_eval":9,"nb_expanded":1279427,"nb_generated":533890300,"nb_guide":533890302,"nb_sols_created":0,"nb_trashed":1167,"nodes_generated_per_sec":741514.0625,"time_searched":720.000244140625}