{"avg_branching_factor":114.1030838171948,"nb_eval":18,"nb_expanded":5252192,"nb_generated":599291304,"nb_guide":599291301,"nb_sols_created":0,"nb_trashed":28492,"nodes_generated_per_sec":1109770.0,"time_searched":540.0139770507812}