{"avg_branching_factor":230.15387158122422,"nb_eval":20,"nb_expanded":2048065,"nb_generated":471370089,"nb_guide":471370082,"nb_sols_created":0,"nb_trashed":4327,"nodes_generated_per_sec":436451.15625,"time_searched":1080.0064697265625}