{"avg_branching_factor":168.78682211762353,"nb_eval":13,"nb_expanded":4118598,"nb_generated":695165068,"nb_guide":695165069,"nb_sols_created":0,"nb_trashed":8398,"nodes_generated_per_sec":1287318.5,"time_searched":540.0101318359375}