{"avg_branching_factor":102.81377706843215,"nb_eval":7,"nb_expanded":1421028,"nb_generated":146101256,"nb_guide":146101262,"nb_sols_created":0,"nb_trashed":46725,"nodes_generated_per_sec":202917.796875,"time_searched":720.0021362304688}