{"avg_branching_factor":251.57745597037203,"nb_eval":6,"nb_expanded":2371812,"nb_generated":596694429,"nb_guide":596694436,"nb_sols_created":0,"nb_trashed":17160,"nodes_generated_per_sec":441994.34375,"time_searched":1350.004638671875}