{"avg_branching_factor":460.9334920402186,"nb_eval":4,"nb_expanded":2598501,"nb_generated":1197736140,"nb_guide":1197736148,"nb_sols_created":0,"nb_trashed":2856,"nodes_generated_per_sec":1663520.125,"time_searched":720.0010375976562}