{"avg_branching_factor":307.1697233154432,"nb_eval":11,"nb_expanded":2313754,"nb_generated":710715176,"nb_guide":710715178,"nb_sols_created":0,"nb_trashed":54927,"nodes_generated_per_sec":438712.28125,"time_searched":1620.0029296875}