{"avg_branching_factor":203.17710578780284,"nb_eval":10,"nb_expanded":2123742,"nb_generated":431495753,"nb_guide":431495756,"nb_sols_created":0,"nb_trashed":13373,"nodes_generated_per_sec":599295.5625,"time_searched":720.0048828125}