{"avg_branching_factor":49.92325625685863,"nb_eval":34,"nb_expanded":3155697,"nb_generated":157542670,"nb_guide":157542651,"nb_sols_created":0,"nb_trashed":32316,"nodes_generated_per_sec":1750328.25,"time_searched":90.00749969482422}