{"avg_branching_factor":115.41008477210771,"nb_eval":42,"nb_expanded":5018160,"nb_generated":579146271,"nb_guide":579146244,"nb_sols_created":0,"nb_trashed":17694,"nodes_generated_per_sec":1072437.0,"time_searched":540.0281982421875}