{"avg_branching_factor":468.3587955730446,"nb_eval":13,"nb_expanded":4733637,"nb_generated":2217040524,"nb_guide":2217040524,"nb_sols_created":0,"nb_trashed":4091,"nodes_generated_per_sec":1026405.375,"time_searched":2160.0048828125}