{"avg_branching_factor":89.30245720736411,"nb_eval":12,"nb_expanded":1478467,"nb_generated":132030736,"nb_guide":132030737,"nb_sols_created":0,"nb_trashed":5239,"nodes_generated_per_sec":488997.75,"time_searched":270.00274658203125}