{"avg_branching_factor":55.14602341663814,"nb_eval":20,"nb_expanded":1825625,"nb_generated":100675959,"nb_guide":100675954,"nb_sols_created":0,"nb_trashed":29270,"nodes_generated_per_sec":559225.0,"time_searched":180.02764892578125}