{"avg_branching_factor":332.63948798005424,"nb_eval":17,"nb_expanded":2814031,"nb_generated":936057831,"nb_guide":936057827,"nb_sols_created":0,"nb_trashed":4083,"nodes_generated_per_sec":1733431.625,"time_searched":540.0027465820312}