{"avg_branching_factor":459.1358832093034,"nb_eval":13,"nb_expanded":4056145,"nb_generated":1862321717,"nb_guide":1862321717,"nb_sols_created":0,"nb_trashed":4090,"nodes_generated_per_sec":1293277.0,"time_searched":1440.002197265625}