{"avg_branching_factor":455.9611716583073,"nb_eval":31,"nb_expanded":2676241,"nb_generated":1220261982,"nb_guide":1220261963,"nb_sols_created":0,"nb_trashed":2073,"nodes_generated_per_sec":1694806.875,"time_searched":720.0006103515625}