{"avg_branching_factor":231.28937103655048,"nb_eval":21,"nb_expanded":2106593,"nb_generated":487232570,"nb_guide":487232562,"nb_sols_created":0,"nb_trashed":5466,"nodes_generated_per_sec":676709.875,"time_searched":720.0021362304688}