{"avg_branching_factor":463.88730157191634,"nb_eval":16,"nb_expanded":4126810,"nb_generated":1914374755,"nb_guide":1914374752,"nb_sols_created":0,"nb_trashed":10747,"nodes_generated_per_sec":1329425.375,"time_searched":1440.001708984375}