{"avg_branching_factor":285.15789215233167,"nb_eval":11,"nb_expanded":1384768,"nb_generated":394877524,"nb_guide":394877525,"nb_sols_created":0,"nb_trashed":2608,"nodes_generated_per_sec":731253.125,"time_searched":540.0011596679688}