{"avg_branching_factor":115.54532041600048,"nb_eval":12,"nb_expanded":2373555,"nb_generated":274253173,"nb_guide":274253175,"nb_sols_created":0,"nb_trashed":10844,"nodes_generated_per_sec":507868.1875,"time_searched":540.0086059570312}