{"avg_branching_factor":401.51401806963355,"nb_eval":25,"nb_expanded":4598101,"nb_generated":1846202008,"nb_guide":1846201996,"nb_sols_created":0,"nb_trashed":4107,"nodes_generated_per_sec":976824.0625,"time_searched":1890.004638671875}