{"avg_branching_factor":460.32801776923725,"nb_eval":14,"nb_expanded":2604051,"nb_generated":1198717635,"nb_guide":1198717633,"nb_sols_created":0,"nb_trashed":6245,"nodes_generated_per_sec":1664883.0,"time_searched":720.0011596679688}