{"avg_branching_factor":159.03239146178302,"nb_eval":4,"nb_expanded":1629380,"nb_generated":259124198,"nb_guide":259124207,"nb_sols_created":0,"nb_trashed":80906,"nodes_generated_per_sec":719786.25,"time_searched":360.0015869140625}