{"avg_branching_factor":402.77885318733274,"nb_eval":42,"nb_expanded":4551031,"nb_generated":1833059047,"nb_guide":1833059018,"nb_sols_created":0,"nb_trashed":4116,"nodes_generated_per_sec":969870.625,"time_searched":1890.003662109375}