{"avg_branching_factor":291.25315308066166,"nb_eval":11,"nb_expanded":2696807,"nb_generated":785453542,"nb_guide":785453544,"nb_sols_created":0,"nb_trashed":5597,"nodes_generated_per_sec":1745444.75,"time_searched":450.001953125}