{"avg_branching_factor":461.62407541906856,"nb_eval":18,"nb_expanded":4144310,"nb_generated":1913113272,"nb_guide":1913113267,"nb_sols_created":0,"nb_trashed":22824,"nodes_generated_per_sec":1328548.375,"time_searched":1440.002685546875}