{"avg_branching_factor":264.4279604739652,"nb_eval":8,"nb_expanded":1382380,"nb_generated":365539924,"nb_guide":365539928,"nb_sols_created":0,"nb_trashed":2300,"nodes_generated_per_sec":812308.5,"time_searched":450.0013732910156}