{"avg_branching_factor":455.0302407621265,"nb_eval":17,"nb_expanded":2625496,"nb_generated":1194680077,"nb_guide":1194680072,"nb_sols_created":0,"nb_trashed":3428,"nodes_generated_per_sec":1659275.75,"time_searched":720.0009155273438}