{"avg_branching_factor":413.3697786118552,"nb_eval":15,"nb_expanded":2019530,"nb_generated":834812669,"nb_guide":834812666,"nb_sols_created":0,"nb_trashed":12029,"nodes_generated_per_sec":441699.46875,"time_searched":1890.0015869140625}