{"avg_branching_factor":420.1830417433589,"nb_eval":14,"nb_expanded":1828195,"nb_generated":768176536,"nb_guide":768176534,"nb_sols_created":0,"nb_trashed":3505,"nodes_generated_per_sec":609663.0,"time_searched":1260.0018310546875}