{"avg_branching_factor":360.3932942281319,"nb_eval":14,"nb_expanded":2951696,"nb_generated":1063771445,"nb_guide":1063771444,"nb_sols_created":0,"nb_trashed":4081,"nodes_generated_per_sec":1688520.5,"time_searched":630.0020751953125}