{"avg_branching_factor":414.78098439003884,"nb_eval":12,"nb_expanded":2259775,"nb_generated":937311699,"nb_guide":937311699,"nb_sols_created":0,"nb_trashed":12075,"nodes_generated_per_sec":433940.09375,"time_searched":2160.00244140625}