{"avg_branching_factor":261.8256372576316,"nb_eval":11,"nb_expanded":1382761,"nb_generated":362042280,"nb_guide":362042281,"nb_sols_created":0,"nb_trashed":2843,"nodes_generated_per_sec":670447.6875,"time_searched":540.0007934570312}