{"avg_branching_factor":231.43515180628316,"nb_eval":6,"nb_expanded":5075284,"nb_generated":1174599123,"nb_guide":1174599131,"nb_sols_created":0,"nb_trashed":19675,"nodes_generated_per_sec":1087585.0,"time_searched":1080.0068359375}