{"avg_branching_factor":402.8730471945575,"nb_eval":36,"nb_expanded":4547304,"nb_generated":1831986219,"nb_guide":1831986196,"nb_sols_created":0,"nb_trashed":4150,"nodes_generated_per_sec":969303.1875,"time_searched":1890.0032958984375}