{"avg_branching_factor":265.3671864292392,"nb_eval":11,"nb_expanded":4326655,"nb_generated":1148152264,"nb_guide":1148152267,"nb_sols_created":0,"nb_trashed":8607,"nodes_generated_per_sec":1275714.625,"time_searched":900.0072021484375}