{"avg_branching_factor":270.01314112831466,"nb_eval":12,"nb_expanded":2107125,"nb_generated":568951440,"nb_guide":568951440,"nb_sols_created":0,"nb_trashed":8666,"nodes_generated_per_sec":395104.84375,"time_searched":1440.0010986328125}