{"avg_branching_factor":123.80943072059222,"nb_eval":5,"nb_expanded":1055826,"nb_generated":130721216,"nb_guide":130721224,"nb_sols_created":0,"nb_trashed":21438,"nodes_generated_per_sec":657207.625,"time_searched":198.90399169921875}