{"avg_branching_factor":240.38884486617252,"nb_eval":17,"nb_expanded":2097402,"nb_generated":504192044,"nb_guide":504192040,"nb_sols_created":0,"nb_trashed":6437,"nodes_generated_per_sec":466842.15625,"time_searched":1080.00537109375}