{"avg_branching_factor":411.38635116363224,"nb_eval":11,"nb_expanded":2161078,"nb_generated":889037993,"nb_guide":889037994,"nb_sols_created":0,"nb_trashed":10203,"nodes_generated_per_sec":470390.21875,"time_searched":1890.0010986328125}