{"avg_branching_factor":223.45809865890203,"nb_eval":9,"nb_expanded":1834989,"nb_generated":410043153,"nb_guide":410043157,"nb_sols_created":0,"nb_trashed":6848,"nodes_generated_per_sec":569502.3125,"time_searched":720.0026245117188}