{"avg_branching_factor":55.43023092308023,"nb_eval":13,"nb_expanded":1813461,"nb_generated":100520562,"nb_guide":100520564,"nb_sols_created":0,"nb_trashed":25158,"nodes_generated_per_sec":558379.75,"time_searched":180.0218505859375}