{"avg_branching_factor":426.7805274634475,"nb_eval":11,"nb_expanded":2071954,"nb_generated":884269621,"nb_guide":884269622,"nb_sols_created":0,"nb_trashed":3271,"nodes_generated_per_sec":467866.96875,"time_searched":1890.0023193359375}