{"avg_branching_factor":158.410940106473,"nb_eval":7,"nb_expanded":1415946,"nb_generated":224301337,"nb_guide":224301343,"nb_sols_created":0,"nb_trashed":25798,"nodes_generated_per_sec":830740.5625,"time_searched":270.0016784667969}