{"avg_branching_factor":329.8332400693725,"nb_eval":14,"nb_expanded":2771703,"nb_generated":914199781,"nb_guide":914199780,"nb_sols_created":0,"nb_trashed":4084,"nodes_generated_per_sec":1693012.875,"time_searched":539.9839477539062}