{"avg_branching_factor":264.1449743299909,"nb_eval":9,"nb_expanded":1392481,"nb_generated":367816858,"nb_guide":367816861,"nb_sols_created":0,"nb_trashed":6152,"nodes_generated_per_sec":681140.875,"time_searched":540.0011596679688}