{"avg_branching_factor":400.972623247368,"nb_eval":25,"nb_expanded":4617056,"nb_generated":1851313056,"nb_guide":1851313044,"nb_sols_created":0,"nb_trashed":4097,"nodes_generated_per_sec":979529.1875,"time_searched":1890.0029296875}