{"avg_branching_factor":346.0756291748459,"nb_eval":13,"nb_expanded":2043788,"nb_generated":707305218,"nb_guide":707305217,"nb_sols_created":0,"nb_trashed":3543,"nodes_generated_per_sec":436607.5625,"time_searched":1620.002197265625}