{"avg_branching_factor":231.99917329980298,"nb_eval":14,"nb_expanded":4325631,"nb_generated":1003542816,"nb_guide":1003542816,"nb_sols_created":0,"nb_trashed":37041,"nodes_generated_per_sec":1393795.875,"time_searched":720.0070190429688}