{"avg_branching_factor":64.13626427629004,"nb_eval":12,"nb_expanded":1530247,"nb_generated":98144326,"nb_guide":98144327,"nb_sols_created":0,"nb_trashed":6648,"nodes_generated_per_sec":545235.5625,"time_searched":180.00352478027344}