{"avg_branching_factor":168.52042018508203,"nb_eval":37,"nb_expanded":2859597,"nb_generated":481900488,"nb_guide":481900465,"nb_sols_created":0,"nb_trashed":8599,"nodes_generated_per_sec":1784758.25,"time_searched":270.0088195800781}