{"avg_branching_factor":100.98912068791277,"nb_eval":21,"nb_expanded":3275299,"nb_generated":330769566,"nb_guide":330769560,"nb_sols_created":0,"nb_trashed":18104,"nodes_generated_per_sec":1837472.875,"time_searched":180.0133056640625}