{"avg_branching_factor":160.44185432535392,"nb_eval":20,"nb_expanded":5242230,"nb_generated":841073102,"nb_guide":841073097,"nb_sols_created":0,"nb_trashed":19196,"nodes_generated_per_sec":1038323.5,"time_searched":810.0299072265625}