{"avg_branching_factor":162.5626707557582,"nb_eval":17,"nb_expanded":5305824,"nb_generated":862528920,"nb_guide":862528918,"nb_sols_created":0,"nb_trashed":51206,"nodes_generated_per_sec":1064837.75,"time_searched":810.0097045898438}