{"avg_branching_factor":68.7436471972052,"nb_eval":10,"nb_expanded":1475884,"nb_generated":101457649,"nb_guide":101457653,"nb_sols_created":0,"nb_trashed":30853,"nodes_generated_per_sec":563640.25,"time_searched":180.0042724609375}