{"avg_branching_factor":115.7599812481201,"nb_eval":16,"nb_expanded":2071259,"nb_generated":239768903,"nb_guide":239768901,"nb_sols_created":0,"nb_trashed":9602,"nodes_generated_per_sec":444004.53125,"time_searched":540.0145263671875}