{"avg_branching_factor":212.62486399674447,"nb_eval":7,"nb_expanded":1287653,"nb_generated":273787044,"nb_guide":273787049,"nb_sols_created":0,"nb_trashed":16787,"nodes_generated_per_sec":507012.25,"time_searched":540.0008544921875}