{"avg_branching_factor":102.14722048777188,"nb_eval":8,"nb_expanded":650222,"nb_generated":66418370,"nb_guide":66418375,"nb_sols_created":0,"nb_trashed":40548,"nodes_generated_per_sec":324634.96875,"time_searched":204.59400939941406}