{"avg_branching_factor":484.01270753480793,"nb_eval":8,"nb_expanded":2037610,"nb_generated":986229133,"nb_guide":986229137,"nb_sols_created":0,"nb_trashed":4317,"nodes_generated_per_sec":456587.3125,"time_searched":2160.001220703125}