{"avg_branching_factor":326.49361787816633,"nb_eval":14,"nb_expanded":5398048,"nb_generated":1762428221,"nb_guide":1762428221,"nb_sols_created":0,"nb_trashed":34082,"nodes_generated_per_sec":1087912.75,"time_searched":1620.0086669921875}