{"avg_branching_factor":57.57008321793958,"nb_eval":30,"nb_expanded":2082724,"nb_generated":119902594,"nb_guide":119902579,"nb_sols_created":0,"nb_trashed":20455,"nodes_generated_per_sec":444026.96875,"time_searched":270.03448486328125}