{"avg_branching_factor":56.82951497218249,"nb_eval":15,"nb_expanded":1193313,"nb_generated":67815399,"nb_guide":67815398,"nb_sols_created":0,"nb_trashed":13222,"nodes_generated_per_sec":753423.1875,"time_searched":90.00970458984375}