{"avg_branching_factor":56.80517154452748,"nb_eval":12,"nb_expanded":2513021,"nb_generated":142752589,"nb_guide":142752592,"nb_sols_created":0,"nb_trashed":40389,"nodes_generated_per_sec":528681.5,"time_searched":270.0162353515625}