{"avg_branching_factor":320.81724108579454,"nb_eval":20,"nb_expanded":2655088,"nb_generated":851798007,"nb_guide":851798000,"nb_sols_created":0,"nb_trashed":4223,"nodes_generated_per_sec":525800.5,"time_searched":1620.0023193359375}