{"avg_branching_factor":172.91754889641024,"nb_eval":14,"nb_expanded":1635345,"nb_generated":282779849,"nb_guide":282779848,"nb_sols_created":0,"nb_trashed":48330,"nodes_generated_per_sec":785495.25,"time_searched":360.0019836425781}