{"avg_branching_factor":456.6512915895114,"nb_eval":27,"nb_expanded":2673721,"nb_generated":1220958148,"nb_guide":1220958133,"nb_sols_created":0,"nb_trashed":2514,"nodes_generated_per_sec":1695773.75,"time_searched":720.0006713867188}