{"avg_branching_factor":48.406826145479606,"nb_eval":8,"nb_expanded":3048221,"nb_generated":147554704,"nb_guide":147554712,"nb_sols_created":0,"nb_trashed":102011,"nodes_generated_per_sec":1639030.75,"time_searched":90.02558898925781}