{"avg_branching_factor":220.18738345036016,"nb_eval":11,"nb_expanded":2872703,"nb_generated":632532957,"nb_guide":632532959,"nb_sols_created":0,"nb_trashed":4084,"nodes_generated_per_sec":1757028.5,"time_searched":360.00152587890625}