{"avg_branching_factor":157.2080101632898,"nb_eval":23,"nb_expanded":2312637,"nb_generated":363565061,"nb_guide":363565052,"nb_sols_created":0,"nb_trashed":13254,"nodes_generated_per_sec":448842.1875,"time_searched":810.0064086914062}