{"avg_branching_factor":281.7250181419382,"nb_eval":36,"nb_expanded":4827213,"nb_generated":1359946670,"nb_guide":1359946648,"nb_sols_created":0,"nb_trashed":9562,"nodes_generated_per_sec":1007362.0625,"time_searched":1350.0078125}