{"avg_branching_factor":408.24643764355824,"nb_eval":9,"nb_expanded":4118973,"nb_generated":1681556054,"nb_guide":1681556058,"nb_sols_created":0,"nb_trashed":21473,"nodes_generated_per_sec":1334566.375,"time_searched":1260.0018310546875}