{"avg_branching_factor":324.1159349923883,"nb_eval":11,"nb_expanded":2539518,"nb_generated":823098251,"nb_guide":823098252,"nb_sols_created":0,"nb_trashed":6791,"nodes_generated_per_sec":435501.28125,"time_searched":1890.0018310546875}