{"avg_branching_factor":114.69309576517689,"nb_eval":16,"nb_expanded":2368387,"nb_generated":271637637,"nb_guide":271637635,"nb_sols_created":0,"nb_trashed":9406,"nodes_generated_per_sec":503025.875,"time_searched":540.0072631835938}