{"avg_branching_factor":343.9550799445103,"nb_eval":10,"nb_expanded":2120033,"nb_generated":729196120,"nb_guide":729196122,"nb_sols_created":0,"nb_trashed":18180,"nodes_generated_per_sec":578726.625,"time_searched":1260.0009765625}