{"avg_branching_factor":219.19306673353594,"nb_eval":11,"nb_expanded":2895201,"nb_generated":634607986,"nb_guide":634607988,"nb_sols_created":0,"nb_trashed":4084,"nodes_generated_per_sec":1762787.75,"time_searched":360.00250244140625}