{"avg_branching_factor":198.75478058970717,"nb_eval":4,"nb_expanded":1524655,"nb_generated":303032470,"nb_guide":303032478,"nb_sols_created":0,"nb_trashed":86526,"nodes_generated_per_sec":561169.875,"time_searched":540.0013427734375}