{"avg_branching_factor":295.0735102002004,"nb_eval":9,"nb_expanded":1367130,"nb_generated":403403848,"nb_guide":403403851,"nb_sols_created":0,"nb_trashed":2150,"nodes_generated_per_sec":747042.875,"time_searched":540.0009155273438}