{"avg_branching_factor":165.53848640342267,"nb_eval":21,"nb_expanded":5317956,"nb_generated":880326387,"nb_guide":880326381,"nb_sols_created":0,"nb_trashed":46836,"nodes_generated_per_sec":1086805.25,"time_searched":810.0130615234375}