{"avg_branching_factor":401.49507467491463,"nb_eval":28,"nb_expanded":4600407,"nb_generated":1847040752,"nb_guide":1847040737,"nb_sols_created":0,"nb_trashed":4159,"nodes_generated_per_sec":977269.0,"time_searched":1890.00244140625}