{"avg_branching_factor":319.26891632582726,"nb_eval":15,"nb_expanded":2382109,"nb_generated":760533359,"nb_guide":760533357,"nb_sols_created":0,"nb_trashed":7718,"nodes_generated_per_sec":469463.65625,"time_searched":1620.0047607421875}