{"avg_branching_factor":282.02395685289537,"nb_eval":12,"nb_expanded":2648428,"nb_generated":746920144,"nb_guide":746920145,"nb_sols_created":0,"nb_trashed":17453,"nodes_generated_per_sec":461060.4375,"time_searched":1620.0047607421875}