{"avg_branching_factor":56.434319607140715,"nb_eval":36,"nb_expanded":5203288,"nb_generated":293644018,"nb_guide":293643998,"nb_sols_created":0,"nb_trashed":38465,"nodes_generated_per_sec":1087334.625,"time_searched":270.0585632324219}