{"avg_branching_factor":236.07265572460074,"nb_eval":3,"nb_expanded":1671348,"nb_generated":394559561,"nb_guide":394559570,"nb_sols_created":0,"nb_trashed":152516,"nodes_generated_per_sec":547998.6875,"time_searched":720.0009155273438}