{"avg_branching_factor":172.1982252522167,"nb_eval":29,"nb_expanded":3889116,"nb_generated":669698873,"nb_guide":669698858,"nb_sols_created":0,"nb_trashed":9028,"nodes_generated_per_sec":1240166.75,"time_searched":540.0071411132812}