{"avg_branching_factor":230.82739501422247,"nb_eval":18,"nb_expanded":5193894,"nb_generated":1198893022,"nb_guide":1198893018,"nb_sols_created":0,"nb_trashed":25086,"nodes_generated_per_sec":1110080.375,"time_searched":1080.005615234375}