{"avg_branching_factor":352.96573076901706,"nb_eval":17,"nb_expanded":5759248,"nb_generated":2032817179,"nb_guide":2032817176,"nb_sols_created":0,"nb_trashed":19830,"nodes_generated_per_sec":1075561.25,"time_searched":1890.005859375}