{"avg_branching_factor":53.88712095683218,"nb_eval":19,"nb_expanded":2866626,"nb_generated":154474222,"nb_guide":154474218,"nb_sols_created":0,"nb_trashed":24593,"nodes_generated_per_sec":1716153.5,"time_searched":90.01189422607422}