{"avg_branching_factor":459.75084915061905,"nb_eval":12,"nb_expanded":2604956,"nb_generated":1197630733,"nb_guide":1197630733,"nb_sols_created":0,"nb_trashed":4599,"nodes_generated_per_sec":1663374.875,"time_searched":720.00048828125}