{"avg_branching_factor":184.20711259221216,"nb_eval":10,"nb_expanded":1370752,"nb_generated":252502268,"nb_guide":252502270,"nb_sols_created":0,"nb_trashed":3175,"nodes_generated_per_sec":701393.6875,"time_searched":360.0007629394531}