{"avg_branching_factor":114.28442348974285,"nb_eval":13,"nb_expanded":5248146,"nb_generated":599781340,"nb_guide":599781342,"nb_sols_created":0,"nb_trashed":36734,"nodes_generated_per_sec":1110669.0,"time_searched":540.01806640625}