{"avg_branching_factor":281.7755951382698,"nb_eval":9,"nb_expanded":1359516,"nb_generated":383078430,"nb_guide":383078433,"nb_sols_created":0,"nb_trashed":2394,"nodes_generated_per_sec":709403.6875,"time_searched":540.0006103515625}