{"avg_branching_factor":22.287654449901453,"nb_eval":15,"nb_expanded":1685498,"nb_generated":37565797,"nb_guide":37565797,"nb_sols_created":0,"nb_trashed":39236,"nodes_generated_per_sec":417349.5625,"time_searched":90.01039123535156}