{"avg_branching_factor":105.07696991538367,"nb_eval":15,"nb_expanded":2985712,"nb_generated":313729570,"nb_guide":313729569,"nb_sols_created":0,"nb_trashed":25543,"nodes_generated_per_sec":1742897.75,"time_searched":180.00457763671875}