{"avg_branching_factor":57.015652484217725,"nb_eval":12,"nb_expanded":5027317,"nb_generated":286635759,"nb_guide":286635763,"nb_sols_created":0,"nb_trashed":71485,"nodes_generated_per_sec":1061488.625,"time_searched":270.0318603515625}