{"avg_branching_factor":53.818662998402836,"nb_eval":22,"nb_expanded":2879473,"nb_generated":154969387,"nb_guide":154969380,"nb_sols_created":0,"nb_trashed":22476,"nodes_generated_per_sec":1721609.25,"time_searched":90.01426696777344}