{"avg_branching_factor":242.7270985574904,"nb_eval":15,"nb_expanded":1809624,"nb_generated":439244783,"nb_guide":439244781,"nb_sols_created":0,"nb_trashed":8220,"nodes_generated_per_sec":610058.75,"time_searched":720.0040283203125}