{"avg_branching_factor":331.5498002916376,"nb_eval":7,"nb_expanded":2776048,"nb_generated":920398160,"nb_guide":920398166,"nb_sols_created":0,"nb_trashed":7922,"nodes_generated_per_sec":1704434.125,"time_searched":540.002197265625}