{"avg_branching_factor":410.8648192626768,"nb_eval":11,"nb_expanded":1936844,"nb_generated":795781060,"nb_guide":795781061,"nb_sols_created":0,"nb_trashed":2365,"nodes_generated_per_sec":552625.5625,"time_searched":1440.00048828125}