{"avg_branching_factor":101.34690245739993,"nb_eval":32,"nb_expanded":3262554,"nb_generated":330649742,"nb_guide":330649725,"nb_sols_created":0,"nb_trashed":18820,"nodes_generated_per_sec":1836824.25,"time_searched":180.01162719726562}