{"avg_branching_factor":157.6342021833284,"nb_eval":26,"nb_expanded":4573018,"nb_generated":720864044,"nb_guide":720864032,"nb_sols_created":0,"nb_trashed":20179,"nodes_generated_per_sec":1334916.875,"time_searched":540.0067138671875}