{"avg_branching_factor":219.7911593794621,"nb_eval":12,"nb_expanded":2381869,"nb_generated":523513749,"nb_guide":523513750,"nb_sols_created":0,"nb_trashed":7296,"nodes_generated_per_sec":484732.5625,"time_searched":1080.00537109375}