{"avg_branching_factor":361.44118894313345,"nb_eval":26,"nb_expanded":2954725,"nb_generated":1067959317,"nb_guide":1067959304,"nb_sols_created":0,"nb_trashed":4469,"nodes_generated_per_sec":1695167.875,"time_searched":630.0020751953125}