{"avg_branching_factor":171.14809567753463,"nb_eval":22,"nb_expanded":1986297,"nb_generated":339950949,"nb_guide":339950940,"nb_sols_created":0,"nb_trashed":5401,"nodes_generated_per_sec":419689.0,"time_searched":810.0067749023438}