{"avg_branching_factor":262.5511570858999,"nb_eval":7,"nb_expanded":1123901,"nb_generated":295081508,"nb_guide":295081513,"nb_sols_created":0,"nb_trashed":39397,"nodes_generated_per_sec":468382.28125,"time_searched":630.0014038085938}