{"avg_branching_factor":326.30832268930914,"nb_eval":12,"nb_expanded":2044183,"nb_generated":667033926,"nb_guide":667033926,"nb_sols_created":0,"nb_trashed":11404,"nodes_generated_per_sec":617623.375,"time_searched":1080.0010986328125}