{"avg_branching_factor":171.48195435993392,"nb_eval":17,"nb_expanded":1916474,"nb_generated":328640707,"nb_guide":328640703,"nb_sols_created":0,"nb_trashed":6185,"nodes_generated_per_sec":608589.4375,"time_searched":540.0039672851562}