{"avg_branching_factor":320.1838284372366,"nb_eval":14,"nb_expanded":5272193,"nb_generated":1688070939,"nb_guide":1688070939,"nb_sols_created":0,"nb_trashed":8177,"nodes_generated_per_sec":1042012.8125,"time_searched":1620.009765625}