{"avg_branching_factor":171.73295235606216,"nb_eval":15,"nb_expanded":1943773,"nb_generated":333809876,"nb_guide":333809874,"nb_sols_created":0,"nb_trashed":4235,"nodes_generated_per_sec":618161.6875,"time_searched":540.004150390625}