{"avg_branching_factor":120.66931792110509,"nb_eval":10,"nb_expanded":1207353,"nb_generated":145690463,"nb_guide":145690466,"nb_sols_created":0,"nb_trashed":42484,"nodes_generated_per_sec":539587.375,"time_searched":270.00347900390625}