{"avg_branching_factor":459.26580402126064,"nb_eval":15,"nb_expanded":4179933,"nb_generated":1919700290,"nb_guide":1919700288,"nb_sols_created":0,"nb_trashed":20954,"nodes_generated_per_sec":1333122.875,"time_searched":1440.0025634765625}