{"avg_branching_factor":57.026122076542485,"nb_eval":13,"nb_expanded":5006187,"nb_generated":285483431,"nb_guide":285483434,"nb_sols_created":0,"nb_trashed":87224,"nodes_generated_per_sec":1057264.875,"time_searched":270.0207214355469}