{"avg_branching_factor":154.1201811508504,"nb_eval":6,"nb_expanded":1209158,"nb_generated":186355650,"nb_guide":186355657,"nb_sols_created":0,"nb_trashed":33498,"nodes_generated_per_sec":690200.25,"time_searched":270.0022888183594}