{"avg_branching_factor":114.32050122411106,"nb_eval":8,"nb_expanded":5216030,"nb_generated":596299164,"nb_guide":596299171,"nb_sols_created":0,"nb_trashed":31992,"nodes_generated_per_sec":1104222.5,"time_searched":540.0172119140625}