{"avg_branching_factor":342.6780693970484,"nb_eval":11,"nb_expanded":3987086,"nb_generated":1366286933,"nb_guide":1366286935,"nb_sols_created":0,"nb_trashed":4085,"nodes_generated_per_sec":1265090.875,"time_searched":1079.9912109375}