{"avg_branching_factor":409.4483536292918,"nb_eval":19,"nb_expanded":2072498,"nb_generated":848580894,"nb_guide":848580887,"nb_sols_created":0,"nb_trashed":2031,"nodes_generated_per_sec":673476.0625,"time_searched":1260.00146484375}