{"avg_branching_factor":304.6851083606957,"nb_eval":7,"nb_expanded":1426532,"nb_generated":434643057,"nb_guide":434643062,"nb_sols_created":0,"nb_trashed":2226,"nodes_generated_per_sec":689908.5625,"time_searched":630.0009765625}