{"avg_branching_factor":261.6427384481442,"nb_eval":32,"nb_expanded":4300348,"nb_generated":1125154827,"nb_guide":1125154809,"nb_sols_created":0,"nb_trashed":8199,"nodes_generated_per_sec":1250162.375,"time_searched":900.0068969726562}