{"avg_branching_factor":357.23374178844165,"nb_eval":7,"nb_expanded":2930473,"nb_generated":1046863835,"nb_guide":1046863841,"nb_sols_created":0,"nb_trashed":7123,"nodes_generated_per_sec":1661684.875,"time_searched":630.0014038085938}