{"avg_branching_factor":234.04012043624783,"nb_eval":42,"nb_expanded":4496985,"nb_generated":1052474911,"nb_guide":1052474883,"nb_sols_created":0,"nb_trashed":8988,"nodes_generated_per_sec":974505.875,"time_searched":1080.0087890625}