{"avg_branching_factor":169.02272794650446,"nb_eval":31,"nb_expanded":2900878,"nb_generated":490314313,"nb_guide":490314296,"nb_sols_created":0,"nb_trashed":9430,"nodes_generated_per_sec":1815921.875,"time_searched":270.00848388671875}