{"avg_branching_factor":167.75307375617336,"nb_eval":13,"nb_expanded":2862296,"nb_generated":480158952,"nb_guide":480158953,"nb_sols_created":0,"nb_trashed":18948,"nodes_generated_per_sec":1778345.5,"time_searched":270.003173828125}