{"avg_branching_factor":462.13933521814516,"nb_eval":16,"nb_expanded":4174422,"nb_generated":1929164608,"nb_guide":1929164605,"nb_sols_created":0,"nb_trashed":10498,"nodes_generated_per_sec":1339695.625,"time_searched":1440.0020751953125}