{"avg_branching_factor":181.29078034706993,"nb_eval":13,"nb_expanded":1624226,"nb_generated":294457199,"nb_guide":294457199,"nb_sols_created":0,"nb_trashed":8699,"nodes_generated_per_sec":545285.875,"time_searched":540.005126953125}