{"avg_branching_factor":208.3574393808322,"nb_eval":8,"nb_expanded":195359,"nb_generated":40704501,"nb_guide":40704504,"nb_sols_created":0,"nb_trashed":10663,"nodes_generated_per_sec":556570.625,"time_searched":73.13447570800781}