{"avg_branching_factor":286.7017513355686,"nb_eval":7,"nb_expanded":1276797,"nb_generated":366059936,"nb_guide":366059941,"nb_sols_created":0,"nb_trashed":14980,"nodes_generated_per_sec":677887.9375,"time_searched":540.0006713867188}