{"avg_branching_factor":293.71063239268506,"nb_eval":8,"nb_expanded":2004008,"nb_generated":588598457,"nb_guide":588598461,"nb_sols_created":0,"nb_trashed":13595,"nodes_generated_per_sec":544998.0,"time_searched":1080.0010986328125}