{"avg_branching_factor":57.08984111226547,"nb_eval":48,"nb_expanded":4091757,"nb_generated":233597757,"nb_guide":233597725,"nb_sols_created":0,"nb_trashed":44039,"nodes_generated_per_sec":1297278.875,"time_searched":180.06748962402344}