{"avg_branching_factor":115.44387047949276,"nb_eval":22,"nb_expanded":2344123,"nb_generated":270614632,"nb_guide":270614624,"nb_sols_created":0,"nb_trashed":35505,"nodes_generated_per_sec":501128.84375,"time_searched":540.0100708007812}