{"avg_branching_factor":57.53936575795682,"nb_eval":21,"nb_expanded":4861141,"nb_generated":279706970,"nb_guide":279706965,"nb_sols_created":0,"nb_trashed":40750,"nodes_generated_per_sec":1035672.5625,"time_searched":270.0727844238281}