{"avg_branching_factor":171.7991455542951,"nb_eval":34,"nb_expanded":3919266,"nb_generated":673326550,"nb_guide":673326530,"nb_sols_created":0,"nb_trashed":8267,"nodes_generated_per_sec":1246877.25,"time_searched":540.01025390625}