{"avg_branching_factor":350.19387264812656,"nb_eval":28,"nb_expanded":3625514,"nb_generated":1269632788,"nb_guide":1269632773,"nb_sols_created":0,"nb_trashed":4311,"nodes_generated_per_sec":1175582.625,"time_searched":1080.0030517578125}