{"avg_branching_factor":351.4874765276615,"nb_eval":18,"nb_expanded":2998210,"nb_generated":1053833267,"nb_guide":1053833262,"nb_sols_created":0,"nb_trashed":4863,"nodes_generated_per_sec":1672748.0,"time_searched":630.001220703125}