{"avg_branching_factor":115.53066063527413,"nb_eval":21,"nb_expanded":2103218,"nb_generated":242986165,"nb_guide":242986158,"nb_sols_created":0,"nb_trashed":9218,"nodes_generated_per_sec":449966.6875,"time_searched":540.0092163085938}