{"avg_branching_factor":220.30484326967,"nb_eval":13,"nb_expanded":2105974,"nb_generated":463956272,"nb_guide":463956272,"nb_sols_created":0,"nb_trashed":12504,"nodes_generated_per_sec":644381.125,"time_searched":720.0029296875}