{"avg_branching_factor":280.2385365425343,"nb_eval":36,"nb_expanded":4760562,"nb_generated":1334092928,"nb_guide":1334092906,"nb_sols_created":0,"nb_trashed":8680,"nodes_generated_per_sec":988208.25,"time_searched":1350.011962890625}