{"avg_branching_factor":403.4028288638101,"nb_eval":28,"nb_expanded":4528037,"nb_generated":1826622935,"nb_guide":1826622920,"nb_sols_created":0,"nb_trashed":4204,"nodes_generated_per_sec":966464.75,"time_searched":1890.0047607421875}