{"avg_branching_factor":233.73746585366013,"nb_eval":53,"nb_expanded":4606277,"nb_generated":1076659513,"nb_guide":1076659474,"nb_sols_created":0,"nb_trashed":8159,"nodes_generated_per_sec":996893.1875,"time_searched":1080.014892578125}