{"avg_branching_factor":272.88391764626834,"nb_eval":10,"nb_expanded":4524288,"nb_generated":1234605434,"nb_guide":1234605438,"nb_sols_created":0,"nb_trashed":29986,"nodes_generated_per_sec":1371777.25,"time_searched":900.0043334960938}