{"avg_branching_factor":180.97867540252108,"nb_eval":14,"nb_expanded":1599233,"nb_generated":289427070,"nb_guide":289427069,"nb_sols_created":0,"nb_trashed":8580,"nodes_generated_per_sec":535971.1875,"time_searched":540.0048828125}