{"avg_branching_factor":357.1908177071436,"nb_eval":13,"nb_expanded":2959348,"nb_generated":1057051932,"nb_guide":1057051932,"nb_sols_created":0,"nb_trashed":6104,"nodes_generated_per_sec":1677855.125,"time_searched":630.0018920898438}