{"avg_branching_factor":139.86054093421856,"nb_eval":12,"nb_expanded":2674706,"nb_generated":374085828,"nb_guide":374085830,"nb_sols_created":0,"nb_trashed":48947,"nodes_generated_per_sec":461827.59375,"time_searched":810.0118408203125}