{"avg_branching_factor":66.27857881195932,"nb_eval":12,"nb_expanded":1533365,"nb_generated":101629253,"nb_guide":101629254,"nb_sols_created":0,"nb_trashed":8344,"nodes_generated_per_sec":564639.4375,"time_searched":179.98965454101562}