{"avg_branching_factor":159.03429018593278,"nb_eval":47,"nb_expanded":5222748,"nb_generated":830596021,"nb_guide":830595989,"nb_sols_created":0,"nb_trashed":19760,"nodes_generated_per_sec":1025391.9375,"time_searched":810.02783203125}