{"avg_branching_factor":57.65146654733286,"nb_eval":25,"nb_expanded":4060319,"nb_generated":234083345,"nb_guide":234083336,"nb_sols_created":0,"nb_trashed":41761,"nodes_generated_per_sec":1300043.75,"time_searched":180.0580596923828}