{"avg_branching_factor":459.1533084306961,"nb_eval":9,"nb_expanded":2627031,"nb_generated":1206209975,"nb_guide":1206209978,"nb_sols_created":0,"nb_trashed":2039,"nodes_generated_per_sec":1675333.625,"time_searched":719.98193359375}