{"avg_branching_factor":232.09226479772613,"nb_eval":14,"nb_expanded":4337288,"nb_generated":1006650995,"nb_guide":1006650995,"nb_sols_created":0,"nb_trashed":37041,"nodes_generated_per_sec":1398116.5,"time_searched":720.005126953125}