{"avg_branching_factor":169.4001677217832,"nb_eval":14,"nb_expanded":4072220,"nb_generated":689834751,"nb_guide":689834751,"nb_sols_created":0,"nb_trashed":8179,"nodes_generated_per_sec":1277455.875,"time_searched":540.0067138671875}