{"avg_branching_factor":290.35741938561483,"nb_eval":8,"nb_expanded":2683268,"nb_generated":779106772,"nb_guide":779106777,"nb_sols_created":0,"nb_trashed":16508,"nodes_generated_per_sec":1731335.375,"time_searched":450.00335693359375}