{"avg_branching_factor":241.5345217533382,"nb_eval":6,"nb_expanded":2368579,"nb_generated":572093596,"nb_guide":572093603,"nb_sols_created":0,"nb_trashed":17406,"nodes_generated_per_sec":423770.4375,"time_searched":1350.0081787109375}