{"avg_branching_factor":318.5911778400747,"nb_eval":14,"nb_expanded":2289394,"nb_generated":729380731,"nb_guide":729380729,"nb_sols_created":0,"nb_trashed":2819,"nodes_generated_per_sec":450234.71875,"time_searched":1620.0010986328125}