{"avg_branching_factor":169.6064955293438,"nb_eval":20,"nb_expanded":2894206,"nb_generated":490876137,"nb_guide":490876131,"nb_sols_created":0,"nb_trashed":10052,"nodes_generated_per_sec":1818018.875,"time_searched":270.0060729980469}