{"avg_branching_factor":375.3356829609226,"nb_eval":9,"nb_expanded":2041742,"nb_generated":766338628,"nb_guide":766338631,"nb_sols_created":0,"nb_trashed":10341,"nodes_generated_per_sec":608204.5625,"time_searched":1260.00146484375}