{"avg_branching_factor":464.36566456564935,"nb_eval":14,"nb_expanded":2021719,"nb_generated":938816887,"nb_guide":938816885,"nb_sols_created":0,"nb_trashed":18836,"nodes_generated_per_sec":434637.09375,"time_searched":2160.001708984375}