{"avg_branching_factor":459.99853792659763,"nb_eval":15,"nb_expanded":2611360,"nb_generated":1201221782,"nb_guide":1201221779,"nb_sols_created":0,"nb_trashed":2622,"nodes_generated_per_sec":1668360.5,"time_searched":720.0013427734375}