{"avg_branching_factor":269.4704462729147,"nb_eval":18,"nb_expanded":2238787,"nb_generated":603286932,"nb_guide":603286927,"nb_sols_created":0,"nb_trashed":6247,"nodes_generated_per_sec":670315.9375,"time_searched":900.0038452148438}