{"avg_branching_factor":325.0287874030798,"nb_eval":13,"nb_expanded":4436767,"nb_generated":1442076998,"nb_guide":1442076998,"nb_sols_created":0,"nb_trashed":4828,"nodes_generated_per_sec":1335252.125,"time_searched":1080.0035400390625}