{"avg_branching_factor":183.78557261124524,"nb_eval":5,"nb_expanded":208728,"nb_generated":38361195,"nb_guide":38361200,"nb_sols_created":0,"nb_trashed":2626,"nodes_generated_per_sec":547239.625,"time_searched":70.09944915771484}