{"avg_branching_factor":347.71215029923803,"nb_eval":39,"nb_expanded":3786952,"nb_generated":1316769223,"nb_guide":1316769197,"nb_sols_created":0,"nb_trashed":4083,"nodes_generated_per_sec":1219225.625,"time_searched":1080.004638671875}