{"avg_branching_factor":109.44961314643402,"nb_eval":10,"nb_expanded":1199291,"nb_generated":131261936,"nb_guide":131261939,"nb_sols_created":0,"nb_trashed":18671,"nodes_generated_per_sec":729224.25,"time_searched":180.0021514892578}