{"avg_branching_factor":236.43059610140455,"nb_eval":17,"nb_expanded":1840509,"nb_generated":435152640,"nb_guide":435152636,"nb_sols_created":0,"nb_trashed":8333,"nodes_generated_per_sec":604375.125,"time_searched":720.0042114257812}