{"avg_branching_factor":290.76527730116413,"nb_eval":21,"nb_expanded":2689693,"nb_generated":782069331,"nb_guide":782069323,"nb_sols_created":0,"nb_trashed":17770,"nodes_generated_per_sec":1737921.25,"time_searched":450.00274658203125}