{"avg_branching_factor":408.25476123136656,"nb_eval":33,"nb_expanded":3829209,"nb_generated":1563292806,"nb_guide":1563292786,"nb_sols_created":0,"nb_trashed":4350,"nodes_generated_per_sec":1240705.75,"time_searched":1260.0028076171875}