{"avg_branching_factor":243.16812669820112,"nb_eval":20,"nb_expanded":2036714,"nb_generated":495263928,"nb_guide":495263921,"nb_sols_created":0,"nb_trashed":7423,"nodes_generated_per_sec":458575.1875,"time_searched":1080.0059814453125}