{"avg_branching_factor":57.48039091735864,"nb_eval":17,"nb_expanded":4990927,"nb_generated":286880435,"nb_guide":286880434,"nb_sols_created":0,"nb_trashed":73232,"nodes_generated_per_sec":1062380.875,"time_searched":270.035400390625}