{"avg_branching_factor":321.7986137573166,"nb_eval":29,"nb_expanded":2574441,"nb_generated":828451545,"nb_guide":828451529,"nb_sols_created":0,"nb_trashed":9203,"nodes_generated_per_sec":511388.75,"time_searched":1620.00341796875}