{"avg_branching_factor":492.12856157952257,"nb_eval":7,"nb_expanded":2027752,"nb_generated":997914675,"nb_guide":997914680,"nb_sols_created":0,"nb_trashed":4342,"nodes_generated_per_sec":461996.96875,"time_searched":2160.002685546875}