{"avg_branching_factor":202.06374476729945,"nb_eval":16,"nb_expanded":3217268,"nb_generated":650093220,"nb_guide":650093217,"nb_sols_created":0,"nb_trashed":4733,"nodes_generated_per_sec":1805805.375,"time_searched":360.0018310546875}