{"avg_branching_factor":271.9343091507245,"nb_eval":12,"nb_expanded":4504463,"nb_generated":1224918034,"nb_guide":1224918036,"nb_sols_created":0,"nb_trashed":13926,"nodes_generated_per_sec":1361010.75,"time_searched":900.0061645507812}