{"avg_branching_factor":55.99270733117173,"nb_eval":38,"nb_expanded":2010238,"nb_generated":112558668,"nb_guide":112558645,"nb_sols_created":0,"nb_trashed":23974,"nodes_generated_per_sec":625226.5625,"time_searched":180.0286102294922}