{"avg_branching_factor":125.3023532882562,"nb_eval":5,"nb_expanded":1677865,"nb_generated":210240433,"nb_guide":210240440,"nb_sols_created":0,"nb_trashed":171137,"nodes_generated_per_sec":467199.71875,"time_searched":450.0011901855469}