{"avg_branching_factor":361.70572631670854,"nb_eval":9,"nb_expanded":2015746,"nb_generated":729106871,"nb_guide":729106874,"nb_sols_created":0,"nb_trashed":32838,"nodes_generated_per_sec":578655.6875,"time_searched":1260.001220703125}