{"avg_branching_factor":168.81464645751595,"nb_eval":24,"nb_expanded":2054053,"nb_generated":346754231,"nb_guide":346754220,"nb_sols_created":0,"nb_trashed":4622,"nodes_generated_per_sec":428088.625,"time_searched":810.0057373046875}