{"avg_branching_factor":168.26195765833396,"nb_eval":17,"nb_expanded":4136115,"nb_generated":695950807,"nb_guide":695950804,"nb_sols_created":0,"nb_trashed":8174,"nodes_generated_per_sec":1288778.375,"time_searched":540.0081176757812}