{"avg_branching_factor":109.99415956111643,"nb_eval":21,"nb_expanded":1839759,"nb_generated":202362745,"nb_guide":202362738,"nb_sols_created":0,"nb_trashed":9461,"nodes_generated_per_sec":562108.25,"time_searched":360.0067138671875}