{"avg_branching_factor":202.19063348498014,"nb_eval":3,"nb_expanded":1494921,"nb_generated":302259024,"nb_guide":302259033,"nb_sols_created":0,"nb_trashed":147955,"nodes_generated_per_sec":559738.25,"time_searched":540.0006103515625}