{"avg_branching_factor":464.83836558129707,"nb_eval":17,"nb_expanded":5007603,"nb_generated":2327725994,"nb_guide":2327725990,"nb_sols_created":0,"nb_trashed":5598,"nodes_generated_per_sec":1077649.75,"time_searched":2160.00244140625}