{"avg_branching_factor":58.52550206325982,"nb_eval":28,"nb_expanded":3955876,"nb_generated":231519629,"nb_guide":231519617,"nb_sols_created":0,"nb_trashed":54633,"nodes_generated_per_sec":1286031.25,"time_searched":180.0264434814453}