{"avg_branching_factor":268.9005350073576,"nb_eval":11,"nb_expanded":2492676,"nb_generated":670281910,"nb_guide":670281912,"nb_sols_created":0,"nb_trashed":10336,"nodes_generated_per_sec":496503.1875,"time_searched":1350.0052490234375}