{"avg_branching_factor":195.9133261284026,"nb_eval":11,"nb_expanded":1937562,"nb_generated":379594216,"nb_guide":379594218,"nb_sols_created":0,"nb_trashed":41810,"nodes_generated_per_sec":527211.875,"time_searched":720.003173828125}