{"avg_branching_factor":50.360630974681484,"nb_eval":30,"nb_expanded":3063134,"nb_generated":154261361,"nb_guide":154261346,"nb_sols_created":0,"nb_trashed":20217,"nodes_generated_per_sec":1713696.0,"time_searched":90.01676177978516}