{"avg_branching_factor":332.588502478615,"nb_eval":18,"nb_expanded":2804187,"nb_generated":932640355,"nb_guide":932640350,"nb_sols_created":0,"nb_trashed":4602,"nodes_generated_per_sec":1727104.625,"time_searched":540.0022583007812}