{"avg_branching_factor":233.71607838916267,"nb_eval":33,"nb_expanded":4552415,"nb_generated":1063972581,"nb_guide":1063972562,"nb_sols_created":0,"nb_trashed":8204,"nodes_generated_per_sec":985149.8125,"time_searched":1080.010986328125}