{"avg_branching_factor":326.6472312134412,"nb_eval":12,"nb_expanded":5316607,"nb_generated":1736654956,"nb_guide":1736654958,"nb_sols_created":0,"nb_trashed":21755,"nodes_generated_per_sec":1072003.875,"time_searched":1620.0081787109375}