{"avg_branching_factor":53.33501551651608,"nb_eval":19,"nb_expanded":1324073,"nb_generated":70619454,"nb_guide":70619449,"nb_sols_created":0,"nb_trashed":20799,"nodes_generated_per_sec":784584.875,"time_searched":90.0086898803711}