{"avg_branching_factor":467.8970799919568,"nb_eval":19,"nb_expanded":4515604,"nb_generated":2112837926,"nb_guide":2112837920,"nb_sols_created":0,"nb_trashed":4076,"nodes_generated_per_sec":978164.375,"time_searched":2160.0029296875}