{"avg_branching_factor":235.33343180312377,"nb_eval":6,"nb_expanded":4251727,"nb_generated":1000573506,"nb_guide":1000573514,"nb_sols_created":0,"nb_trashed":18146,"nodes_generated_per_sec":1389672.875,"time_searched":720.0065307617188}