{"avg_branching_factor":269.15036036224967,"nb_eval":10,"nb_expanded":2288808,"nb_generated":616033498,"nb_guide":616033500,"nb_sols_created":0,"nb_trashed":26991,"nodes_generated_per_sec":488914.96875,"time_searched":1260.001220703125}