{"avg_branching_factor":346.4928138467778,"nb_eval":14,"nb_expanded":3844129,"nb_generated":1331963074,"nb_guide":1331963073,"nb_sols_created":0,"nb_trashed":4086,"nodes_generated_per_sec":1233312.0,"time_searched":1079.98876953125}