{"avg_branching_factor":311.3439908497758,"nb_eval":26,"nb_expanded":5109383,"nb_generated":1590775694,"nb_guide":1590775682,"nb_sols_created":0,"nb_trashed":8165,"nodes_generated_per_sec":981954.3125,"time_searched":1620.0098876953125}