{"avg_branching_factor":115.37383706842185,"nb_eval":45,"nb_expanded":5067796,"nb_generated":584691070,"nb_guide":584691040,"nb_sols_created":0,"nb_trashed":21805,"nodes_generated_per_sec":1082703.25,"time_searched":540.0289306640625}