{"avg_branching_factor":231.30814273104446,"nb_eval":5,"nb_expanded":5087863,"nb_generated":1176864141,"nb_guide":1176864150,"nb_sols_created":0,"nb_trashed":11108,"nodes_generated_per_sec":1089678.5,"time_searched":1080.0103759765625}