{"avg_branching_factor":151.50750251464166,"nb_eval":30,"nb_expanded":4829714,"nb_generated":731737906,"nb_guide":731737891,"nb_sols_created":0,"nb_trashed":33662,"nodes_generated_per_sec":1355041.875,"time_searched":540.0112915039062}