{"avg_branching_factor":410.48382888333657,"nb_eval":11,"nb_expanded":2104833,"nb_generated":863999909,"nb_guide":863999910,"nb_sols_created":0,"nb_trashed":10931,"nodes_generated_per_sec":599999.375,"time_searched":1440.00146484375}