{"avg_branching_factor":159.2197216779416,"nb_eval":41,"nb_expanded":5243925,"nb_generated":834936279,"nb_guide":834936253,"nb_sols_created":0,"nb_trashed":16615,"nodes_generated_per_sec":1030751.1875,"time_searched":810.0269775390625}