{"avg_branching_factor":361.76655285957196,"nb_eval":27,"nb_expanded":2964080,"nb_generated":1072305004,"nb_guide":1072304990,"nb_sols_created":0,"nb_trashed":4562,"nodes_generated_per_sec":1702064.375,"time_searched":630.0026245117188}