{"avg_branching_factor":111.68348327259879,"nb_eval":19,"nb_expanded":1814179,"nb_generated":202613830,"nb_guide":202613825,"nb_sols_created":0,"nb_trashed":10633,"nodes_generated_per_sec":562801.0625,"time_searched":360.0096740722656}