{"avg_branching_factor":83.51695897373479,"nb_eval":13,"nb_expanded":1355595,"nb_generated":113215172,"nb_guide":113215173,"nb_sols_created":0,"nb_trashed":87454,"nodes_generated_per_sec":419310.21875,"time_searched":270.00335693359375}