{"avg_branching_factor":112.45535080717809,"nb_eval":12,"nb_expanded":1987046,"nb_generated":223453955,"nb_guide":223453957,"nb_sols_created":0,"nb_trashed":8546,"nodes_generated_per_sec":620688.6875,"time_searched":360.00970458984375}