{"avg_branching_factor":283.6147847003045,"nb_eval":11,"nb_expanded":1798075,"nb_generated":509960654,"nb_guide":509960656,"nb_sols_created":0,"nb_trashed":10483,"nodes_generated_per_sec":566620.1875,"time_searched":900.00439453125}