{"avg_branching_factor":55.09017599486444,"nb_eval":9,"nb_expanded":1333448,"nb_generated":73459885,"nb_guide":73459890,"nb_sols_created":0,"nb_trashed":136291,"nodes_generated_per_sec":272060.4375,"time_searched":270.01312255859375}