{"avg_branching_factor":57.143836888125456,"nb_eval":48,"nb_expanded":4109523,"nb_generated":234833912,"nb_guide":234833880,"nb_sols_created":0,"nb_trashed":50014,"nodes_generated_per_sec":1304335.125,"time_searched":180.0410919189453}