{"avg_branching_factor":57.332889768502056,"nb_eval":27,"nb_expanded":2424298,"nb_generated":138992010,"nb_guide":138991998,"nb_sols_created":0,"nb_trashed":28873,"nodes_generated_per_sec":514726.25,"time_searched":270.03094482421875}