{"avg_branching_factor":359.472894863992,"nb_eval":6,"nb_expanded":2949275,"nb_generated":1060184422,"nb_guide":1060184429,"nb_sols_created":0,"nb_trashed":5579,"nodes_generated_per_sec":1682828.875,"time_searched":630.0013427734375}