{"avg_branching_factor":57.18967913147547,"nb_eval":51,"nb_expanded":4096787,"nb_generated":234293934,"nb_guide":234293899,"nb_sols_created":0,"nb_trashed":40369,"nodes_generated_per_sec":1301241.875,"time_searched":180.05409240722656}