{"avg_branching_factor":116.03349253947741,"nb_eval":16,"nb_expanded":4303854,"nb_generated":499391211,"nb_guide":499391210,"nb_sols_created":0,"nb_trashed":16369,"nodes_generated_per_sec":1387129.25,"time_searched":360.0177917480469}