{"avg_branching_factor":331.5698761331441,"nb_eval":15,"nb_expanded":4300424,"nb_generated":1425891053,"nb_guide":1425891051,"nb_sols_created":0,"nb_trashed":5350,"nodes_generated_per_sec":1320267.375,"time_searched":1080.001708984375}