{"avg_branching_factor":216.0427708743023,"nb_eval":8,"nb_expanded":2024906,"nb_generated":437466303,"nb_guide":437466308,"nb_sols_created":0,"nb_trashed":10289,"nodes_generated_per_sec":607589.75,"time_searched":720.0027465820312}