{"avg_branching_factor":158.05634791535212,"nb_eval":38,"nb_expanded":2591205,"nb_generated":409556399,"nb_guide":409556375,"nb_sols_created":0,"nb_trashed":11089,"nodes_generated_per_sec":505620.21875,"time_searched":810.0079345703125}