{"avg_branching_factor":57.969594677118614,"nb_eval":34,"nb_expanded":2333473,"nb_generated":135270484,"nb_guide":135270465,"nb_sols_created":0,"nb_trashed":21091,"nodes_generated_per_sec":500936.78125,"time_searched":270.0350341796875}