{"avg_branching_factor":467.8119598648986,"nb_eval":16,"nb_expanded":4492626,"nb_generated":2101704174,"nb_guide":2101704171,"nb_sols_created":0,"nb_trashed":4079,"nodes_generated_per_sec":973008.875,"time_searched":2160.005126953125}