{"avg_branching_factor":408.9237381054991,"nb_eval":40,"nb_expanded":3807747,"nb_generated":1557078137,"nb_guide":1557078110,"nb_sols_created":0,"nb_trashed":4250,"nodes_generated_per_sec":1235772.875,"time_searched":1260.0035400390625}