{"avg_branching_factor":163.42137011121238,"nb_eval":28,"nb_expanded":5369097,"nb_generated":877425188,"nb_guide":877425175,"nb_sols_created":0,"nb_trashed":35952,"nodes_generated_per_sec":1083216.625,"time_searched":810.0182495117188}