{"avg_branching_factor":104.09200916726165,"nb_eval":14,"nb_expanded":1467832,"nb_generated":152789582,"nb_guide":152789581,"nb_sols_created":0,"nb_trashed":10333,"nodes_generated_per_sec":848816.125,"time_searched":180.00315856933594}