{"avg_branching_factor":181.77274120548716,"nb_eval":10,"nb_expanded":1614899,"nb_generated":293544618,"nb_guide":293544621,"nb_sols_created":0,"nb_trashed":7508,"nodes_generated_per_sec":543596.5,"time_searched":540.0045776367188}