{"avg_branching_factor":290.3748494678647,"nb_eval":17,"nb_expanded":2678830,"nb_generated":777864858,"nb_guide":777864854,"nb_sols_created":0,"nb_trashed":4912,"nodes_generated_per_sec":1728579.625,"time_searched":450.0023193359375}