{"avg_branching_factor":251.08508646511604,"nb_eval":10,"nb_expanded":1995429,"nb_generated":501022463,"nb_guide":501022465,"nb_sols_created":0,"nb_trashed":6537,"nodes_generated_per_sec":463909.21875,"time_searched":1080.0010986328125}