{"avg_branching_factor":355.8097669532327,"nb_eval":11,"nb_expanded":2944173,"nb_generated":1047565509,"nb_guide":1047565511,"nb_sols_created":0,"nb_trashed":17543,"nodes_generated_per_sec":1662797.125,"time_searched":630.0020141601562}