{"avg_branching_factor":266.2461162166536,"nb_eval":11,"nb_expanded":4399576,"nb_generated":1171370023,"nb_guide":1171370026,"nb_sols_created":0,"nb_trashed":8181,"nodes_generated_per_sec":1301512.625,"time_searched":900.006591796875}