{"avg_branching_factor":213.15609419850065,"nb_eval":33,"nb_expanded":3021874,"nb_generated":644130859,"nb_guide":644130839,"nb_sols_created":0,"nb_trashed":4442,"nodes_generated_per_sec":1789242.125,"time_searched":360.0020751953125}