{"avg_branching_factor":139.28730928817168,"nb_eval":9,"nb_expanded":1517866,"nb_generated":211419471,"nb_guide":211419477,"nb_sols_created":0,"nb_trashed":224757,"nodes_generated_per_sec":335581.5625,"time_searched":630.0092163085938}