{"avg_branching_factor":115.39555864494606,"nb_eval":57,"nb_expanded":5022206,"nb_generated":579540267,"nb_guide":579540225,"nb_sols_created":0,"nb_trashed":21930,"nodes_generated_per_sec":1073177.75,"time_searched":540.0226440429688}