{"avg_branching_factor":417.25421078380856,"nb_eval":13,"nb_expanded":1999034,"nb_generated":834105354,"nb_guide":834105353,"nb_sols_created":0,"nb_trashed":10698,"nodes_generated_per_sec":441325.25,"time_searched":1890.00146484375}