{"avg_branching_factor":462.7697357502234,"nb_eval":9,"nb_expanded":1759396,"nb_generated":814195222,"nb_guide":814195225,"nb_sols_created":0,"nb_trashed":5780,"nodes_generated_per_sec":565412.5625,"time_searched":1440.001953125}