{"avg_branching_factor":402.59012978253656,"nb_eval":27,"nb_expanded":4560629,"nb_generated":1836064221,"nb_guide":1836064207,"nb_sols_created":0,"nb_trashed":4254,"nodes_generated_per_sec":971460.3125,"time_searched":1890.00439453125}