{"avg_branching_factor":311.82713547175973,"nb_eval":34,"nb_expanded":5102163,"nb_generated":1590992873,"nb_guide":1590992853,"nb_sols_created":0,"nb_trashed":9839,"nodes_generated_per_sec":982088.3125,"time_searched":1620.010009765625}