{"avg_branching_factor":311.17636168898963,"nb_eval":47,"nb_expanded":5106177,"nb_generated":1588921581,"nb_guide":1588921548,"nb_sols_created":0,"nb_trashed":8168,"nodes_generated_per_sec":980812.0625,"time_searched":1620.0062255859375}