{"avg_branching_factor":352.8720042543322,"nb_eval":11,"nb_expanded":2517904,"nb_generated":888497831,"nb_guide":888497832,"nb_sols_created":0,"nb_trashed":7068,"nodes_generated_per_sec":470104.34375,"time_searched":1890.0013427734375}