{"avg_branching_factor":58.25733835889162,"nb_eval":21,"nb_expanded":4157946,"nb_generated":242230867,"nb_guide":242230862,"nb_sols_created":0,"nb_trashed":36742,"nodes_generated_per_sec":1345479.5,"time_searched":180.03311157226562}