{"avg_branching_factor":171.69225220438219,"nb_eval":19,"nb_expanded":1994890,"nb_generated":342507157,"nb_guide":342507151,"nb_sols_created":0,"nb_trashed":5329,"nodes_generated_per_sec":422845.84375,"time_searched":810.0048217773438}