{"avg_branching_factor":112.31856861158073,"nb_eval":3,"nb_expanded":1599985,"nb_generated":179708025,"nb_guide":179708035,"nb_sols_created":0,"nb_trashed":186820,"nodes_generated_per_sec":499184.78125,"time_searched":360.0030212402344}