{"avg_branching_factor":324.1021497334411,"nb_eval":17,"nb_expanded":5381737,"nb_generated":1744232531,"nb_guide":1744232528,"nb_sols_created":0,"nb_trashed":11009,"nodes_generated_per_sec":1076680.875,"time_searched":1620.0089111328125}