{"avg_branching_factor":90.79349625838229,"nb_eval":10,"nb_expanded":1317211,"nb_generated":119594192,"nb_guide":119594196,"nb_sols_created":0,"nb_trashed":47526,"nodes_generated_per_sec":664389.5,"time_searched":180.0061492919922}