{"avg_branching_factor":170.94407553738972,"nb_eval":18,"nb_expanded":2009389,"nb_generated":343493145,"nb_guide":343493140,"nb_sols_created":0,"nb_trashed":5803,"nodes_generated_per_sec":424063.125,"time_searched":810.0047607421875}