{"avg_branching_factor":289.01399552719295,"nb_eval":13,"nb_expanded":2124393,"nb_generated":613979309,"nb_guide":613979308,"nb_sols_created":0,"nb_trashed":7128,"nodes_generated_per_sec":568498.6875,"time_searched":1080.0013427734375}