{"avg_branching_factor":58.777618201908666,"nb_eval":20,"nb_expanded":2092352,"nb_generated":122983467,"nb_guide":122983462,"nb_sols_created":0,"nb_trashed":24159,"nodes_generated_per_sec":455437.53125,"time_searched":270.0336608886719}