{"avg_branching_factor":344.48421636170394,"nb_eval":19,"nb_expanded":3923430,"nb_generated":1351559709,"nb_guide":1351559703,"nb_sols_created":0,"nb_trashed":4079,"nodes_generated_per_sec":1251436.75,"time_searched":1080.00634765625}