{"avg_branching_factor":384.2664327733947,"nb_eval":8,"nb_expanded":2296204,"nb_generated":882354120,"nb_guide":882354124,"nb_sols_created":0,"nb_trashed":14921,"nodes_generated_per_sec":466853.8125,"time_searched":1890.0008544921875}