{"avg_branching_factor":233.43317352821444,"nb_eval":4,"nb_expanded":4288974,"nb_generated":1001188812,"nb_guide":1001188822,"nb_sols_created":0,"nb_trashed":14322,"nodes_generated_per_sec":1390532.875,"time_searched":720.003662109375}