{"avg_branching_factor":150.0770090335711,"nb_eval":15,"nb_expanded":2604175,"nb_generated":390826795,"nb_guide":390826794,"nb_sols_created":0,"nb_trashed":16488,"nodes_generated_per_sec":482496.84375,"time_searched":810.0089721679688}