{"avg_branching_factor":233.11037630641266,"nb_eval":9,"nb_expanded":4834996,"nb_generated":1127087737,"nb_guide":1127087742,"nb_sols_created":0,"nb_trashed":8182,"nodes_generated_per_sec":1043592.125,"time_searched":1080.0079345703125}