{"avg_branching_factor":312.2506355369768,"nb_eval":42,"nb_expanded":5126767,"nb_generated":1600836254,"nb_guide":1600836226,"nb_sols_created":0,"nb_trashed":8203,"nodes_generated_per_sec":988165.25,"time_searched":1620.0086669921875}