{"avg_branching_factor":259.2402773984278,"nb_eval":12,"nb_expanded":2006356,"nb_generated":520128286,"nb_guide":520128286,"nb_sols_created":0,"nb_trashed":5078,"nodes_generated_per_sec":481599.875,"time_searched":1080.0008544921875}