{"avg_branching_factor":230.94283909873056,"nb_eval":9,"nb_expanded":4159644,"nb_generated":960639995,"nb_guide":960640000,"nb_sols_created":0,"nb_trashed":8331,"nodes_generated_per_sec":1334210.0,"time_searched":720.006591796875}