{"avg_branching_factor":58.586834120815595,"nb_eval":16,"nb_expanded":4788256,"nb_generated":280528760,"nb_guide":280528760,"nb_sols_created":0,"nb_trashed":40087,"nodes_generated_per_sec":1038737.125,"time_searched":270.067138671875}