{"avg_branching_factor":277.37145346968845,"nb_eval":37,"nb_expanded":4695681,"nb_generated":1302447864,"nb_guide":1302447841,"nb_sols_created":0,"nb_trashed":8657,"nodes_generated_per_sec":964771.25,"time_searched":1350.0069580078125}