{"avg_branching_factor":50.046816578700344,"nb_eval":28,"nb_expanded":3168258,"nb_generated":158561227,"nb_guide":158561215,"nb_sols_created":0,"nb_trashed":38674,"nodes_generated_per_sec":1761409.25,"time_searched":90.01953125}