{"avg_branching_factor":468.07237197250515,"nb_eval":14,"nb_expanded":1972877,"nb_generated":923449217,"nb_guide":923449215,"nb_sols_created":0,"nb_trashed":2954,"nodes_generated_per_sec":427522.34375,"time_searched":2160.002197265625}