{"avg_branching_factor":228.96712017993158,"nb_eval":13,"nb_expanded":2307099,"nb_generated":528249814,"nb_guide":528249814,"nb_sols_created":0,"nb_trashed":10951,"nodes_generated_per_sec":489118.71875,"time_searched":1080.0032958984375}