{"avg_branching_factor":262.7588334201896,"nb_eval":38,"nb_expanded":4321316,"nb_generated":1135463951,"nb_guide":1135463927,"nb_sols_created":0,"nb_trashed":8271,"nodes_generated_per_sec":1261614.5,"time_searched":900.0086669921875}