{"avg_branching_factor":57.51931552804875,"nb_eval":17,"nb_expanded":4088524,"nb_generated":235169102,"nb_guide":235169101,"nb_sols_created":0,"nb_trashed":66598,"nodes_generated_per_sec":1306347.25,"time_searched":180.02035522460938}