{"avg_branching_factor":37.94452403114304,"nb_eval":9,"nb_expanded":1650192,"nb_generated":62615750,"nb_guide":62615756,"nb_sols_created":0,"nb_trashed":187863,"nodes_generated_per_sec":695589.4375,"time_searched":90.01826477050781}