{"avg_branching_factor":118.41936741878328,"nb_eval":16,"nb_expanded":1802646,"nb_generated":213468199,"nb_guide":213468197,"nb_sols_created":0,"nb_trashed":16585,"nodes_generated_per_sec":592947.375,"time_searched":360.01202392578125}