{"avg_branching_factor":163.1375365165738,"nb_eval":28,"nb_expanded":5354418,"nb_generated":873506562,"nb_guide":873506549,"nb_sols_created":0,"nb_trashed":35952,"nodes_generated_per_sec":1078382.5,"time_searched":810.0155639648438}