{"avg_branching_factor":456.93879501095097,"nb_eval":23,"nb_expanded":2665518,"nb_generated":1217978583,"nb_guide":1217978572,"nb_sols_created":0,"nb_trashed":2160,"nodes_generated_per_sec":1691635.25,"time_searched":720.000732421875}