{"avg_branching_factor":351.4285554165169,"nb_eval":15,"nb_expanded":5754593,"nb_generated":2022328305,"nb_guide":2022328304,"nb_sols_created":0,"nb_trashed":29963,"nodes_generated_per_sec":1070012.75,"time_searched":1890.0040283203125}