{"avg_branching_factor":466.99311189457484,"nb_eval":39,"nb_expanded":4409195,"nb_generated":2059063694,"nb_guide":2059063668,"nb_sols_created":0,"nb_trashed":4100,"nodes_generated_per_sec":953268.9375,"time_searched":2160.0029296875}