{"avg_branching_factor":408.12971622573826,"nb_eval":7,"nb_expanded":4136915,"nb_generated":1688397945,"nb_guide":1688397951,"nb_sols_created":0,"nb_trashed":21476,"nodes_generated_per_sec":1339995.0,"time_searched":1260.003173828125}