{"avg_branching_factor":196.2530931131056,"nb_eval":13,"nb_expanded":2148806,"nb_generated":421709824,"nb_guide":421709824,"nb_sols_created":0,"nb_trashed":45056,"nodes_generated_per_sec":585705.4375,"time_searched":720.0032348632812}