{"avg_branching_factor":265.4569104247614,"nb_eval":6,"nb_expanded":1317987,"nb_generated":349868757,"nb_guide":349868763,"nb_sols_created":0,"nb_trashed":81454,"nodes_generated_per_sec":777484.125,"time_searched":450.0011901855469}