{"avg_branching_factor":75.55315835684821,"nb_eval":8,"nb_expanded":905455,"nb_generated":68409985,"nb_guide":68409990,"nb_sols_created":0,"nb_trashed":39135,"nodes_generated_per_sec":460448.1875,"time_searched":148.57260131835938}