{"avg_branching_factor":206.74312488949136,"nb_eval":8,"nb_expanded":1272525,"nb_generated":263085795,"nb_guide":263085799,"nb_sols_created":0,"nb_trashed":12517,"nodes_generated_per_sec":730792.4375,"time_searched":360.0007019042969}