{"avg_branching_factor":229.1436789036572,"nb_eval":9,"nb_expanded":1911227,"nb_generated":437945586,"nb_guide":437945590,"nb_sols_created":0,"nb_trashed":6165,"nodes_generated_per_sec":608255.125,"time_searched":720.003173828125}