{"avg_branching_factor":325.79037611169974,"nb_eval":13,"nb_expanded":4420708,"nb_generated":1440224122,"nb_guide":1440224122,"nb_sols_created":0,"nb_trashed":4828,"nodes_generated_per_sec":1333537.0,"time_searched":1080.003173828125}