{"avg_branching_factor":132.59984747031618,"nb_eval":10,"nb_expanded":1286307,"nb_generated":170564112,"nb_guide":170564115,"nb_sols_created":0,"nb_trashed":14681,"nodes_generated_per_sec":631715.25,"time_searched":270.0015869140625}