{"avg_branching_factor":326.31805779244667,"nb_eval":15,"nb_expanded":4409642,"nb_generated":1438945813,"nb_guide":1438945811,"nb_sols_created":0,"nb_trashed":4449,"nodes_generated_per_sec":1332353.0,"time_searched":1080.00341796875}