{"avg_branching_factor":461.5500593187206,"nb_eval":13,"nb_expanded":4153832,"nb_generated":1917201406,"nb_guide":1917201406,"nb_sols_created":0,"nb_trashed":8082,"nodes_generated_per_sec":1331387.375,"time_searched":1440.002685546875}