{"avg_branching_factor":231.28815049934133,"nb_eval":27,"nb_expanded":5067876,"nb_generated":1172139667,"nb_guide":1172139654,"nb_sols_created":0,"nb_trashed":10594,"nodes_generated_per_sec":1085306.625,"time_searched":1080.0078125}