{"avg_branching_factor":278.7427127421391,"nb_eval":41,"nb_expanded":4743348,"nb_generated":1322173689,"nb_guide":1322173662,"nb_sols_created":0,"nb_trashed":8151,"nodes_generated_per_sec":979381.375,"time_searched":1350.009033203125}