{"avg_branching_factor":290.55059090335834,"nb_eval":17,"nb_expanded":2688003,"nb_generated":781000860,"nb_guide":781000856,"nb_sols_created":0,"nb_trashed":4912,"nodes_generated_per_sec":1735548.75,"time_searched":450.0022277832031}