{"avg_branching_factor":138.3169366882955,"nb_eval":9,"nb_expanded":1303661,"nb_generated":180318396,"nb_guide":180318400,"nb_sols_created":0,"nb_trashed":38741,"nodes_generated_per_sec":400705.84375,"time_searched":450.0019226074219}