{"avg_branching_factor":171.6299162534474,"nb_eval":15,"nb_expanded":1704906,"nb_generated":292612874,"nb_guide":292612872,"nb_sols_created":0,"nb_trashed":25992,"nodes_generated_per_sec":541872.625,"time_searched":540.0030517578125}