{"avg_branching_factor":290.7067846537514,"nb_eval":29,"nb_expanded":2691029,"nb_generated":782300388,"nb_guide":782300372,"nb_sols_created":0,"nb_trashed":4437,"nodes_generated_per_sec":1738432.125,"time_searched":450.00341796875}