{"avg_branching_factor":226.5189439625958,"nb_eval":10,"nb_expanded":2309047,"nb_generated":523042888,"nb_guide":523042891,"nb_sols_created":0,"nb_trashed":9164,"nodes_generated_per_sec":484296.4375,"time_searched":1080.005615234375}