{"avg_branching_factor":361.3467551921686,"nb_eval":21,"nb_expanded":2962009,"nb_generated":1070312341,"nb_guide":1070312333,"nb_sols_created":0,"nb_trashed":4152,"nodes_generated_per_sec":1698904.0,"time_searched":630.0016479492188}