{"avg_branching_factor":168.7156634369022,"nb_eval":24,"nb_expanded":2895980,"nb_generated":488597187,"nb_guide":488597177,"nb_sols_created":0,"nb_trashed":8826,"nodes_generated_per_sec":1809570.5,"time_searched":270.00726318359375}