{"avg_branching_factor":115.3682116423461,"nb_eval":22,"nb_expanded":2042578,"nb_generated":235648571,"nb_guide":235648563,"nb_sols_created":0,"nb_trashed":10962,"nodes_generated_per_sec":436377.96875,"time_searched":540.01025390625}