{"avg_branching_factor":120.95471530732806,"nb_eval":7,"nb_expanded":1508258,"nb_generated":182430917,"nb_guide":182430923,"nb_sols_created":0,"nb_trashed":116102,"nodes_generated_per_sec":675661.625,"time_searched":270.00335693359375}