{"avg_branching_factor":325.9113320901379,"nb_eval":10,"nb_expanded":4421938,"nb_generated":1441159704,"nb_guide":1441159707,"nb_sols_created":0,"nb_trashed":8684,"nodes_generated_per_sec":1334404.5,"time_searched":1080.0020751953125}