{"avg_branching_factor":355.4175772659368,"nb_eval":2,"nb_expanded":5725259,"nb_generated":2034857683,"nb_guide":2034857695,"nb_sols_created":0,"nb_trashed":29189,"nodes_generated_per_sec":1076642.125,"time_searched":1890.00390625}