{"avg_branching_factor":460.5619699661589,"nb_eval":12,"nb_expanded":4166833,"nb_generated":1919084815,"nb_guide":1919084816,"nb_sols_created":0,"nb_trashed":16468,"nodes_generated_per_sec":1332696.0,"time_searched":1440.001953125}