{"avg_branching_factor":159.6294398384679,"nb_eval":12,"nb_expanded":1438228,"nb_generated":229583530,"nb_guide":229583531,"nb_sols_created":0,"nb_trashed":26969,"nodes_generated_per_sec":850304.875,"time_searched":270.0014343261719}