{"avg_branching_factor":321.91404630129335,"nb_eval":11,"nb_expanded":2403259,"nb_generated":773642829,"nb_guide":773642831,"nb_sols_created":0,"nb_trashed":8575,"nodes_generated_per_sec":477555.9375,"time_searched":1620.004638671875}