{"avg_branching_factor":213.67049709995706,"nb_eval":20,"nb_expanded":3012714,"nb_generated":643728098,"nb_guide":643728091,"nb_sols_created":0,"nb_trashed":4276,"nodes_generated_per_sec":1788117.75,"time_searched":360.0032043457031}