{"avg_branching_factor":409.5293104593002,"nb_eval":17,"nb_expanded":3946134,"nb_generated":1616057536,"nb_guide":1616057532,"nb_sols_created":0,"nb_trashed":4322,"nodes_generated_per_sec":1282581.625,"time_searched":1260.003662109375}