{"avg_branching_factor":56.84710137393597,"nb_eval":9,"nb_expanded":5020758,"nb_generated":285415539,"nb_guide":285415546,"nb_sols_created":0,"nb_trashed":92203,"nodes_generated_per_sec":1056972.125,"time_searched":270.03131103515625}