{"avg_branching_factor":158.00443146724427,"nb_eval":15,"nb_expanded":2613130,"nb_generated":412886120,"nb_guide":412886119,"nb_sols_created":0,"nb_trashed":8779,"nodes_generated_per_sec":509731.0,"time_searched":810.0078735351562}