{"avg_branching_factor":155.28808191723382,"nb_eval":19,"nb_expanded":2556141,"nb_generated":396938233,"nb_guide":396938228,"nb_sols_created":0,"nb_trashed":32808,"nodes_generated_per_sec":490041.1875,"time_searched":810.0099487304688}