{"avg_branching_factor":317.5887774933029,"nb_eval":11,"nb_expanded":1990803,"nb_generated":632256691,"nb_guide":632256692,"nb_sols_created":0,"nb_trashed":5088,"nodes_generated_per_sec":439066.40625,"time_searched":1440.00244140625}