{"avg_branching_factor":453.35907355642763,"nb_eval":45,"nb_expanded":3932328,"nb_generated":1782756579,"nb_guide":1782756547,"nb_sols_created":0,"nb_trashed":4050,"nodes_generated_per_sec":1238022.125,"time_searched":1440.0037841796875}