{"avg_branching_factor":233.7153540632695,"nb_eval":32,"nb_expanded":4682793,"nb_generated":1094440624,"nb_guide":1094440606,"nb_sols_created":0,"nb_trashed":11552,"nodes_generated_per_sec":1013361.625,"time_searched":1080.0098876953125}