{"avg_branching_factor":152.29357427679025,"nb_eval":10,"nb_expanded":4784193,"nb_generated":728601852,"nb_guide":728601856,"nb_sols_created":0,"nb_trashed":13946,"nodes_generated_per_sec":1349247.625,"time_searched":540.0060424804688}