{"avg_branching_factor":170.31014597722643,"nb_eval":23,"nb_expanded":2026823,"nb_generated":345188521,"nb_guide":345188511,"nb_sols_created":0,"nb_trashed":4839,"nodes_generated_per_sec":426156.1875,"time_searched":810.0046997070312}