{"avg_branching_factor":236.4387826364756,"nb_eval":15,"nb_expanded":2153572,"nb_generated":509187942,"nb_guide":509187940,"nb_sols_created":0,"nb_trashed":5297,"nodes_generated_per_sec":471468.78125,"time_searched":1080.0035400390625}