{"avg_branching_factor":233.60989786389302,"nb_eval":41,"nb_expanded":4734173,"nb_generated":1105949671,"nb_guide":1105949644,"nb_sols_created":0,"nb_trashed":9517,"nodes_generated_per_sec":1024020.0,"time_searched":1080.0079345703125}