{"avg_branching_factor":403.23874828954587,"nb_eval":43,"nb_expanded":4532422,"nb_generated":1827648174,"nb_guide":1827648144,"nb_sols_created":0,"nb_trashed":4174,"nodes_generated_per_sec":967006.8125,"time_searched":1890.00537109375}