{"avg_branching_factor":324.82620261304174,"nb_eval":14,"nb_expanded":5410323,"nb_generated":1757414675,"nb_guide":1757414675,"nb_sols_created":0,"nb_trashed":13628,"nodes_generated_per_sec":1084818.375,"time_searched":1620.0081787109375}