{"avg_branching_factor":288.6443357704498,"nb_eval":10,"nb_expanded":2153638,"nb_generated":621635410,"nb_guide":621635412,"nb_sols_created":0,"nb_trashed":20482,"nodes_generated_per_sec":575588.0625,"time_searched":1080.00048828125}