{"avg_branching_factor":228.81987468992884,"nb_eval":42,"nb_expanded":4041814,"nb_generated":924847373,"nb_guide":924847345,"nb_sols_created":0,"nb_trashed":8151,"nodes_generated_per_sec":1284491.125,"time_searched":720.0106811523438}