{"avg_branching_factor":277.29614415227115,"nb_eval":11,"nb_expanded":2270266,"nb_generated":629536008,"nb_guide":629536010,"nb_sols_created":0,"nb_trashed":5817,"nodes_generated_per_sec":466321.5,"time_searched":1350.0042724609375}