{"avg_branching_factor":458.5427733835297,"nb_eval":13,"nb_expanded":2638171,"nb_generated":1209714247,"nb_guide":1209714246,"nb_sols_created":0,"nb_trashed":2035,"nodes_generated_per_sec":1680157.0,"time_searched":720.000732421875}