{"avg_branching_factor":327.97335360492013,"nb_eval":11,"nb_expanded":4369334,"nb_generated":1433025125,"nb_guide":1433025127,"nb_sols_created":0,"nb_trashed":8496,"nodes_generated_per_sec":1326871.0,"time_searched":1080.00341796875}