{"avg_branching_factor":290.17614166694824,"nb_eval":15,"nb_expanded":2663430,"nb_generated":772863841,"nb_guide":772863839,"nb_sols_created":0,"nb_trashed":4143,"nodes_generated_per_sec":1717467.375,"time_searched":450.0020751953125}