{"avg_branching_factor":355.97754636562314,"nb_eval":10,"nb_expanded":1572663,"nb_generated":559832716,"nb_guide":559832718,"nb_sols_created":0,"nb_trashed":26750,"nodes_generated_per_sec":777544.375,"time_searched":720.0009765625}