{"avg_branching_factor":106.7383169116243,"nb_eval":11,"nb_expanded":2984870,"nb_generated":318600000,"nb_guide":318600003,"nb_sols_created":0,"nb_trashed":16806,"nodes_generated_per_sec":1769969.375,"time_searched":180.00311279296875}