{"avg_branching_factor":56.866849342552435,"nb_eval":56,"nb_expanded":2531989,"nb_generated":143986237,"nb_guide":143986196,"nb_sols_created":0,"nb_trashed":21319,"nodes_generated_per_sec":533236.875,"time_searched":270.0230407714844}