{"avg_branching_factor":228.86879314206087,"nb_eval":32,"nb_expanded":4018700,"nb_generated":919755019,"nb_guide":919755001,"nb_sols_created":0,"nb_trashed":9894,"nodes_generated_per_sec":1277418.375,"time_searched":720.0108032226562}