{"avg_branching_factor":229.62023893183417,"nb_eval":32,"nb_expanded":4034205,"nb_generated":926335116,"nb_guide":926335098,"nb_sols_created":0,"nb_trashed":8209,"nodes_generated_per_sec":1286564.0,"time_searched":720.0070190429688}