{"avg_branching_factor":56.89794308350187,"nb_eval":21,"nb_expanded":1911502,"nb_generated":108760532,"nb_guide":108760526,"nb_sols_created":0,"nb_trashed":25509,"nodes_generated_per_sec":604106.625,"time_searched":180.0353240966797}