{"avg_branching_factor":322.5705143771552,"nb_eval":11,"nb_expanded":1997231,"nb_generated":644247831,"nb_guide":644247832,"nb_sols_created":0,"nb_trashed":16826,"nodes_generated_per_sec":596524.9375,"time_searched":1080.00146484375}