{"avg_branching_factor":232.3913740900078,"nb_eval":13,"nb_expanded":2101529,"nb_generated":488377212,"nb_guide":488377212,"nb_sols_created":0,"nb_trashed":5950,"nodes_generated_per_sec":452199.4375,"time_searched":1080.0040283203125}