{"avg_branching_factor":452.98557466691153,"nb_eval":31,"nb_expanded":3920880,"nb_generated":1776102080,"nb_guide":1776102062,"nb_sols_created":0,"nb_trashed":4118,"nodes_generated_per_sec":1233402.125,"time_searched":1440.00244140625}