{"avg_branching_factor":388.57328858636424,"nb_eval":8,"nb_expanded":4970467,"nb_generated":1931390708,"nb_guide":1931390713,"nb_sols_created":0,"nb_trashed":4092,"nodes_generated_per_sec":1021898.3125,"time_searched":1890.0028076171875}