{"avg_branching_factor":112.79646591565638,"nb_eval":13,"nb_expanded":2064863,"nb_generated":232909249,"nb_guide":232909250,"nb_sols_created":0,"nb_trashed":13358,"nodes_generated_per_sec":646959.6875,"time_searched":360.00579833984375}