{"avg_branching_factor":236.41492809237974,"nb_eval":5,"nb_expanded":1136180,"nb_generated":268609913,"nb_guide":268609920,"nb_sols_created":0,"nb_trashed":10072,"nodes_generated_per_sec":746136.9375,"time_searched":360.0008239746094}