{"avg_branching_factor":303.0343661719133,"nb_eval":19,"nb_expanded":2474701,"nb_generated":749919449,"nb_guide":749919443,"nb_sols_created":0,"nb_trashed":4292,"nodes_generated_per_sec":462911.75,"time_searched":1620.005126953125}