{"avg_branching_factor":256.7112908056304,"nb_eval":4,"nb_expanded":1525923,"nb_generated":391721663,"nb_guide":391721671,"nb_sols_created":0,"nb_trashed":137704,"nodes_generated_per_sec":725408.9375,"time_searched":540.0011596679688}