{"avg_branching_factor":318.6985052303233,"nb_eval":5,"nb_expanded":1422761,"nb_generated":453431804,"nb_guide":453431811,"nb_sols_created":0,"nb_trashed":21909,"nodes_generated_per_sec":839686.75,"time_searched":540.0011596679688}