{"avg_branching_factor":351.55602310434847,"nb_eval":28,"nb_expanded":5748182,"nb_generated":2020808004,"nb_guide":2020807990,"nb_sols_created":0,"nb_trashed":12412,"nodes_generated_per_sec":1069207.75,"time_searched":1890.005126953125}