{"avg_branching_factor":158.46063340992083,"nb_eval":15,"nb_expanded":5217127,"nb_generated":826709249,"nb_guide":826709249,"nb_sols_created":0,"nb_trashed":16369,"nodes_generated_per_sec":1020594.125,"time_searched":810.0274658203125}