{"avg_branching_factor":423.09877221485954,"nb_eval":9,"nb_expanded":2084078,"nb_generated":881770843,"nb_guide":881770846,"nb_sols_created":0,"nb_trashed":4652,"nodes_generated_per_sec":466544.90625,"time_searched":1890.0020751953125}