{"avg_branching_factor":51.96644037901202,"nb_eval":22,"nb_expanded":3029772,"nb_generated":157446466,"nb_guide":157446459,"nb_sols_created":0,"nb_trashed":17481,"nodes_generated_per_sec":1748913.875,"time_searched":90.02528381347656}