{"avg_branching_factor":115.38458476016706,"nb_eval":22,"nb_expanded":2042109,"nb_generated":235627899,"nb_guide":235627891,"nb_sols_created":0,"nb_trashed":12321,"nodes_generated_per_sec":436340.3125,"time_searched":540.0094604492188}