{"avg_branching_factor":113.29731485002269,"nb_eval":10,"nb_expanded":1549001,"nb_generated":175497654,"nb_guide":175497656,"nb_sols_created":0,"nb_trashed":31044,"nodes_generated_per_sec":324995.21875,"time_searched":540.000732421875}