{"avg_branching_factor":214.20604446286353,"nb_eval":9,"nb_expanded":2287482,"nb_generated":489992471,"nb_guide":489992475,"nb_sols_created":0,"nb_trashed":48632,"nodes_generated_per_sec":544434.5,"time_searched":900.0026245117188}