{"avg_branching_factor":22.260799657743696,"nb_eval":15,"nb_expanded":1692299,"nb_generated":37671929,"nb_guide":37671929,"nb_sols_created":0,"nb_trashed":43470,"nodes_generated_per_sec":418492.71875,"time_searched":90.01811981201172}