{"avg_branching_factor":200.81703045443652,"nb_eval":11,"nb_expanded":2132333,"nb_generated":428208781,"nb_guide":428208783,"nb_sols_created":0,"nb_trashed":8235,"nodes_generated_per_sec":594730.6875,"time_searched":720.0045166015625}