{"avg_branching_factor":366.29594150025184,"nb_eval":9,"nb_expanded":1693409,"nb_generated":620288844,"nb_guide":620288847,"nb_sols_created":0,"nb_trashed":4591,"nodes_generated_per_sec":574341.25,"time_searched":1080.00048828125}