{"avg_branching_factor":113.93918576949183,"nb_eval":21,"nb_expanded":5235962,"nb_generated":596581247,"nb_guide":596581241,"nb_sols_created":0,"nb_trashed":33688,"nodes_generated_per_sec":1104749.625,"time_searched":540.014892578125}