{"avg_branching_factor":311.5561694971742,"nb_eval":39,"nb_expanded":5112864,"nb_generated":1592944323,"nb_guide":1592944298,"nb_sols_created":0,"nb_trashed":8192,"nodes_generated_per_sec":983294.4375,"time_searched":1620.007568359375}