{"avg_branching_factor":330.9374107050642,"nb_eval":14,"nb_expanded":2788512,"nb_generated":922822941,"nb_guide":922822940,"nb_sols_created":0,"nb_trashed":12283,"nodes_generated_per_sec":1708922.375,"time_searched":540.0028076171875}