{"avg_branching_factor":99.93846650726579,"nb_eval":10,"nb_expanded":1374731,"nb_generated":137388508,"nb_guide":137388511,"nb_sols_created":0,"nb_trashed":22430,"nodes_generated_per_sec":763259.0,"time_searched":180.00247192382812}