{"avg_branching_factor":464.6392214301573,"nb_eval":5,"nb_expanded":5008568,"nb_generated":2327177136,"nb_guide":2327177144,"nb_sols_created":0,"nb_trashed":6893,"nodes_generated_per_sec":1077394.625,"time_searched":2160.00439453125}