{"avg_branching_factor":233.6628647899254,"nb_eval":38,"nb_expanded":4507423,"nb_generated":1053217371,"nb_guide":1053217347,"nb_sols_created":0,"nb_trashed":8369,"nodes_generated_per_sec":975189.125,"time_searched":1080.013427734375}