{"avg_branching_factor":275.61585101619266,"nb_eval":10,"nb_expanded":1384580,"nb_generated":381612195,"nb_guide":381612197,"nb_sols_created":0,"nb_trashed":2061,"nodes_generated_per_sec":706688.1875,"time_searched":540.0007934570312}