{"avg_branching_factor":57.79578305461202,"nb_eval":33,"nb_expanded":2427634,"nb_generated":140307008,"nb_guide":140306990,"nb_sols_created":0,"nb_trashed":34401,"nodes_generated_per_sec":519600.96875,"time_searched":270.02838134765625}