{"avg_branching_factor":57.61181563623392,"nb_eval":25,"nb_expanded":4182644,"nb_generated":240969715,"nb_guide":240969706,"nb_sols_created":0,"nb_trashed":35886,"nodes_generated_per_sec":1338304.5,"time_searched":180.05596923828125}