{"avg_branching_factor":410.4729933002008,"nb_eval":4,"nb_expanded":4120422,"nb_generated":1691321952,"nb_guide":1691321961,"nb_sols_created":0,"nb_trashed":9075,"nodes_generated_per_sec":1342317.375,"time_searched":1260.0015869140625}