{"avg_branching_factor":464.0052829772133,"nb_eval":16,"nb_expanded":4131004,"nb_generated":1916807680,"nb_guide":1916807677,"nb_sols_created":0,"nb_trashed":10747,"nodes_generated_per_sec":1331115.0,"time_searched":1440.0015869140625}