{"avg_branching_factor":468.46359280547784,"nb_eval":16,"nb_expanded":2141129,"nb_generated":1003040984,"nb_guide":1003040980,"nb_sols_created":0,"nb_trashed":2741,"nodes_generated_per_sec":464370.25,"time_searched":2160.002685546875}