{"avg_branching_factor":101.42136538402471,"nb_eval":14,"nb_expanded":3288291,"nb_generated":333502963,"nb_guide":333502964,"nb_sols_created":0,"nb_trashed":16438,"nodes_generated_per_sec":1852629.0,"time_searched":180.0160675048828}