{"avg_branching_factor":23.81666455663164,"nb_eval":20,"nb_expanded":1666639,"nb_generated":39693782,"nb_guide":39693777,"nb_sols_created":0,"nb_trashed":89928,"nodes_generated_per_sec":440946.84375,"time_searched":90.0194320678711}