{"avg_branching_factor":115.49075317047267,"nb_eval":15,"nb_expanded":5175017,"nb_generated":597666611,"nb_guide":597666611,"nb_sols_created":0,"nb_trashed":33217,"nodes_generated_per_sec":1106753.125,"time_searched":540.0180053710938}