{"avg_branching_factor":116.04299993209057,"nb_eval":21,"nb_expanded":4299844,"nb_generated":498966797,"nb_guide":498966791,"nb_sols_created":0,"nb_trashed":16434,"nodes_generated_per_sec":1385980.5,"time_searched":360.00994873046875}