{"avg_branching_factor":420.98295647364915,"nb_eval":11,"nb_expanded":2068586,"nb_generated":870839450,"nb_guide":870839451,"nb_sols_created":0,"nb_trashed":3572,"nodes_generated_per_sec":460761.375,"time_searched":1890.0009765625}