{"avg_branching_factor":347.8277944639263,"nb_eval":37,"nb_expanded":3791568,"nb_generated":1318812735,"nb_guide":1318812711,"nb_sols_created":0,"nb_trashed":4775,"nodes_generated_per_sec":1221120.375,"time_searched":1080.002197265625}