{"avg_branching_factor":229.70073571110527,"nb_eval":6,"nb_expanded":2232398,"nb_generated":512783463,"nb_guide":512783470,"nb_sols_created":0,"nb_trashed":31037,"nodes_generated_per_sec":569757.1875,"time_searched":900.0034790039062}