{"avg_branching_factor":311.9250883322036,"nb_eval":10,"nb_expanded":2416446,"nb_generated":753750132,"nb_guide":753750135,"nb_sols_created":0,"nb_trashed":7700,"nodes_generated_per_sec":465276.3125,"time_searched":1620.00537109375}