{"avg_branching_factor":114.4852944407707,"nb_eval":5,"nb_expanded":5233837,"nb_generated":599197370,"nb_guide":599197380,"nb_sols_created":0,"nb_trashed":44836,"nodes_generated_per_sec":1109585.625,"time_searched":540.01904296875}