{"avg_branching_factor":170.39313086025552,"nb_eval":12,"nb_expanded":1692439,"nb_generated":288379980,"nb_guide":288379981,"nb_sols_created":0,"nb_trashed":24855,"nodes_generated_per_sec":534032.75,"time_searched":540.0042724609375}