{"avg_branching_factor":325.99303826824604,"nb_eval":6,"nb_expanded":4417579,"nb_generated":1440100000,"nb_guide":1440100007,"nb_sols_created":0,"nb_trashed":9872,"nodes_generated_per_sec":1333422.125,"time_searched":1080.0030517578125}