{"avg_branching_factor":273.00767755717584,"nb_eval":10,"nb_expanded":4527612,"nb_generated":1236072837,"nb_guide":1236072841,"nb_sols_created":0,"nb_trashed":29986,"nodes_generated_per_sec":1373403.625,"time_searched":900.0069580078125}