{"avg_branching_factor":174.78032503240516,"nb_eval":15,"nb_expanded":1702661,"nb_generated":297591643,"nb_guide":297591641,"nb_sols_created":0,"nb_trashed":5919,"nodes_generated_per_sec":551090.4375,"time_searched":540.005126953125}