{"avg_branching_factor":233.9768485580394,"nb_eval":8,"nb_expanded":2285430,"nb_generated":534737709,"nb_guide":534737714,"nb_sols_created":0,"nb_trashed":14314,"nodes_generated_per_sec":495126.21875,"time_searched":1080.0028076171875}