{"avg_branching_factor":56.0580881033729,"nb_eval":17,"nb_expanded":1800317,"nb_generated":100922329,"nb_guide":100922327,"nb_sols_created":0,"nb_trashed":27816,"nodes_generated_per_sec":560589.25,"time_searched":180.0290069580078}