{"avg_branching_factor":52.24046622879699,"nb_eval":21,"nb_expanded":2958719,"nb_generated":154564860,"nb_guide":154564854,"nb_sols_created":0,"nb_trashed":26264,"nodes_generated_per_sec":1717216.125,"time_searched":90.00897216796875}