{"avg_branching_factor":169.58289485366072,"nb_eval":34,"nb_expanded":4066133,"nb_generated":689546605,"nb_guide":689546585,"nb_sols_created":0,"nb_trashed":8313,"nodes_generated_per_sec":1276918.25,"time_searched":540.0084228515625}