{"avg_branching_factor":407.91526465407526,"nb_eval":54,"nb_expanded":3813922,"nb_generated":1555757002,"nb_guide":1555756961,"nb_sols_created":0,"nb_trashed":4127,"nodes_generated_per_sec":1234724.25,"time_searched":1260.003662109375}