{"avg_branching_factor":176.36801894919668,"nb_eval":15,"nb_expanded":1728411,"nb_generated":304836424,"nb_guide":304836422,"nb_sols_created":0,"nb_trashed":7057,"nodes_generated_per_sec":564509.1875,"time_searched":540.0025634765625}