{"avg_branching_factor":386.249071220407,"nb_eval":7,"nb_expanded":2027930,"nb_generated":783286079,"nb_guide":783286084,"nb_sols_created":0,"nb_trashed":14538,"nodes_generated_per_sec":543948.5,"time_searched":1440.00048828125}