{"avg_branching_factor":116.55655754578088,"nb_eval":18,"nb_expanded":4216608,"nb_generated":491473313,"nb_guide":491473310,"nb_sols_created":0,"nb_trashed":42702,"nodes_generated_per_sec":1365164.125,"time_searched":360.0104064941406}