{"avg_branching_factor":52.65244292135968,"nb_eval":20,"nb_expanded":1304954,"nb_generated":68709016,"nb_guide":68709010,"nb_sols_created":0,"nb_trashed":14354,"nodes_generated_per_sec":763373.5625,"time_searched":90.00706481933594}