{"avg_branching_factor":213.21036256552276,"nb_eval":8,"nb_expanded":2003693,"nb_generated":427208111,"nb_guide":427208116,"nb_sols_created":0,"nb_trashed":7949,"nodes_generated_per_sec":593340.875,"time_searched":720.0045166015625}