{"avg_branching_factor":172.2791879557618,"nb_eval":10,"nb_expanded":1979104,"nb_generated":340958430,"nb_guide":340958433,"nb_sols_created":0,"nb_trashed":9833,"nodes_generated_per_sec":420934.3125,"time_searched":810.00390625}