{"avg_branching_factor":291.5313351254514,"nb_eval":13,"nb_expanded":2678767,"nb_generated":780944520,"nb_guide":780944520,"nb_sols_created":0,"nb_trashed":7854,"nodes_generated_per_sec":1735424.0,"time_searched":450.00213623046875}