{"avg_branching_factor":216.15494415455603,"nb_eval":2,"nb_expanded":2921814,"nb_generated":631564542,"nb_guide":631564553,"nb_sols_created":0,"nb_trashed":13922,"nodes_generated_per_sec":1754332.875,"time_searched":360.002685546875}