{"avg_branching_factor":58.04979981252512,"nb_eval":22,"nb_expanded":2084546,"nb_generated":121007478,"nb_guide":121007471,"nb_sols_created":0,"nb_trashed":22548,"nodes_generated_per_sec":448118.78125,"time_searched":270.0343933105469}