{"avg_branching_factor":342.5047014592703,"nb_eval":13,"nb_expanded":2068294,"nb_generated":708400419,"nb_guide":708400418,"nb_sols_created":0,"nb_trashed":3777,"nodes_generated_per_sec":437283.90625,"time_searched":1620.001220703125}