{"avg_branching_factor":110.05368490332569,"nb_eval":15,"nb_expanded":1836941,"nb_generated":202162126,"nb_guide":202162125,"nb_sols_created":0,"nb_trashed":9307,"nodes_generated_per_sec":561549.25,"time_searched":360.0078430175781}