{"avg_branching_factor":233.8909498188341,"nb_eval":6,"nb_expanded":4263771,"nb_generated":997257449,"nb_guide":997257457,"nb_sols_created":0,"nb_trashed":21397,"nodes_generated_per_sec":1385068.75,"time_searched":720.0057373046875}