{"avg_branching_factor":454.70266423885965,"nb_eval":18,"nb_expanded":2625140,"nb_generated":1193658152,"nb_guide":1193658146,"nb_sols_created":0,"nb_trashed":3310,"nodes_generated_per_sec":1657855.375,"time_searched":720.0013427734375}