{"avg_branching_factor":457.224142895936,"nb_eval":12,"nb_expanded":4021332,"nb_generated":1838650077,"nb_guide":1838650078,"nb_sols_created":0,"nb_trashed":4096,"nodes_generated_per_sec":1276837.0,"time_searched":1440.0037841796875}