{"avg_branching_factor":285.51405122938974,"nb_eval":13,"nb_expanded":4981984,"nb_generated":1422426435,"nb_guide":1422426436,"nb_sols_created":0,"nb_trashed":8772,"nodes_generated_per_sec":1053638.875,"time_searched":1350.0133056640625}