{"avg_branching_factor":332.0647936687917,"nb_eval":7,"nb_expanded":2809827,"nb_generated":933044623,"nb_guide":933044629,"nb_sols_created":0,"nb_trashed":18662,"nodes_generated_per_sec":1727856.125,"time_searched":540.0013427734375}