{"avg_branching_factor":56.90521632375861,"nb_eval":29,"nb_expanded":4019785,"nb_generated":228746735,"nb_guide":228746722,"nb_sols_created":0,"nb_trashed":36149,"nodes_generated_per_sec":1270505.5,"time_searched":180.04388427734375}