{"avg_branching_factor":231.7280004894963,"nb_eval":20,"nb_expanded":2075603,"nb_generated":480975333,"nb_guide":480975326,"nb_sols_created":0,"nb_trashed":5600,"nodes_generated_per_sec":445345.15625,"time_searched":1080.0057373046875}