{"avg_branching_factor":57.47167414716119,"nb_eval":20,"nb_expanded":4965358,"nb_generated":285367437,"nb_guide":285367433,"nb_sols_created":0,"nb_trashed":68445,"nodes_generated_per_sec":1056785.375,"time_searched":270.0334777832031}