{"avg_branching_factor":57.61631212858275,"nb_eval":44,"nb_expanded":4688965,"nb_generated":270160871,"nb_guide":270160843,"nb_sols_created":0,"nb_trashed":49826,"nodes_generated_per_sec":1000310.0,"time_searched":270.0771484375}