{"avg_branching_factor":280.3052216005363,"nb_eval":35,"nb_expanded":4749808,"nb_generated":1331395984,"nb_guide":1331395963,"nb_sols_created":0,"nb_trashed":8572,"nodes_generated_per_sec":986210.875,"time_searched":1350.011474609375}