{"avg_branching_factor":229.21945137712478,"nb_eval":41,"nb_expanded":4041246,"nb_generated":926332191,"nb_guide":926332164,"nb_sols_created":0,"nb_trashed":8421,"nodes_generated_per_sec":1286559.375,"time_searched":720.00732421875}