{"avg_branching_factor":346.63742032939547,"nb_eval":14,"nb_expanded":3838304,"nb_generated":1330499797,"nb_guide":1330499796,"nb_sols_created":0,"nb_trashed":4101,"nodes_generated_per_sec":1231954.375,"time_searched":1079.9912109375}