{"avg_branching_factor":408.991039669318,"nb_eval":16,"nb_expanded":2140546,"nb_generated":875464134,"nb_guide":875464130,"nb_sols_created":0,"nb_trashed":3756,"nodes_generated_per_sec":463208.15625,"time_searched":1890.0015869140625}