{"avg_branching_factor":56.923894978627665,"nb_eval":25,"nb_expanded":4081912,"nb_generated":232358330,"nb_guide":232358321,"nb_sols_created":0,"nb_trashed":33742,"nodes_generated_per_sec":1290464.0,"time_searched":180.05796813964844}