{"avg_branching_factor":367.3598805815191,"nb_eval":9,"nb_expanded":1710623,"nb_generated":628414261,"nb_guide":628414264,"nb_sols_created":0,"nb_trashed":4705,"nodes_generated_per_sec":581864.125,"time_searched":1080.001708984375}