{"avg_branching_factor":169.2301109790151,"nb_eval":9,"nb_expanded":2903612,"nb_generated":491378581,"nb_guide":491378586,"nb_sols_created":0,"nb_trashed":13005,"nodes_generated_per_sec":1819884.875,"time_searched":270.00531005859375}