{"avg_branching_factor":229.70541452844637,"nb_eval":8,"nb_expanded":2235504,"nb_generated":513507373,"nb_guide":513507378,"nb_sols_created":0,"nb_trashed":6475,"nodes_generated_per_sec":475467.25,"time_searched":1080.0057373046875}