{"avg_branching_factor":56.174580421815605,"nb_eval":13,"nb_expanded":1626872,"nb_generated":91388852,"nb_guide":91388853,"nb_sols_created":0,"nb_trashed":11895,"nodes_generated_per_sec":507730.53125,"time_searched":179.99478149414062}