{"avg_branching_factor":199.16277215430628,"nb_eval":11,"nb_expanded":1913804,"nb_generated":381158510,"nb_guide":381158512,"nb_sols_created":0,"nb_trashed":50171,"nodes_generated_per_sec":529383.5625,"time_searched":720.00439453125}