{"avg_branching_factor":217.39850987046222,"nb_eval":9,"nb_expanded":2931423,"nb_generated":637286992,"nb_guide":637286996,"nb_sols_created":0,"nb_trashed":5345,"nodes_generated_per_sec":1770231.875,"time_searched":360.0019836425781}