{"avg_branching_factor":54.72370448816006,"nb_eval":30,"nb_expanded":2804490,"nb_generated":153472082,"nb_guide":153472067,"nb_sols_created":0,"nb_trashed":20895,"nodes_generated_per_sec":1704850.875,"time_searched":90.02082061767578}