{"avg_branching_factor":289.99346118590825,"nb_eval":14,"nb_expanded":2656445,"nb_generated":770351680,"nb_guide":770351679,"nb_sols_created":0,"nb_trashed":4083,"nodes_generated_per_sec":1711878.75,"time_searched":450.0036315917969}