{"avg_branching_factor":228.6008675932792,"nb_eval":21,"nb_expanded":1898816,"nb_generated":434070985,"nb_guide":434070977,"nb_sols_created":0,"nb_trashed":5500,"nodes_generated_per_sec":602874.1875,"time_searched":720.0025634765625}