{"avg_branching_factor":353.9256504183763,"nb_eval":9,"nb_expanded":5659857,"nb_generated":2003168570,"nb_guide":2003168575,"nb_sols_created":0,"nb_trashed":33704,"nodes_generated_per_sec":1059873.875,"time_searched":1890.006591796875}