{"avg_branching_factor":236.14037785104316,"nb_eval":19,"nb_expanded":2131369,"nb_generated":503302281,"nb_guide":503302275,"nb_sols_created":0,"nb_trashed":6561,"nodes_generated_per_sec":466018.15625,"time_searched":1080.0057373046875}