{"avg_branching_factor":113.83781493598288,"nb_eval":17,"nb_expanded":1237950,"nb_generated":140925523,"nb_guide":140925519,"nb_sols_created":0,"nb_trashed":13463,"nodes_generated_per_sec":782906.0,"time_searched":180.00311279296875}