{"avg_branching_factor":378.39006466784247,"nb_eval":10,"nb_expanded":2041200,"nb_generated":772369800,"nb_guide":772369802,"nb_sols_created":0,"nb_trashed":13149,"nodes_generated_per_sec":612991.375,"time_searched":1260.0010986328125}