{"avg_branching_factor":261.5275830545144,"nb_eval":41,"nb_expanded":4296696,"nb_generated":1123704520,"nb_guide":1123704493,"nb_sols_created":0,"nb_trashed":8179,"nodes_generated_per_sec":1248548.625,"time_searched":900.0086669921875}