{"avg_branching_factor":56.45753296519383,"nb_eval":26,"nb_expanded":1759659,"nb_generated":99346006,"nb_guide":99345995,"nb_sols_created":0,"nb_trashed":32606,"nodes_generated_per_sec":551826.0,"time_searched":180.03140258789062}