{"avg_branching_factor":57.96610769005788,"nb_eval":21,"nb_expanded":4082401,"nb_generated":236640896,"nb_guide":236640891,"nb_sols_created":0,"nb_trashed":39405,"nodes_generated_per_sec":1314121.875,"time_searched":180.07530212402344}