{"avg_branching_factor":55.72905965520382,"nb_eval":23,"nb_expanded":1833721,"nb_generated":102191547,"nb_guide":102191539,"nb_sols_created":0,"nb_trashed":25592,"nodes_generated_per_sec":567628.6875,"time_searched":180.03237915039062}