{"avg_branching_factor":458.8839991129099,"nb_eval":8,"nb_expanded":4040176,"nb_generated":1853972120,"nb_guide":1853972125,"nb_sols_created":0,"nb_trashed":4604,"nodes_generated_per_sec":1287487.875,"time_searched":1439.991943359375}