{"avg_branching_factor":231.40231274739742,"nb_eval":12,"nb_expanded":4210836,"nb_generated":974397189,"nb_guide":974397191,"nb_sols_created":0,"nb_trashed":8587,"nodes_generated_per_sec":1353315.75,"time_searched":720.0072631835938}