{"avg_branching_factor":168.76955124062553,"nb_eval":19,"nb_expanded":4108371,"nb_generated":693367930,"nb_guide":693367925,"nb_sols_created":0,"nb_trashed":8172,"nodes_generated_per_sec":1283986.0,"time_searched":540.0120849609375}