{"avg_branching_factor":314.95250762645935,"nb_eval":29,"nb_expanded":5148195,"nb_generated":1621436925,"nb_guide":1621436910,"nb_sols_created":0,"nb_trashed":8962,"nodes_generated_per_sec":1000883.3125,"time_searched":1620.0059814453125}