{"avg_branching_factor":57.32102846985995,"nb_eval":67,"nb_expanded":2447325,"nb_generated":140283186,"nb_guide":140283134,"nb_sols_created":0,"nb_trashed":24084,"nodes_generated_per_sec":519524.65625,"time_searched":270.0221862792969}