{"avg_branching_factor":100.66627488627627,"nb_eval":23,"nb_expanded":3273943,"nb_generated":329575646,"nb_guide":329575638,"nb_sols_created":0,"nb_trashed":19089,"nodes_generated_per_sec":1830877.75,"time_searched":180.0096435546875}