{"avg_branching_factor":457.111047984397,"nb_eval":21,"nb_expanded":2663074,"nb_generated":1217320547,"nb_guide":1217320538,"nb_sols_created":0,"nb_trashed":2026,"nodes_generated_per_sec":1690721.5,"time_searched":720.0006713867188}