{"avg_branching_factor":150.40116438539624,"nb_eval":4,"nb_expanded":4816103,"nb_generated":724347499,"nb_guide":724347510,"nb_sols_created":0,"nb_trashed":35097,"nodes_generated_per_sec":1341355.0,"time_searched":540.0117797851562}