{"avg_branching_factor":296.1828318832618,"nb_eval":10,"nb_expanded":1936916,"nb_generated":573681266,"nb_guide":573681268,"nb_sols_created":0,"nb_trashed":2965,"nodes_generated_per_sec":531186.0625,"time_searched":1080.0006103515625}