{"avg_branching_factor":57.28945257076362,"nb_eval":41,"nb_expanded":4898350,"nb_generated":280623790,"nb_guide":280623765,"nb_sols_created":0,"nb_trashed":41233,"nodes_generated_per_sec":1039169.75,"time_searched":270.046142578125}