{"avg_branching_factor":168.37763048333744,"nb_eval":10,"nb_expanded":2903934,"nb_generated":488957526,"nb_guide":488957530,"nb_sols_created":0,"nb_trashed":9105,"nodes_generated_per_sec":1810927.875,"time_searched":270.0038757324219}