{"avg_branching_factor":116.61511720386484,"nb_eval":16,"nb_expanded":4229724,"nb_generated":493249760,"nb_guide":493249759,"nb_sols_created":0,"nb_trashed":42704,"nodes_generated_per_sec":1370094.625,"time_searched":360.0114440917969}