{"avg_branching_factor":456.0929492178609,"nb_eval":17,"nb_expanded":2679958,"nb_generated":1222309948,"nb_guide":1222309943,"nb_sols_created":0,"nb_trashed":2042,"nodes_generated_per_sec":1697651.5,"time_searched":720.00048828125}