{"avg_branching_factor":57.18710672243398,"nb_eval":43,"nb_expanded":4055183,"nb_generated":231904183,"nb_guide":231904156,"nb_sols_created":0,"nb_trashed":38503,"nodes_generated_per_sec":1287893.625,"time_searched":180.064697265625}