{"avg_branching_factor":468.57585799118857,"nb_eval":9,"nb_expanded":1722541,"nb_generated":807141127,"nb_guide":807141130,"nb_sols_created":0,"nb_trashed":5278,"nodes_generated_per_sec":560513.9375,"time_searched":1440.001953125}