{"avg_branching_factor":213.4121369918947,"nb_eval":19,"nb_expanded":3017288,"nb_generated":643925880,"nb_guide":643925874,"nb_sols_created":0,"nb_trashed":4578,"nodes_generated_per_sec":1788672.875,"time_searched":360.0020446777344}