{"avg_branching_factor":165.98982529414326,"nb_eval":16,"nb_expanded":1401613,"nb_generated":232653497,"nb_guide":232653494,"nb_sols_created":0,"nb_trashed":4129,"nodes_generated_per_sec":861670.6875,"time_searched":270.0028076171875}