{"avg_branching_factor":204.69681923225062,"nb_eval":7,"nb_expanded":311560,"nb_generated":63775341,"nb_guide":63775346,"nb_sols_created":0,"nb_trashed":8329,"nodes_generated_per_sec":608334.0625,"time_searched":104.83604431152344}