{"avg_branching_factor":459.8182814683831,"nb_eval":12,"nb_expanded":2603653,"nb_generated":1197207248,"nb_guide":1197207248,"nb_sols_created":0,"nb_trashed":4599,"nodes_generated_per_sec":1662785.125,"time_searched":720.001220703125}