{"avg_branching_factor":286.4952415498719,"nb_eval":3,"nb_expanded":1469386,"nb_generated":420972097,"nb_guide":420972106,"nb_sols_created":0,"nb_trashed":80284,"nodes_generated_per_sec":779576.875,"time_searched":540.000732421875}