{"avg_branching_factor":239.07603472892148,"nb_eval":11,"nb_expanded":1295750,"nb_generated":309782772,"nb_guide":309782773,"nb_sols_created":0,"nb_trashed":2612,"nodes_generated_per_sec":688403.75,"time_searched":450.0015869140625}