{"avg_branching_factor":272.6105755712634,"nb_eval":11,"nb_expanded":1995183,"nb_generated":543907986,"nb_guide":543907988,"nb_sols_created":0,"nb_trashed":8405,"nodes_generated_per_sec":604339.25,"time_searched":900.00439453125}