{"avg_branching_factor":59.02931482540898,"nb_eval":18,"nb_expanded":2094094,"nb_generated":123612934,"nb_guide":123612931,"nb_sols_created":0,"nb_trashed":21718,"nodes_generated_per_sec":457791.53125,"time_searched":270.0201416015625}