{"avg_branching_factor":274.48956971995136,"nb_eval":3,"nb_expanded":4476294,"nb_generated":1228696014,"nb_guide":1228696025,"nb_sols_created":0,"nb_trashed":25201,"nodes_generated_per_sec":1365212.125,"time_searched":900.0037841796875}