{"avg_branching_factor":464.33979474167245,"nb_eval":23,"nb_expanded":4154667,"nb_generated":1929177222,"nb_guide":1929177212,"nb_sols_created":0,"nb_trashed":6610,"nodes_generated_per_sec":1339704.5,"time_searched":1440.0020751953125}