{"avg_branching_factor":169.9906819878162,"nb_eval":14,"nb_expanded":2020388,"nb_generated":343447134,"nb_guide":343447133,"nb_sols_created":0,"nb_trashed":4094,"nodes_generated_per_sec":424006.96875,"time_searched":810.0035400390625}