{"avg_branching_factor":456.85933264507605,"nb_eval":22,"nb_expanded":2670513,"nb_generated":1220048787,"nb_guide":1220048777,"nb_sols_created":0,"nb_trashed":2152,"nodes_generated_per_sec":1694508.875,"time_searched":720.0014038085938}