{"avg_branching_factor":51.22631230211846,"nb_eval":24,"nb_expanded":3077283,"nb_generated":157637860,"nb_guide":157637851,"nb_sols_created":0,"nb_trashed":18902,"nodes_generated_per_sec":1751108.5,"time_searched":90.0217514038086}