{"avg_branching_factor":347.93436123418047,"nb_eval":46,"nb_expanded":3774294,"nb_generated":1313206572,"nb_guide":1313206539,"nb_sols_created":0,"nb_trashed":4049,"nodes_generated_per_sec":1215929.375,"time_searched":1080.0023193359375}