{"avg_branching_factor":58.15883791274774,"nb_eval":27,"nb_expanded":2235839,"nb_generated":130033798,"nb_guide":130033786,"nb_sols_created":0,"nb_trashed":21965,"nodes_generated_per_sec":481568.34375,"time_searched":270.021484375}