{"avg_branching_factor":115.85679868764821,"nb_eval":50,"nb_expanded":4924899,"nb_generated":570583032,"nb_guide":570582997,"nb_sols_created":0,"nb_trashed":19045,"nodes_generated_per_sec":1056595.0,"time_searched":540.0205688476562}