{"avg_branching_factor":56.95684586928058,"nb_eval":23,"nb_expanded":4015027,"nb_generated":228683274,"nb_guide":228683267,"nb_sols_created":0,"nb_trashed":61899,"nodes_generated_per_sec":1270321.0,"time_searched":180.0200653076172}