{"avg_branching_factor":115.70223245141952,"nb_eval":49,"nb_expanded":4231895,"nb_generated":489639699,"nb_guide":489639665,"nb_sols_created":0,"nb_trashed":19515,"nodes_generated_per_sec":1360026.0,"time_searched":360.0223083496094}