{"avg_branching_factor":51.65285981627441,"nb_eval":14,"nb_expanded":1312392,"nb_generated":67788800,"nb_guide":67788800,"nb_sols_created":0,"nb_trashed":21958,"nodes_generated_per_sec":753141.9375,"time_searched":90.00800323486328}