{"avg_branching_factor":272.68797344880414,"nb_eval":14,"nb_expanded":2220013,"nb_generated":605370846,"nb_guide":605370845,"nb_sols_created":0,"nb_trashed":5863,"nodes_generated_per_sec":448421.4375,"time_searched":1350.004150390625}