{"avg_branching_factor":217.5885400109121,"nb_eval":11,"nb_expanded":2283702,"nb_generated":496907384,"nb_guide":496907386,"nb_sols_created":0,"nb_trashed":36958,"nodes_generated_per_sec":552116.8125,"time_searched":900.0040893554688}