{"avg_branching_factor":311.61773288062267,"nb_eval":39,"nb_expanded":5111138,"nb_generated":1592721236,"nb_guide":1592721211,"nb_sols_created":0,"nb_trashed":8433,"nodes_generated_per_sec":983157.0625,"time_searched":1620.0069580078125}