{"avg_branching_factor":233.40172418180194,"nb_eval":21,"nb_expanded":2004313,"nb_generated":467810110,"nb_guide":467810102,"nb_sols_created":0,"nb_trashed":8094,"nodes_generated_per_sec":433155.3125,"time_searched":1080.0054931640625}