{"avg_branching_factor":327.8458713809095,"nb_eval":7,"nb_expanded":5287240,"nb_generated":1733399805,"nb_guide":1733399812,"nb_sols_created":0,"nb_trashed":29926,"nodes_generated_per_sec":1069994.0,"time_searched":1620.0089111328125}