{"avg_branching_factor":467.9232196050801,"nb_eval":12,"nb_expanded":4484960,"nb_generated":2098616923,"nb_guide":2098616924,"nb_sols_created":0,"nb_trashed":4102,"nodes_generated_per_sec":971580.6875,"time_searched":2160.002685546875}