{"avg_branching_factor":309.57019434208814,"nb_eval":9,"nb_expanded":407889,"nb_generated":126270277,"nb_guide":126270278,"nb_sols_created":0,"nb_trashed":825,"nodes_generated_per_sec":694398.1875,"time_searched":181.84130859375}