{"avg_branching_factor":140.75685085683813,"nb_eval":8,"nb_expanded":1468247,"nb_generated":206665824,"nb_guide":206665829,"nb_sols_created":0,"nb_trashed":122373,"nodes_generated_per_sec":765420.75,"time_searched":270.0028991699219}