{"avg_branching_factor":114.88540077475191,"nb_eval":29,"nb_expanded":5117251,"nb_generated":587897432,"nb_guide":587897418,"nb_sols_created":0,"nb_trashed":16955,"nodes_generated_per_sec":1088644.875,"time_searched":540.0267944335938}