{"avg_branching_factor":354.7968748587214,"nb_eval":12,"nb_expanded":2101345,"nb_generated":745550639,"nb_guide":745550639,"nb_sols_created":0,"nb_trashed":10472,"nodes_generated_per_sec":591706.1875,"time_searched":1260.00146484375}