{"avg_branching_factor":159.97527578021365,"nb_eval":37,"nb_expanded":5270864,"nb_generated":843207922,"nb_guide":843207900,"nb_sols_created":0,"nb_trashed":17603,"nodes_generated_per_sec":1040961.375,"time_searched":810.028076171875}