{"avg_branching_factor":162.615163472676,"nb_eval":18,"nb_expanded":5311224,"nb_generated":863685559,"nb_guide":863685556,"nb_sols_created":0,"nb_trashed":40548,"nodes_generated_per_sec":1066259.25,"time_searched":810.0145874023438}