{"avg_branching_factor":410.6304591793339,"nb_eval":7,"nb_expanded":4114950,"nb_generated":1689723808,"nb_guide":1689723814,"nb_sols_created":0,"nb_trashed":13023,"nodes_generated_per_sec":1341048.25,"time_searched":1260.002197265625}