{"avg_branching_factor":51.317257396481764,"nb_eval":9,"nb_expanded":2953296,"nb_generated":151555051,"nb_guide":151555057,"nb_sols_created":0,"nb_trashed":45599,"nodes_generated_per_sec":1683775.125,"time_searched":90.00908660888672}