{"avg_branching_factor":169.10395952450978,"nb_eval":32,"nb_expanded":2913961,"nb_generated":492762343,"nb_guide":492762325,"nb_sols_created":0,"nb_trashed":9186,"nodes_generated_per_sec":1824999.875,"time_searched":270.00677490234375}