{"avg_branching_factor":244.43584478670945,"nb_eval":10,"nb_expanded":2207646,"nb_generated":539627815,"nb_guide":539627818,"nb_sols_created":0,"nb_trashed":19350,"nodes_generated_per_sec":599583.8125,"time_searched":900.0040283203125}