{"avg_branching_factor":331.95559025780113,"nb_eval":7,"nb_expanded":1131531,"nb_generated":375618041,"nb_guide":375618046,"nb_sols_created":0,"nb_trashed":32049,"nodes_generated_per_sec":521690.90625,"time_searched":720.0011596679688}