{"avg_branching_factor":58.49777507685672,"nb_eval":30,"nb_expanded":3945979,"nb_generated":230830992,"nb_guide":230830978,"nb_sols_created":0,"nb_trashed":54631,"nodes_generated_per_sec":1282264.75,"time_searched":180.01820373535156}