{"avg_branching_factor":291.7656998738966,"nb_eval":6,"nb_expanded":2672410,"nb_generated":779717574,"nb_guide":779717581,"nb_sols_created":0,"nb_trashed":10310,"nodes_generated_per_sec":1732689.375,"time_searched":450.0042419433594}