{"avg_branching_factor":263.3680855353821,"nb_eval":37,"nb_expanded":4319803,"nb_generated":1137698246,"nb_guide":1137698223,"nb_sols_created":0,"nb_trashed":8482,"nodes_generated_per_sec":1264101.75,"time_searched":900.0053100585938}