{"avg_branching_factor":110.02117250706534,"nb_eval":10,"nb_expanded":2020781,"nb_generated":222328695,"nb_guide":222328699,"nb_sols_created":0,"nb_trashed":13586,"nodes_generated_per_sec":617565.25,"time_searched":360.0084228515625}