{"avg_branching_factor":364.02955767573053,"nb_eval":6,"nb_expanded":1705310,"nb_generated":620783245,"nb_guide":620783251,"nb_sols_created":0,"nb_trashed":4756,"nodes_generated_per_sec":574798.6875,"time_searched":1080.0010986328125}