{"avg_branching_factor":231.71415746328591,"nb_eval":11,"nb_expanded":5103831,"nb_generated":1182629900,"nb_guide":1182629903,"nb_sols_created":0,"nb_trashed":18591,"nodes_generated_per_sec":1095020.375,"time_searched":1080.0072021484375}