{"avg_branching_factor":236.2496712400329,"nb_eval":11,"nb_expanded":4207477,"nb_generated":994015058,"nb_guide":994015061,"nb_sols_created":0,"nb_trashed":33193,"nodes_generated_per_sec":1380569.25,"time_searched":720.0037841796875}