{"avg_branching_factor":283.8686973737414,"nb_eval":3,"nb_expanded":2814422,"nb_generated":798926307,"nb_guide":798926317,"nb_sols_created":0,"nb_trashed":71597,"nodes_generated_per_sec":422711.1875,"time_searched":1890.005126953125}