{"avg_branching_factor":110.91198520255492,"nb_eval":15,"nb_expanded":1813286,"nb_generated":201115150,"nb_guide":201115149,"nb_sols_created":0,"nb_trashed":19630,"nodes_generated_per_sec":558637.9375,"time_searched":360.00982666015625}