{"avg_branching_factor":58.29600621918115,"nb_eval":17,"nb_expanded":2134043,"nb_generated":124406184,"nb_guide":124406182,"nb_sols_created":0,"nb_trashed":21321,"nodes_generated_per_sec":460712.9375,"time_searched":270.02972412109375}