{"avg_branching_factor":158.6585974962041,"nb_eval":10,"nb_expanded":1333016,"nb_generated":211494449,"nb_guide":211494452,"nb_sols_created":0,"nb_trashed":10536,"nodes_generated_per_sec":783307.8125,"time_searched":270.001708984375}