{"avg_branching_factor":267.8397964923475,"nb_eval":15,"nb_expanded":4407107,"nb_generated":1180398642,"nb_guide":1180398641,"nb_sols_created":0,"nb_trashed":8194,"nodes_generated_per_sec":1311538.5,"time_searched":900.0106201171875}