{"avg_branching_factor":278.29107056480234,"nb_eval":37,"nb_expanded":4705292,"nb_generated":1309440748,"nb_guide":1309440725,"nb_sols_created":0,"nb_trashed":10479,"nodes_generated_per_sec":969946.3125,"time_searched":1350.013671875}