{"avg_branching_factor":115.44760276374691,"nb_eval":35,"nb_expanded":4163044,"nb_generated":480613450,"nb_guide":480613430,"nb_sols_created":0,"nb_trashed":20828,"nodes_generated_per_sec":1334958.625,"time_searched":360.021240234375}