{"avg_branching_factor":118.18569233357415,"nb_eval":18,"nb_expanded":2038851,"nb_generated":240963017,"nb_guide":240963013,"nb_sols_created":0,"nb_trashed":13382,"nodes_generated_per_sec":446219.96875,"time_searched":540.009521484375}