{"avg_branching_factor":203.82757860718812,"nb_eval":15,"nb_expanded":1914774,"nb_generated":390283748,"nb_guide":390283746,"nb_sols_created":0,"nb_trashed":29005,"nodes_generated_per_sec":542057.75,"time_searched":720.0039672851562}