{"avg_branching_factor":113.40288677247388,"nb_eval":7,"nb_expanded":1313647,"nb_generated":148971362,"nb_guide":148971368,"nb_sols_created":0,"nb_trashed":60423,"nodes_generated_per_sec":331045.75,"time_searched":450.0023193359375}