{"avg_branching_factor":197.35589148621608,"nb_eval":7,"nb_expanded":1684210,"nb_generated":332388766,"nb_guide":332388771,"nb_sols_created":0,"nb_trashed":115544,"nodes_generated_per_sec":461650.53125,"time_searched":720.0008544921875}