{"avg_branching_factor":114.51084415452654,"nb_eval":16,"nb_expanded":1872714,"nb_generated":214446061,"nb_guide":214446059,"nb_sols_created":0,"nb_trashed":12238,"nodes_generated_per_sec":595667.5625,"time_searched":360.0096435546875}