{"avg_branching_factor":449.26496432651464,"nb_eval":7,"nb_expanded":1723549,"nb_generated":774330180,"nb_guide":774330185,"nb_sols_created":0,"nb_trashed":7043,"nodes_generated_per_sec":614546.9375,"time_searched":1260.001708984375}