{"avg_branching_factor":266.2719391371641,"nb_eval":6,"nb_expanded":1230176,"nb_generated":327561349,"nb_guide":327561355,"nb_sols_created":0,"nb_trashed":7832,"nodes_generated_per_sec":727912.25,"time_searched":450.00115966796875}