{"avg_branching_factor":231.083874401735,"nb_eval":13,"nb_expanded":4185854,"nb_generated":967283360,"nb_guide":967283361,"nb_sols_created":0,"nb_trashed":8178,"nodes_generated_per_sec":1343435.75,"time_searched":720.0071411132812}