{"avg_branching_factor":233.49376757893452,"nb_eval":11,"nb_expanded":4328334,"nb_generated":1010639013,"nb_guide":1010639016,"nb_sols_created":0,"nb_trashed":13221,"nodes_generated_per_sec":1403657.625,"time_searched":720.0039672851562}