{"avg_branching_factor":101.581540067182,"nb_eval":13,"nb_expanded":1508142,"nb_generated":153199387,"nb_guide":153199387,"nb_sols_created":0,"nb_trashed":4227,"nodes_generated_per_sec":851093.5625,"time_searched":180.00299072265625}