{"avg_branching_factor":409.6563958807355,"nb_eval":11,"nb_expanded":3920797,"nb_generated":1606179568,"nb_guide":1606179570,"nb_sols_created":0,"nb_trashed":4105,"nodes_generated_per_sec":1274742.875,"time_searched":1260.0028076171875}