{"avg_branching_factor":175.8686067253384,"nb_eval":11,"nb_expanded":1658266,"nb_generated":291636931,"nb_guide":291636933,"nb_sols_created":0,"nb_trashed":4820,"nodes_generated_per_sec":540065.6875,"time_searched":540.002685546875}