{"avg_branching_factor":233.7306080888781,"nb_eval":9,"nb_expanded":1763854,"nb_generated":412266668,"nb_guide":412266672,"nb_sols_created":0,"nb_trashed":7851,"nodes_generated_per_sec":572589.125,"time_searched":720.0043334960938}