{"avg_branching_factor":264.47445177910436,"nb_eval":12,"nb_expanded":2324428,"nb_generated":614751821,"nb_guide":614751822,"nb_sols_created":0,"nb_trashed":6041,"nodes_generated_per_sec":455369.5625,"time_searched":1350.00634765625}