{"avg_branching_factor":464.5816002738499,"nb_eval":36,"nb_expanded":4244661,"nb_generated":1971991400,"nb_guide":1971991377,"nb_sols_created":0,"nb_trashed":4172,"nodes_generated_per_sec":912957.4375,"time_searched":2160.003662109375}