{"avg_branching_factor":275.7593285466926,"nb_eval":8,"nb_expanded":1138307,"nb_generated":313898774,"nb_guide":313898778,"nb_sols_created":0,"nb_trashed":14839,"nodes_generated_per_sec":697550.125,"time_searched":450.00177001953125}