{"avg_branching_factor":231.28348931373176,"nb_eval":13,"nb_expanded":4174563,"nb_generated":965507497,"nb_guide":965507498,"nb_sols_created":0,"nb_trashed":8190,"nodes_generated_per_sec":1340972.0,"time_searched":720.0057373046875}