{"avg_branching_factor":230.0215627817357,"nb_eval":26,"nb_expanded":2053121,"nb_generated":472262101,"nb_guide":472262088,"nb_sols_created":0,"nb_trashed":4695,"nodes_generated_per_sec":655917.375,"time_searched":720.00244140625}