{"avg_branching_factor":332.9755417444946,"nb_eval":14,"nb_expanded":2813365,"nb_generated":936781735,"nb_guide":936781734,"nb_sols_created":0,"nb_trashed":4178,"nodes_generated_per_sec":1734775.375,"time_searched":540.0017700195312}