{"avg_branching_factor":288.9254833733361,"nb_eval":10,"nb_expanded":2581907,"nb_generated":745978728,"nb_guide":745978731,"nb_sols_created":0,"nb_trashed":5703,"nodes_generated_per_sec":460479.90625,"time_searched":1620.0028076171875}