{"avg_branching_factor":255.3996814830631,"nb_eval":11,"nb_expanded":1990475,"nb_generated":508366681,"nb_guide":508366682,"nb_sols_created":0,"nb_trashed":4227,"nodes_generated_per_sec":564851.125,"time_searched":900.0011596679688}