{"avg_branching_factor":462.9340591422719,"nb_eval":15,"nb_expanded":2064547,"nb_generated":955749123,"nb_guide":955749120,"nb_sols_created":0,"nb_trashed":11420,"nodes_generated_per_sec":442476.09375,"time_searched":2160.001708984375}