{"avg_branching_factor":233.23162297283176,"nb_eval":21,"nb_expanded":2172427,"nb_generated":506678675,"nb_guide":506678667,"nb_sols_created":0,"nb_trashed":4458,"nodes_generated_per_sec":469145.4375,"time_searched":1080.00341796875}