{"avg_branching_factor":232.74080742037657,"nb_eval":4,"nb_expanded":4321937,"nb_generated":1005891107,"nb_guide":1005891117,"nb_sols_created":0,"nb_trashed":14636,"nodes_generated_per_sec":1397058.875,"time_searched":720.0062866210938}