{"avg_branching_factor":163.81848111848296,"nb_eval":21,"nb_expanded":5332437,"nb_generated":873551730,"nb_guide":873551724,"nb_sols_created":0,"nb_trashed":39261,"nodes_generated_per_sec":1078444.875,"time_searched":810.0105590820312}