{"avg_branching_factor":100.21281564766112,"nb_eval":12,"nb_expanded":1410869,"nb_generated":141387155,"nb_guide":141387156,"nb_sols_created":0,"nb_trashed":4815,"nodes_generated_per_sec":523648.0,"time_searched":270.0041809082031}