{"avg_branching_factor":116.14311496988009,"nb_eval":12,"nb_expanded":1205681,"nb_generated":140031547,"nb_guide":140031548,"nb_sols_created":0,"nb_trashed":18535,"nodes_generated_per_sec":777944.6875,"time_searched":180.00193786621094}