{"avg_branching_factor":52.827404062030894,"nb_eval":25,"nb_expanded":2959751,"nb_generated":156355962,"nb_guide":156355952,"nb_sols_created":0,"nb_trashed":22493,"nodes_generated_per_sec":1736938.25,"time_searched":90.01815032958984}