{"avg_branching_factor":233.73853171613598,"nb_eval":40,"nb_expanded":4599315,"nb_generated":1075037135,"nb_guide":1075037109,"nb_sols_created":0,"nb_trashed":8213,"nodes_generated_per_sec":995392.875,"time_searched":1080.012939453125}