{"avg_branching_factor":289.7875003973506,"nb_eval":10,"nb_expanded":2579586,"nb_generated":747531779,"nb_guide":747531782,"nb_sols_created":0,"nb_trashed":7179,"nodes_generated_per_sec":461438.125,"time_searched":1620.00439453125}