{"avg_branching_factor":275.7416770635476,"nb_eval":7,"nb_expanded":2608154,"nb_generated":719176758,"nb_guide":719176764,"nb_sols_created":0,"nb_trashed":22158,"nodes_generated_per_sec":443934.90625,"time_searched":1620.0050048828125}