{"avg_branching_factor":289.8702013993857,"nb_eval":12,"nb_expanded":5143114,"nb_generated":1490835491,"nb_guide":1490835493,"nb_sols_created":0,"nb_trashed":23731,"nodes_generated_per_sec":1104333.25,"time_searched":1349.9869384765625}