{"avg_branching_factor":328.25821563156364,"nb_eval":11,"nb_expanded":5377645,"nb_generated":1765256152,"nb_guide":1765256155,"nb_sols_created":0,"nb_trashed":23085,"nodes_generated_per_sec":1089658.875,"time_searched":1620.008056640625}