{"avg_branching_factor":375.61375956772713,"nb_eval":9,"nb_expanded":2049076,"nb_generated":769661140,"nb_guide":769661143,"nb_sols_created":0,"nb_trashed":15837,"nodes_generated_per_sec":534486.625,"time_searched":1440.000732421875}