{"avg_branching_factor":169.18608437414437,"nb_eval":12,"nb_expanded":1899160,"nb_generated":321311444,"nb_guide":321311445,"nb_sols_created":0,"nb_trashed":9844,"nodes_generated_per_sec":595016.4375,"time_searched":540.0043334960938}