{"avg_branching_factor":211.80913119552275,"nb_eval":22,"nb_expanded":3047947,"nb_generated":645583006,"nb_guide":645582997,"nb_sols_created":0,"nb_trashed":4297,"nodes_generated_per_sec":1793270.5,"time_searched":360.00311279296875}