{"avg_branching_factor":57.75852150288629,"nb_eval":6,"nb_expanded":4912015,"nb_generated":283710724,"nb_guide":283710734,"nb_sols_created":0,"nb_trashed":81700,"nodes_generated_per_sec":1050682.75,"time_searched":270.0251159667969}