{"avg_branching_factor":57.58141939224117,"nb_eval":52,"nb_expanded":4657275,"nb_generated":268172505,"nb_guide":268172469,"nb_sols_created":0,"nb_trashed":37980,"nodes_generated_per_sec":992896.0625,"time_searched":270.0912170410156}