{"avg_branching_factor":235.64220538192552,"nb_eval":6,"nb_expanded":4259888,"nb_generated":1003809403,"nb_guide":1003809411,"nb_sols_created":0,"nb_trashed":18525,"nodes_generated_per_sec":1394166.25,"time_searched":720.0069580078125}