{"avg_branching_factor":408.89372535801505,"nb_eval":30,"nb_expanded":3871695,"nb_generated":1583111792,"nb_guide":1583111775,"nb_sols_created":0,"nb_trashed":4740,"nodes_generated_per_sec":1256433.625,"time_searched":1260.0042724609375}