{"avg_branching_factor":299.87929895663024,"nb_eval":8,"nb_expanded":1471578,"nb_generated":441295779,"nb_guide":441295783,"nb_sols_created":0,"nb_trashed":4228,"nodes_generated_per_sec":700468.625,"time_searched":630.0007934570312}