{"avg_branching_factor":408.659793254923,"nb_eval":15,"nb_expanded":2118938,"nb_generated":865924765,"nb_guide":865924762,"nb_sols_created":0,"nb_trashed":2032,"nodes_generated_per_sec":458160.84375,"time_searched":1890.0015869140625}