{"avg_branching_factor":106.37677192028725,"nb_eval":6,"nb_expanded":2994703,"nb_generated":318566838,"nb_guide":318566846,"nb_sols_created":0,"nb_trashed":13946,"nodes_generated_per_sec":1769767.625,"time_searched":180.00489807128906}