{"avg_branching_factor":52.2418354434595,"nb_eval":35,"nb_expanded":3002980,"nb_generated":156881187,"nb_guide":156881167,"nb_sols_created":0,"nb_trashed":20160,"nodes_generated_per_sec":1742759.125,"time_searched":90.01885986328125}