{"avg_branching_factor":465.72762693776394,"nb_eval":7,"nb_expanded":4942875,"nb_generated":2302033444,"nb_guide":2302033450,"nb_sols_created":0,"nb_trashed":11330,"nodes_generated_per_sec":1065753.875,"time_searched":2160.004638671875}