{"avg_branching_factor":343.82208083189624,"nb_eval":12,"nb_expanded":2364141,"nb_generated":812843878,"nb_guide":812843878,"nb_sols_created":0,"nb_trashed":15055,"nodes_generated_per_sec":430075.875,"time_searched":1890.001220703125}