{"avg_branching_factor":106.8685865808013,"nb_eval":12,"nb_expanded":2095684,"nb_generated":223962787,"nb_guide":223962789,"nb_sols_created":0,"nb_trashed":39294,"nodes_generated_per_sec":622106.625,"time_searched":360.007080078125}