{"avg_branching_factor":289.35504524236694,"nb_eval":18,"nb_expanded":2620221,"nb_generated":758174166,"nb_guide":758174161,"nb_sols_created":0,"nb_trashed":4079,"nodes_generated_per_sec":1684819.375,"time_searched":450.0032043457031}