{"avg_branching_factor":289.52409820345525,"nb_eval":7,"nb_expanded":2873015,"nb_generated":831807077,"nb_guide":831807083,"nb_sols_created":0,"nb_trashed":25339,"nodes_generated_per_sec":440108.4375,"time_searched":1890.0048828125}