{"avg_branching_factor":48.1471403254689,"nb_eval":22,"nb_expanded":1617789,"nb_generated":77891914,"nb_guide":77891907,"nb_sols_created":0,"nb_trashed":64112,"nodes_generated_per_sec":865326.5625,"time_searched":90.01447296142578}