{"avg_branching_factor":167.25766563065199,"nb_eval":16,"nb_expanded":1423725,"nb_generated":238128920,"nb_guide":238128917,"nb_sols_created":0,"nb_trashed":4162,"nodes_generated_per_sec":881950.5,"time_searched":270.0025939941406}