{"avg_branching_factor":53.22390877218698,"nb_eval":40,"nb_expanded":2919899,"nb_generated":155408438,"nb_guide":155408413,"nb_sols_created":0,"nb_trashed":17554,"nodes_generated_per_sec":1726398.75,"time_searched":90.01885223388672}