{"avg_branching_factor":466.03155778273134,"nb_eval":29,"nb_expanded":4334937,"nb_generated":2020217443,"nb_guide":2020217427,"nb_sols_created":0,"nb_trashed":4139,"nodes_generated_per_sec":935283.3125,"time_searched":2160.005859375}