{"avg_branching_factor":234.63298581854775,"nb_eval":18,"nb_expanded":2063893,"nb_generated":484257377,"nb_guide":484257372,"nb_sols_created":0,"nb_trashed":5906,"nodes_generated_per_sec":448384.6875,"time_searched":1080.0042724609375}