{"avg_branching_factor":457.968772387644,"nb_eval":10,"nb_expanded":2647945,"nb_generated":1212676121,"nb_guide":1212676123,"nb_sols_created":0,"nb_trashed":2038,"nodes_generated_per_sec":1684313.5,"time_searched":719.982421875}