{"avg_branching_factor":351.9417127865393,"nb_eval":13,"nb_expanded":5747161,"nb_generated":2022665686,"nb_guide":2022665687,"nb_sols_created":0,"nb_trashed":19058,"nodes_generated_per_sec":1070189.75,"time_searched":1890.006591796875}