{"avg_branching_factor":57.323246444956744,"nb_eval":40,"nb_expanded":2102928,"nb_generated":120546660,"nb_guide":120546635,"nb_sols_created":0,"nb_trashed":18992,"nodes_generated_per_sec":669613.3125,"time_searched":180.02427673339844}