{"avg_branching_factor":115.79159956380275,"nb_eval":24,"nb_expanded":4946386,"nb_generated":572749947,"nb_guide":572749938,"nb_sols_created":0,"nb_trashed":16969,"nodes_generated_per_sec":1060586.75,"time_searched":540.0311889648438}