{"avg_branching_factor":115.0708687839665,"nb_eval":18,"nb_expanded":5089942,"nb_generated":585704048,"nb_guide":585704045,"nb_sols_created":0,"nb_trashed":16409,"nodes_generated_per_sec":1084597.75,"time_searched":540.0195922851562}