{"avg_branching_factor":308.88499960404766,"nb_eval":4,"nb_expanded":1452195,"nb_generated":448561252,"nb_guide":448561260,"nb_sols_created":0,"nb_trashed":80227,"nodes_generated_per_sec":712001.5,"time_searched":630.0004272460938}