{"avg_branching_factor":197.59199674901058,"nb_eval":8,"nb_expanded":1471552,"nb_generated":290766898,"nb_guide":290766905,"nb_sols_created":0,"nb_trashed":153336,"nodes_generated_per_sec":403830.9375,"time_searched":720.0213623046875}