{"avg_branching_factor":58.40867734880451,"nb_eval":26,"nb_expanded":2056642,"nb_generated":120125739,"nb_guide":120125728,"nb_sols_created":0,"nb_trashed":27518,"nodes_generated_per_sec":444871.0,"time_searched":270.02374267578125}