{"avg_branching_factor":453.46334744169496,"nb_eval":18,"nb_expanded":1781922,"nb_generated":808036315,"nb_guide":808036309,"nb_sols_created":0,"nb_trashed":4434,"nodes_generated_per_sec":561135.5625,"time_searched":1440.001953125}