{"avg_branching_factor":345.1545897560443,"nb_eval":14,"nb_expanded":3899314,"nb_generated":1345866124,"nb_guide":1345866123,"nb_sols_created":0,"nb_trashed":4174,"nodes_generated_per_sec":1246168.5,"time_searched":1080.0032958984375}