{"avg_branching_factor":207.13786701116405,"nb_eval":16,"nb_expanded":3124939,"nb_generated":647293199,"nb_guide":647293196,"nb_sols_created":0,"nb_trashed":4187,"nodes_generated_per_sec":1798026.25,"time_searched":360.0020751953125}