{"avg_branching_factor":234.11244595164476,"nb_eval":37,"nb_expanded":4571832,"nb_generated":1070322772,"nb_guide":1070322749,"nb_sols_created":0,"nb_trashed":11077,"nodes_generated_per_sec":991031.75,"time_searched":1080.008544921875}