{"avg_branching_factor":314.6555540998743,"nb_eval":11,"nb_expanded":1923498,"nb_generated":605239329,"nb_guide":605239330,"nb_sols_created":0,"nb_trashed":3364,"nodes_generated_per_sec":560406.0625,"time_searched":1080.00146484375}