{"avg_branching_factor":230.73292401210637,"nb_eval":12,"nb_expanded":1881326,"nb_generated":434083849,"nb_guide":434083850,"nb_sols_created":0,"nb_trashed":6498,"nodes_generated_per_sec":602890.0625,"time_searched":720.0049438476562}