{"avg_branching_factor":457.92411410048476,"nb_eval":25,"nb_expanded":2650611,"nb_generated":1213778694,"nb_guide":1213778681,"nb_sols_created":0,"nb_trashed":2246,"nodes_generated_per_sec":1685802.125,"time_searched":720.0006713867188}