{"avg_branching_factor":115.58466577130268,"nb_eval":46,"nb_expanded":4194942,"nb_generated":484870969,"nb_guide":484870938,"nb_sols_created":0,"nb_trashed":17990,"nodes_generated_per_sec":1346773.625,"time_searched":360.02410888671875}