{"avg_branching_factor":168.24632093743233,"nb_eval":12,"nb_expanded":2849571,"nb_generated":479429837,"nb_guide":479429839,"nb_sols_created":0,"nb_trashed":19383,"nodes_generated_per_sec":1775642.875,"time_searched":270.0035095214844}