{"avg_branching_factor":265.5911240020582,"nb_eval":11,"nb_expanded":2306873,"nb_generated":612684993,"nb_guide":612684995,"nb_sols_created":0,"nb_trashed":4627,"nodes_generated_per_sec":453838.9375,"time_searched":1350.00537109375}