{"avg_branching_factor":57.405256470551805,"nb_eval":20,"nb_expanded":4133496,"nb_generated":237284398,"nb_guide":237284394,"nb_sols_created":0,"nb_trashed":44679,"nodes_generated_per_sec":1317940.875,"time_searched":180.04176330566406}