{"avg_branching_factor":233.71964390623498,"nb_eval":38,"nb_expanded":4657088,"nb_generated":1088452949,"nb_guide":1088452925,"nb_sols_created":0,"nb_trashed":8183,"nodes_generated_per_sec":1007816.125,"time_searched":1080.011474609375}