{"avg_branching_factor":269.800261363597,"nb_eval":3,"nb_expanded":1442435,"nb_generated":389169340,"nb_guide":389169349,"nb_sols_created":0,"nb_trashed":96394,"nodes_generated_per_sec":720682.5,"time_searched":540.0010986328125}