{"avg_branching_factor":116.33654223480615,"nb_eval":13,"nb_expanded":4227615,"nb_generated":491826111,"nb_guide":491826113,"nb_sols_created":0,"nb_trashed":32662,"nodes_generated_per_sec":1366153.875,"time_searched":360.0078430175781}