{"avg_branching_factor":151.27342093813826,"nb_eval":25,"nb_expanded":2452453,"nb_generated":370990955,"nb_guide":370990944,"nb_sols_created":0,"nb_trashed":9391,"nodes_generated_per_sec":458008.125,"time_searched":810.009521484375}