{"avg_branching_factor":41.82277415305436,"nb_eval":23,"nb_expanded":1722277,"nb_generated":72030402,"nb_guide":72030394,"nb_sols_created":0,"nb_trashed":92847,"nodes_generated_per_sec":800184.5,"time_searched":90.01724243164062}