{"avg_branching_factor":315.6571280009041,"nb_eval":6,"nb_expanded":1973197,"nb_generated":622853698,"nb_guide":622853704,"nb_sols_created":0,"nb_trashed":11864,"nodes_generated_per_sec":576715.6875,"time_searched":1080.0013427734375}