{"avg_branching_factor":205.23788774982842,"nb_eval":10,"nb_expanded":2087783,"nb_generated":428492173,"nb_guide":428492176,"nb_sols_created":0,"nb_trashed":43746,"nodes_generated_per_sec":595124.1875,"time_searched":720.0045776367188}