{"avg_branching_factor":234.6419726438297,"nb_eval":19,"nb_expanded":2149643,"nb_generated":504396474,"nb_guide":504396468,"nb_sols_created":0,"nb_trashed":5283,"nodes_generated_per_sec":467030.96875,"time_searched":1080.0064697265625}