{"avg_branching_factor":319.5318767674381,"nb_eval":11,"nb_expanded":1439230,"nb_generated":459879863,"nb_guide":459879864,"nb_sols_created":0,"nb_trashed":4960,"nodes_generated_per_sec":729967.5625,"time_searched":630.0004272460938}