{"avg_branching_factor":113.71226872403211,"nb_eval":24,"nb_expanded":2448698,"nb_generated":278447005,"nb_guide":278446995,"nb_sols_created":0,"nb_trashed":9630,"nodes_generated_per_sec":515635.21875,"time_searched":540.0077514648438}