{"avg_branching_factor":291.234308529671,"nb_eval":5,"nb_expanded":2696927,"nb_generated":785437670,"nb_guide":785437678,"nb_sols_created":0,"nb_trashed":6292,"nodes_generated_per_sec":1745405.625,"time_searched":450.0029602050781}