{"avg_branching_factor":455.4229244398651,"nb_eval":30,"nb_expanded":2690334,"nb_generated":1225239778,"nb_guide":1225239760,"nb_sols_created":0,"nb_trashed":2203,"nodes_generated_per_sec":1701721.0,"time_searched":720.0004272460938}