{"avg_branching_factor":115.14726376808852,"nb_eval":39,"nb_expanded":5073108,"nb_generated":584154505,"nb_guide":584154481,"nb_sols_created":0,"nb_trashed":18967,"nodes_generated_per_sec":1081726.375,"time_searched":540.0205688476562}