{"avg_branching_factor":288.6515794641405,"nb_eval":32,"nb_expanded":2601167,"nb_generated":750830963,"nb_guide":750830944,"nb_sols_created":0,"nb_trashed":4088,"nodes_generated_per_sec":1668498.625,"time_searched":450.00396728515625}