{"avg_branching_factor":343.67766304824784,"nb_eval":13,"nb_expanded":3953937,"nb_generated":1358879828,"nb_guide":1358879828,"nb_sols_created":0,"nb_trashed":4096,"nodes_generated_per_sec":1258236.75,"time_searched":1079.9874267578125}