{"avg_branching_factor":328.28091751817624,"nb_eval":18,"nb_expanded":5326325,"nb_generated":1748530858,"nb_guide":1748530854,"nb_sols_created":0,"nb_trashed":19422,"nodes_generated_per_sec":1079335.25,"time_searched":1620.007080078125}