{"avg_branching_factor":216.72633174488465,"nb_eval":10,"nb_expanded":2072882,"nb_generated":449248112,"nb_guide":449248114,"nb_sols_created":0,"nb_trashed":12277,"nodes_generated_per_sec":415970.03125,"time_searched":1080.001220703125}