{"avg_branching_factor":169.12327935187903,"nb_eval":15,"nb_expanded":2911185,"nb_generated":492349154,"nb_guide":492349153,"nb_sols_created":0,"nb_trashed":13547,"nodes_generated_per_sec":1823481.125,"time_searched":270.00506591796875}