{"avg_branching_factor":115.64733144567361,"nb_eval":39,"nb_expanded":4213330,"nb_generated":487260371,"nb_guide":487260347,"nb_sols_created":0,"nb_trashed":21266,"nodes_generated_per_sec":1353417.375,"time_searched":360.02227783203125}