{"avg_branching_factor":290.90027430704407,"nb_eval":16,"nb_expanded":2691874,"nb_generated":783066885,"nb_guide":783066882,"nb_sols_created":0,"nb_trashed":4729,"nodes_generated_per_sec":1740134.375,"time_searched":450.0036926269531}