{"avg_branching_factor":458.30504638002736,"nb_eval":12,"nb_expanded":4050666,"nb_generated":1856440669,"nb_guide":1856440670,"nb_sols_created":0,"nb_trashed":4083,"nodes_generated_per_sec":1289192.0,"time_searched":1440.0032958984375}