{"avg_branching_factor":57.816442158329714,"nb_eval":32,"nb_expanded":2137931,"nb_generated":123607564,"nb_guide":123607547,"nb_sols_created":0,"nb_trashed":21161,"nodes_generated_per_sec":457760.0625,"time_searched":270.0269775390625}