{"avg_branching_factor":100.95978093632898,"nb_eval":16,"nb_expanded":3281603,"nb_generated":331309920,"nb_guide":331309919,"nb_sols_created":0,"nb_trashed":16978,"nodes_generated_per_sec":1840488.5,"time_searched":180.01194763183594}