{"avg_branching_factor":453.65210687181934,"nb_eval":49,"nb_expanded":3935930,"nb_generated":1785542937,"nb_guide":1785542901,"nb_sols_created":0,"nb_trashed":4169,"nodes_generated_per_sec":1239957.25,"time_searched":1440.003662109375}