{"avg_branching_factor":228.3673912111162,"nb_eval":10,"nb_expanded":2238464,"nb_generated":511192184,"nb_guide":511192187,"nb_sols_created":0,"nb_trashed":9278,"nodes_generated_per_sec":473324.0625,"time_searched":1080.004638671875}