{"avg_branching_factor":359.6767345669857,"nb_eval":17,"nb_expanded":2946427,"nb_generated":1059761242,"nb_guide":1059761238,"nb_sols_created":0,"nb_trashed":4083,"nodes_generated_per_sec":1682156.375,"time_searched":630.0015869140625}