{"avg_branching_factor":57.34031587648946,"nb_eval":22,"nb_expanded":2057703,"nb_generated":117989340,"nb_guide":117989333,"nb_sols_created":0,"nb_trashed":20515,"nodes_generated_per_sec":655405.875,"time_searched":180.0248565673828}