{"avg_branching_factor":290.9310467214165,"nb_eval":4,"nb_expanded":5172981,"nb_generated":1504980777,"nb_guide":1504980787,"nb_sols_created":0,"nb_trashed":18336,"nodes_generated_per_sec":1114795.75,"time_searched":1350.005859375}