{"avg_branching_factor":409.75927173127786,"nb_eval":23,"nb_expanded":2043092,"nb_generated":837175890,"nb_guide":837175879,"nb_sols_created":0,"nb_trashed":2050,"nodes_generated_per_sec":664424.9375,"time_searched":1260.000732421875}