{"avg_branching_factor":59.51719303374522,"nb_eval":14,"nb_expanded":2243903,"nb_generated":133550808,"nb_guide":133550809,"nb_sols_created":0,"nb_trashed":23135,"nodes_generated_per_sec":494576.9375,"time_searched":270.0303955078125}