{"avg_branching_factor":55.17142146923992,"nb_eval":25,"nb_expanded":1774101,"nb_generated":97879674,"nb_guide":97879664,"nb_sols_created":0,"nb_trashed":27637,"nodes_generated_per_sec":543695.5625,"time_searched":180.026611328125}