{"avg_branching_factor":51.56419728134104,"nb_eval":21,"nb_expanded":3057684,"nb_generated":157667021,"nb_guide":157667015,"nb_sols_created":0,"nb_trashed":19248,"nodes_generated_per_sec":1751398.125,"time_searched":90.02352142333984}