{"avg_branching_factor":288.0882939938783,"nb_eval":8,"nb_expanded":5190421,"nb_generated":1495299531,"nb_guide":1495299537,"nb_sols_created":0,"nb_trashed":18218,"nodes_generated_per_sec":1107623.875,"time_searched":1350.006591796875}