{"avg_branching_factor":230.3819695337094,"nb_eval":20,"nb_expanded":1893240,"nb_generated":436168360,"nb_guide":436168353,"nb_sols_created":0,"nb_trashed":8533,"nodes_generated_per_sec":605785.5,"time_searched":720.004638671875}