{"avg_branching_factor":461.5869824249277,"nb_eval":9,"nb_expanded":4145872,"nb_generated":1913680546,"nb_guide":1913680550,"nb_sols_created":0,"nb_trashed":6770,"nodes_generated_per_sec":1328943.125,"time_searched":1440.0018310546875}