{"avg_branching_factor":51.54672871530035,"nb_eval":30,"nb_expanded":3058676,"nb_generated":157664742,"nb_guide":157664727,"nb_sols_created":0,"nb_trashed":18059,"nodes_generated_per_sec":1751367.875,"time_searched":90.02376556396484}