{"avg_branching_factor":231.69898700798666,"nb_eval":9,"nb_expanded":2264776,"nb_generated":524746305,"nb_guide":524746309,"nb_sols_created":0,"nb_trashed":14361,"nodes_generated_per_sec":485874.71875,"time_searched":1080.0032958984375}