{"avg_branching_factor":286.5243192630833,"nb_eval":30,"nb_expanded":2647572,"nb_generated":758593765,"nb_guide":758593748,"nb_sols_created":0,"nb_trashed":4711,"nodes_generated_per_sec":1685747.125,"time_searched":450.0045166015625}