{"avg_branching_factor":139.64030610876196,"nb_eval":9,"nb_expanded":1677443,"nb_generated":234238654,"nb_guide":234238658,"nb_sols_created":0,"nb_trashed":168689,"nodes_generated_per_sec":650659.5625,"time_searched":360.0018615722656}