{"avg_branching_factor":169.1178442071835,"nb_eval":17,"nb_expanded":2917182,"nb_generated":493347531,"nb_guide":493347528,"nb_sols_created":0,"nb_trashed":8174,"nodes_generated_per_sec":1827290.75,"time_searched":269.988525390625}