{"avg_branching_factor":274.2113866984854,"nb_eval":3,"nb_expanded":4497142,"nb_generated":1233167544,"nb_guide":1233167555,"nb_sols_created":0,"nb_trashed":21199,"nodes_generated_per_sec":1370176.625,"time_searched":900.0062255859375}