{"avg_branching_factor":418.9508569986837,"nb_eval":14,"nb_expanded":2100645,"nb_generated":880067023,"nb_guide":880067021,"nb_sols_created":0,"nb_trashed":3488,"nodes_generated_per_sec":465643.75,"time_searched":1890.000732421875}