{"avg_branching_factor":457.6699817881898,"nb_eval":6,"nb_expanded":1771378,"nb_generated":810706537,"nb_guide":810706543,"nb_sols_created":0,"nb_trashed":4396,"nodes_generated_per_sec":562990.125,"time_searched":1440.0013427734375}