{"avg_branching_factor":319.31229255095496,"nb_eval":19,"nb_expanded":2628055,"nb_generated":839170267,"nb_guide":839170261,"nb_sols_created":0,"nb_trashed":9562,"nodes_generated_per_sec":518004.59375,"time_searched":1620.00537109375}