{"avg_branching_factor":414.31101770086144,"nb_eval":15,"nb_expanded":1925556,"nb_generated":797779066,"nb_guide":797779063,"nb_sols_created":0,"nb_trashed":3182,"nodes_generated_per_sec":422104.75,"time_searched":1890.0025634765625}