{"avg_branching_factor":332.1598060240607,"nb_eval":21,"nb_expanded":2801997,"nb_generated":930710780,"nb_guide":930710772,"nb_sols_created":0,"nb_trashed":4558,"nodes_generated_per_sec":1723532.0,"time_searched":540.0020141601562}