{"avg_branching_factor":100.47381175282364,"nb_eval":35,"nb_expanded":3265377,"nb_generated":328084874,"nb_guide":328084854,"nb_sols_created":0,"nb_trashed":19609,"nodes_generated_per_sec":1822587.5,"time_searched":180.01048278808594}