{"avg_branching_factor":329.466686923044,"nb_eval":15,"nb_expanded":4347602,"nb_generated":1432390027,"nb_guide":1432390025,"nb_sols_created":0,"nb_trashed":5350,"nodes_generated_per_sec":1326283.875,"time_searched":1080.0025634765625}