{"avg_branching_factor":279.65456157392805,"nb_eval":47,"nb_expanded":4774602,"nb_generated":1335239229,"nb_guide":1335239196,"nb_sols_created":0,"nb_trashed":8732,"nodes_generated_per_sec":989058.4375,"time_searched":1350.0103759765625}