{"avg_branching_factor":169.42493630959603,"nb_eval":37,"nb_expanded":4088528,"nb_generated":692698596,"nb_guide":692698573,"nb_sols_created":0,"nb_trashed":9457,"nodes_generated_per_sec":1282755.75,"time_searched":540.0081787109375}