{"avg_branching_factor":159.95322702046838,"nb_eval":17,"nb_expanded":5283713,"nb_generated":845146945,"nb_guide":845146943,"nb_sols_created":0,"nb_trashed":16368,"nodes_generated_per_sec":1043360.875,"time_searched":810.0236206054688}