{"avg_branching_factor":310.9323958278177,"nb_eval":45,"nb_expanded":5080219,"nb_generated":1579604665,"nb_guide":1579604634,"nb_sols_created":0,"nb_trashed":12898,"nodes_generated_per_sec":975057.875,"time_searched":1620.0111083984375}