{"avg_branching_factor":168.93314518157837,"nb_eval":23,"nb_expanded":2909708,"nb_generated":491546124,"nb_guide":491546115,"nb_sols_created":0,"nb_trashed":8168,"nodes_generated_per_sec":1820513.625,"time_searched":270.00408935546875}