{"avg_branching_factor":306.1082643317849,"nb_eval":9,"nb_expanded":1551656,"nb_generated":474974725,"nb_guide":474974728,"nb_sols_created":0,"nb_trashed":3580,"nodes_generated_per_sec":753927.3125,"time_searched":630.0006713867188}