{"avg_branching_factor":117.10194931587756,"nb_eval":8,"nb_expanded":1466258,"nb_generated":171701670,"nb_guide":171701675,"nb_sols_created":0,"nb_trashed":96369,"nodes_generated_per_sec":635925.375,"time_searched":270.0028381347656}