{"avg_branching_factor":55.076660323160695,"nb_eval":26,"nb_expanded":2764507,"nb_generated":152259813,"nb_guide":152259802,"nb_sols_created":0,"nb_trashed":16366,"nodes_generated_per_sec":1691263.375,"time_searched":90.02725982666016}