{"avg_branching_factor":114.6658124516954,"nb_eval":22,"nb_expanded":5147026,"nb_generated":590187918,"nb_guide":590187911,"nb_sols_created":0,"nb_trashed":16424,"nodes_generated_per_sec":1092900.5,"time_searched":540.019775390625}