{"avg_branching_factor":125.79781333887256,"nb_eval":12,"nb_expanded":1251680,"nb_generated":157458607,"nb_guide":157458608,"nb_sols_created":0,"nb_trashed":25921,"nodes_generated_per_sec":583175.0,"time_searched":270.0023193359375}