{"avg_branching_factor":348.6286050501419,"nb_eval":30,"nb_expanded":3735697,"nb_generated":1302370834,"nb_guide":1302370817,"nb_sols_created":0,"nb_trashed":4075,"nodes_generated_per_sec":1205895.125,"time_searched":1080.00341796875}