{"avg_branching_factor":225.32473900564568,"nb_eval":13,"nb_expanded":1902340,"nb_generated":428644264,"nb_guide":428644264,"nb_sols_created":0,"nb_trashed":5013,"nodes_generated_per_sec":595335.4375,"time_searched":720.0045776367188}