{"avg_branching_factor":100.66329826693628,"nb_eval":24,"nb_expanded":3264854,"nb_generated":328650972,"nb_guide":328650963,"nb_sols_created":0,"nb_trashed":16778,"nodes_generated_per_sec":1825745.125,"time_searched":180.0092315673828}