{"avg_branching_factor":175.26712448785167,"nb_eval":16,"nb_expanded":1672123,"nb_generated":293068190,"nb_guide":293068187,"nb_sols_created":0,"nb_trashed":5745,"nodes_generated_per_sec":542715.0,"time_searched":540.0038452148438}