{"avg_branching_factor":458.5066194625685,"nb_eval":11,"nb_expanded":4056145,"nb_generated":1859769332,"nb_guide":1859769334,"nb_sols_created":0,"nb_trashed":4086,"nodes_generated_per_sec":1291526.25,"time_searched":1439.9779052734375}