{"avg_branching_factor":125.40382818287995,"nb_eval":8,"nb_expanded":1456409,"nb_generated":182639264,"nb_guide":182639269,"nb_sols_created":0,"nb_trashed":131658,"nodes_generated_per_sec":676434.4375,"time_searched":270.0028991699219}