{"avg_branching_factor":406.3982449174925,"nb_eval":10,"nb_expanded":2158531,"nb_generated":877223210,"nb_guide":877223212,"nb_sols_created":0,"nb_trashed":14958,"nodes_generated_per_sec":609182.125,"time_searched":1440.0015869140625}