{"avg_branching_factor":167.28908160311107,"nb_eval":28,"nb_expanded":2044824,"nb_generated":342076729,"nb_guide":342076714,"nb_sols_created":0,"nb_trashed":5249,"nodes_generated_per_sec":633472.4375,"time_searched":540.0025634765625}