{"avg_branching_factor":55.6300145741536,"nb_eval":36,"nb_expanded":2468754,"nb_generated":137336821,"nb_guide":137336800,"nb_sols_created":0,"nb_trashed":105885,"nodes_generated_per_sec":508602.4375,"time_searched":270.02783203125}