{"avg_branching_factor":215.6883890274501,"nb_eval":10,"nb_expanded":1600977,"nb_generated":345312150,"nb_guide":345312152,"nb_sols_created":0,"nb_trashed":135853,"nodes_generated_per_sec":548114.1875,"time_searched":630.0004272460938}