{"avg_branching_factor":155.87348802854854,"nb_eval":11,"nb_expanded":4657330,"nb_generated":725954272,"nb_guide":725954275,"nb_sols_created":0,"nb_trashed":26134,"nodes_generated_per_sec":1344347.25,"time_searched":540.0050659179688}