{"avg_branching_factor":263.6380817516177,"nb_eval":36,"nb_expanded":4340856,"nb_generated":1144414949,"nb_guide":1144414927,"nb_sols_created":0,"nb_trashed":8894,"nodes_generated_per_sec":1271561.875,"time_searched":900.0072631835938}