{"avg_branching_factor":199.83458560217687,"nb_eval":14,"nb_expanded":3263410,"nb_generated":652142185,"nb_guide":652142185,"nb_sols_created":0,"nb_trashed":9906,"nodes_generated_per_sec":1811483.0,"time_searched":360.0046081542969}