{"avg_branching_factor":261.46808266977825,"nb_eval":39,"nb_expanded":4296177,"nb_generated":1123313163,"nb_guide":1123313138,"nb_sols_created":0,"nb_trashed":8431,"nodes_generated_per_sec":1248113.25,"time_searched":900.0089721679688}