{"avg_branching_factor":324.85457332680346,"nb_eval":14,"nb_expanded":5411050,"nb_generated":1757804339,"nb_guide":1757804339,"nb_sols_created":0,"nb_trashed":13628,"nodes_generated_per_sec":1085059.25,"time_searched":1620.007568359375}