{"avg_branching_factor":462.7573108923271,"nb_eval":34,"nb_expanded":4133148,"nb_generated":1912644454,"nb_guide":1912644433,"nb_sols_created":0,"nb_trashed":4840,"nodes_generated_per_sec":885481.5625,"time_searched":2160.0048828125}