{"avg_branching_factor":348.0677577766262,"nb_eval":11,"nb_expanded":2107212,"nb_generated":733452556,"nb_guide":733452557,"nb_sols_created":0,"nb_trashed":18741,"nodes_generated_per_sec":582104.375,"time_searched":1260.001708984375}