{"avg_branching_factor":318.72498377664505,"nb_eval":14,"nb_expanded":5262475,"nb_generated":1677282259,"nb_guide":1677282259,"nb_sols_created":0,"nb_trashed":8177,"nodes_generated_per_sec":1035351.5,"time_searched":1620.012451171875}