{"avg_branching_factor":474.2662410880842,"nb_eval":8,"nb_expanded":1878384,"nb_generated":890854119,"nb_guide":890854123,"nb_sols_created":0,"nb_trashed":5887,"nodes_generated_per_sec":618648.3125,"time_searched":1440.0009765625}