{"avg_branching_factor":229.12741458999196,"nb_eval":40,"nb_expanded":4025787,"nb_generated":922418167,"nb_guide":922418141,"nb_sols_created":0,"nb_trashed":9990,"nodes_generated_per_sec":1281118.0,"time_searched":720.0103149414062}