{"avg_branching_factor":375.3750838508206,"nb_eval":9,"nb_expanded":2097475,"nb_generated":787339854,"nb_guide":787339857,"nb_sols_created":0,"nb_trashed":16144,"nodes_generated_per_sec":546763.3125,"time_searched":1440.001220703125}