{"avg_branching_factor":326.72406308032157,"nb_eval":8,"nb_expanded":5318172,"nb_generated":1737574764,"nb_guide":1737574770,"nb_sols_created":0,"nb_trashed":25713,"nodes_generated_per_sec":1072573.0,"time_searched":1620.006103515625}