{"avg_branching_factor":58.41912080061425,"nb_eval":14,"nb_expanded":4213265,"nb_generated":246135237,"nb_guide":246135239,"nb_sols_created":0,"nb_trashed":41812,"nodes_generated_per_sec":1367114.375,"time_searched":180.0399627685547}