{"avg_branching_factor":56.11820882054367,"nb_eval":17,"nb_expanded":1276656,"nb_generated":71643648,"nb_guide":71643645,"nb_sols_created":0,"nb_trashed":22972,"nodes_generated_per_sec":795950.1875,"time_searched":90.01021575927734}