{"avg_branching_factor":314.33105202833883,"nb_eval":10,"nb_expanded":1453554,"nb_generated":456897158,"nb_guide":456897160,"nb_sols_created":0,"nb_trashed":2037,"nodes_generated_per_sec":725232.6875,"time_searched":630.0007934570312}