{"avg_branching_factor":57.33253355799247,"nb_eval":20,"nb_expanded":5004322,"nb_generated":286910459,"nb_guide":286910455,"nb_sols_created":0,"nb_trashed":68444,"nodes_generated_per_sec":1062514.0,"time_searched":270.0298156738281}