{"avg_branching_factor":113.80120700177052,"nb_eval":15,"nb_expanded":5274723,"nb_generated":600269844,"nb_guide":600269844,"nb_sols_created":0,"nb_trashed":26714,"nodes_generated_per_sec":1111585.875,"time_searched":540.0120849609375}