{"avg_branching_factor":410.8663130671708,"nb_eval":19,"nb_expanded":4095217,"nb_generated":1682586710,"nb_guide":1682586704,"nb_sols_created":0,"nb_trashed":19534,"nodes_generated_per_sec":1335383.125,"time_searched":1260.0030517578125}