{"avg_branching_factor":119.32730342957181,"nb_eval":12,"nb_expanded":1789028,"nb_generated":213479887,"nb_guide":213479889,"nb_sols_created":0,"nb_trashed":17176,"nodes_generated_per_sec":592983.0,"time_searched":360.0101318359375}