{"avg_branching_factor":474.754615048669,"nb_eval":11,"nb_expanded":1948571,"nb_generated":925093075,"nb_guide":925093076,"nb_sols_created":0,"nb_trashed":4030,"nodes_generated_per_sec":428283.53125,"time_searched":2160.00146484375}