{"avg_branching_factor":57.51651501406303,"nb_eval":24,"nb_expanded":2086677,"nb_generated":120018389,"nb_guide":120018380,"nb_sols_created":0,"nb_trashed":22037,"nodes_generated_per_sec":444456.59375,"time_searched":270.03399658203125}