{"avg_branching_factor":208.019094041252,"nb_eval":7,"nb_expanded":1145593,"nb_generated":238305218,"nb_guide":238305223,"nb_sols_created":0,"nb_trashed":22572,"nodes_generated_per_sec":529565.9375,"time_searched":450.00103759765625}