{"avg_branching_factor":57.441621509505154,"nb_eval":36,"nb_expanded":4797135,"nb_generated":275555213,"nb_guide":275555193,"nb_sols_created":0,"nb_trashed":35425,"nodes_generated_per_sec":1020344.5,"time_searched":270.0609436035156}