{"avg_branching_factor":267.38776153085263,"nb_eval":10,"nb_expanded":4396661,"nb_generated":1175613343,"nb_guide":1175613347,"nb_sols_created":0,"nb_trashed":8181,"nodes_generated_per_sec":1306228.5,"time_searched":900.005859375}