{"avg_branching_factor":88.34008227493024,"nb_eval":8,"nb_expanded":1618476,"nb_generated":142976303,"nb_guide":142976309,"nb_sols_created":0,"nb_trashed":133271,"nodes_generated_per_sec":794291.75,"time_searched":180.00477600097656}