{"avg_branching_factor":318.04689759231286,"nb_eval":15,"nb_expanded":5433264,"nb_generated":1728032759,"nb_guide":1728032758,"nb_sols_created":0,"nb_trashed":50041,"nodes_generated_per_sec":1066682.0,"time_searched":1620.0074462890625}