{"avg_branching_factor":286.8639947568625,"nb_eval":18,"nb_expanded":2155961,"nb_generated":618467585,"nb_guide":618467580,"nb_sols_created":0,"nb_trashed":6925,"nodes_generated_per_sec":458122.40625,"time_searched":1350.005126953125}