{"avg_branching_factor":426.6896389561113,"nb_eval":13,"nb_expanded":2054127,"nb_generated":876474708,"nb_guide":876474707,"nb_sols_created":0,"nb_trashed":3889,"nodes_generated_per_sec":463742.90625,"time_searched":1890.001220703125}