{"avg_branching_factor":49.915106475336344,"nb_eval":19,"nb_expanded":3027086,"nb_generated":151097320,"nb_guide":151097316,"nb_sols_created":0,"nb_trashed":77657,"nodes_generated_per_sec":1678758.125,"time_searched":90.00540924072266}