{"avg_branching_factor":55.088095448673116,"nb_eval":24,"nb_expanded":1843001,"nb_generated":101527415,"nb_guide":101527406,"nb_sols_created":0,"nb_trashed":22530,"nodes_generated_per_sec":563949.5625,"time_searched":180.0292510986328}