{"avg_branching_factor":350.76369148455365,"nb_eval":19,"nb_expanded":5748354,"nb_generated":2016313869,"nb_guide":2016313864,"nb_sols_created":0,"nb_trashed":31802,"nodes_generated_per_sec":1066830.5,"time_searched":1890.00390625}