{"avg_branching_factor":358.70700273031514,"nb_eval":9,"nb_expanded":1732767,"nb_generated":621555657,"nb_guide":621555660,"nb_sols_created":0,"nb_trashed":4165,"nodes_generated_per_sec":575513.9375,"time_searched":1080.0009765625}