{"avg_branching_factor":57.27499797421598,"nb_eval":10,"nb_expanded":4985724,"nb_generated":285557332,"nb_guide":285557338,"nb_sols_created":0,"nb_trashed":77895,"nodes_generated_per_sec":1057495.25,"time_searched":270.03179931640625}