{"avg_branching_factor":352.9301364418117,"nb_eval":13,"nb_expanded":5763849,"nb_generated":2034236014,"nb_guide":2034236015,"nb_sols_created":0,"nb_trashed":19058,"nodes_generated_per_sec":1076311.5,"time_searched":1890.0068359375}