{"avg_branching_factor":269.9651341075044,"nb_eval":17,"nb_expanded":2234476,"nb_generated":603230613,"nb_guide":603230609,"nb_sols_created":0,"nb_trashed":4849,"nodes_generated_per_sec":446842.1875,"time_searched":1349.9857177734375}