{"avg_branching_factor":116.35146052887161,"nb_eval":16,"nb_expanded":4200944,"nb_generated":488785970,"nb_guide":488785969,"nb_sols_created":0,"nb_trashed":74425,"nodes_generated_per_sec":1357692.875,"time_searched":360.0121765136719}