{"avg_branching_factor":223.37593561555374,"nb_eval":17,"nb_expanded":2795085,"nb_generated":624354727,"nb_guide":624354723,"nb_sols_created":0,"nb_trashed":4078,"nodes_generated_per_sec":1734311.875,"time_searched":360.0014343261719}