{"avg_branching_factor":115.72094331058068,"nb_eval":41,"nb_expanded":4952388,"nb_generated":573095011,"nb_guide":573094985,"nb_sols_created":0,"nb_trashed":18760,"nodes_generated_per_sec":1061227.5,"time_searched":540.0303344726562}