{"avg_branching_factor":291.94530599395097,"nb_eval":2,"nb_expanded":2668190,"nb_generated":778965546,"nb_guide":778965557,"nb_sols_created":0,"nb_trashed":13224,"nodes_generated_per_sec":1731023.125,"time_searched":450.00299072265625}