{"avg_branching_factor":117.1132226308216,"nb_eval":17,"nb_expanded":2057707,"nb_generated":240984698,"nb_guide":240984695,"nb_sols_created":0,"nb_trashed":11931,"nodes_generated_per_sec":446258.625,"time_searched":540.0112915039062}