{"avg_branching_factor":219.91533542623526,"nb_eval":11,"nb_expanded":2286777,"nb_generated":502897331,"nb_guide":502897333,"nb_sols_created":0,"nb_trashed":36562,"nodes_generated_per_sec":558773.1875,"time_searched":900.002685546875}