{"avg_branching_factor":456.4423021865607,"nb_eval":18,"nb_expanded":2675526,"nb_generated":1221223247,"nb_guide":1221223241,"nb_sols_created":0,"nb_trashed":2370,"nodes_generated_per_sec":1696140.0,"time_searched":720.00146484375}