{"avg_branching_factor":168.79121412389054,"nb_eval":16,"nb_expanded":2897332,"nb_generated":489044186,"nb_guide":489044184,"nb_sols_created":0,"nb_trashed":8175,"nodes_generated_per_sec":1811238.75,"time_searched":270.00537109375}