{"avg_branching_factor":467.57172338290377,"nb_eval":14,"nb_expanded":4908706,"nb_generated":2295172124,"nb_guide":2295172123,"nb_sols_created":0,"nb_trashed":13614,"nodes_generated_per_sec":1062578.375,"time_searched":2160.002685546875}