{"avg_branching_factor":332.824469576429,"nb_eval":11,"nb_expanded":2799885,"nb_generated":931870240,"nb_guide":931870242,"nb_sols_created":0,"nb_trashed":4084,"nodes_generated_per_sec":1725679.125,"time_searched":540.0020141601562}