{"avg_branching_factor":318.25317080355074,"nb_eval":12,"nb_expanded":5228170,"nb_generated":1663881680,"nb_guide":1663881682,"nb_sols_created":0,"nb_trashed":8179,"nodes_generated_per_sec":1027080.0,"time_searched":1620.0118408203125}