{"avg_branching_factor":172.154966807993,"nb_eval":6,"nb_expanded":1634279,"nb_generated":281349247,"nb_guide":281349254,"nb_sols_created":0,"nb_trashed":89282,"nodes_generated_per_sec":781521.25,"time_searched":360.0020446777344}