{"avg_branching_factor":46.15451467368013,"nb_eval":12,"nb_expanded":1362712,"nb_generated":62895311,"nb_guide":62895314,"nb_sols_created":0,"nb_trashed":57558,"nodes_generated_per_sec":698780.3125,"time_searched":90.00727844238281}