{"avg_branching_factor":87.87026672291755,"nb_eval":11,"nb_expanded":1493310,"nb_generated":131217548,"nb_guide":131217550,"nb_sols_created":0,"nb_trashed":52565,"nodes_generated_per_sec":728970.4375,"time_searched":180.00393676757812}