{"avg_branching_factor":278.25629722576235,"nb_eval":2,"nb_expanded":4372084,"nb_generated":1216559905,"nb_guide":1216559917,"nb_sols_created":0,"nb_trashed":33020,"nodes_generated_per_sec":1351727.0,"time_searched":900.0040893554688}