{"avg_branching_factor":57.16220363043131,"nb_eval":11,"nb_expanded":4007623,"nb_generated":229084562,"nb_guide":229084567,"nb_sols_created":0,"nb_trashed":110487,"nodes_generated_per_sec":1272480.625,"time_searched":180.02989196777344}