{"avg_branching_factor":49.53732421724712,"nb_eval":32,"nb_expanded":3196986,"nb_generated":158370132,"nb_guide":158370115,"nb_sols_created":0,"nb_trashed":26131,"nodes_generated_per_sec":1759539.5,"time_searched":90.00657653808594}