{"avg_branching_factor":20.54458995672153,"nb_eval":18,"nb_expanded":1705698,"nb_generated":35042866,"nb_guide":35042863,"nb_sols_created":0,"nb_trashed":61312,"nodes_generated_per_sec":389263.90625,"time_searched":90.02340698242188}