{"avg_branching_factor":219.27559695589864,"nb_eval":2,"nb_expanded":2896487,"nb_generated":635128916,"nb_guide":635128927,"nb_sols_created":0,"nb_trashed":17236,"nodes_generated_per_sec":1764235.875,"time_searched":360.00225830078125}