{"avg_branching_factor":66.32052197060298,"nb_eval":9,"nb_expanded":622104,"nb_generated":41258262,"nb_guide":41258265,"nb_sols_created":0,"nb_trashed":18091,"nodes_generated_per_sec":330540.59375,"time_searched":124.82057189941406}