{"avg_branching_factor":236.18983462502226,"nb_eval":6,"nb_expanded":1168496,"nb_generated":275986877,"nb_guide":275986883,"nb_sols_created":0,"nb_trashed":8267,"nodes_generated_per_sec":613302.3125,"time_searched":450.0013732910156}