{"avg_branching_factor":431.53059842977717,"nb_eval":7,"nb_expanded":2141989,"nb_generated":924333795,"nb_guide":924333800,"nb_sols_created":0,"nb_trashed":6798,"nodes_generated_per_sec":427931.875,"time_searched":2160.002197265625}