{"avg_branching_factor":402.6171679050818,"nb_eval":17,"nb_expanded":2298906,"nb_generated":925579023,"nb_guide":925579018,"nb_sols_created":0,"nb_trashed":2752,"nodes_generated_per_sec":489724.125,"time_searched":1890.0008544921875}