{"avg_branching_factor":225.77808918101042,"nb_eval":7,"nb_expanded":1212433,"nb_generated":273740806,"nb_guide":273740811,"nb_sols_created":0,"nb_trashed":14611,"nodes_generated_per_sec":760389.9375,"time_searched":360.00054931640625}