{"avg_branching_factor":466.30611860540114,"nb_eval":12,"nb_expanded":4927381,"nb_generated":2297667909,"nb_guide":2297667910,"nb_sols_created":0,"nb_trashed":7170,"nodes_generated_per_sec":1063733.25,"time_searched":2160.003662109375}