{"avg_branching_factor":277.45254561958257,"nb_eval":43,"nb_expanded":4693160,"nb_generated":1302129189,"nb_guide":1302129160,"nb_sols_created":0,"nb_trashed":8299,"nodes_generated_per_sec":964534.5,"time_searched":1350.0078125}