{"avg_branching_factor":337.17294321951266,"nb_eval":4,"nb_expanded":1601994,"nb_generated":540149032,"nb_guide":540149040,"nb_sols_created":0,"nb_trashed":81292,"nodes_generated_per_sec":750206.25,"time_searched":720.000732421875}