{"avg_branching_factor":115.11128932775406,"nb_eval":25,"nb_expanded":2073631,"nb_generated":238698338,"nb_guide":238698327,"nb_sols_created":0,"nb_trashed":8372,"nodes_generated_per_sec":442022.125,"time_searched":540.0144653320312}