{"avg_branching_factor":265.10257781294706,"nb_eval":18,"nb_expanded":4372505,"nb_generated":1159162347,"nb_guide":1159162343,"nb_sols_created":0,"nb_trashed":8192,"nodes_generated_per_sec":1287947.125,"time_searched":900.0076904296875}