{"avg_branching_factor":48.78183574713074,"nb_eval":30,"nb_expanded":1628209,"nb_generated":79427024,"nb_guide":79427009,"nb_sols_created":0,"nb_trashed":22342,"nodes_generated_per_sec":882436.3125,"time_searched":90.0087890625}