{"avg_branching_factor":232.71814447791328,"nb_eval":11,"nb_expanded":4968801,"nb_generated":1156330149,"nb_guide":1156330152,"nb_sols_created":0,"nb_trashed":8185,"nodes_generated_per_sec":1070662.625,"time_searched":1080.0135498046875}