{"avg_branching_factor":280.1347378460375,"nb_eval":33,"nb_expanded":4783296,"nb_generated":1339967371,"nb_guide":1339967352,"nb_sols_created":0,"nb_trashed":9118,"nodes_generated_per_sec":992563.5,"time_searched":1350.0067138671875}