{"avg_branching_factor":310.4744474004007,"nb_eval":7,"nb_expanded":1461456,"nb_generated":453744744,"nb_guide":453744749,"nb_sols_created":0,"nb_trashed":2124,"nodes_generated_per_sec":720229.1875,"time_searched":630.00048828125}