{"avg_branching_factor":169.2953618680697,"nb_eval":26,"nb_expanded":2896166,"nb_generated":490307471,"nb_guide":490307459,"nb_sols_created":0,"nb_trashed":8982,"nodes_generated_per_sec":1815899.125,"time_searched":270.0080871582031}