{"avg_branching_factor":291.9871356539546,"nb_eval":4,"nb_expanded":2689682,"nb_generated":785352543,"nb_guide":785352552,"nb_sols_created":0,"nb_trashed":7846,"nodes_generated_per_sec":1745218.375,"time_searched":450.00244140625}