{"avg_branching_factor":57.80105827808659,"nb_eval":41,"nb_expanded":4863183,"nb_generated":281097124,"nb_guide":281097099,"nb_sols_created":0,"nb_trashed":43098,"nodes_generated_per_sec":1040832.5625,"time_searched":270.0694885253906}