{"avg_branching_factor":57.12605952672844,"nb_eval":15,"nb_expanded":4041781,"nb_generated":230891022,"nb_guide":230891023,"nb_sols_created":0,"nb_trashed":59748,"nodes_generated_per_sec":1282603.125,"time_searched":180.01751708984375}