{"avg_branching_factor":471.8673113191111,"nb_eval":17,"nb_expanded":2094979,"nb_generated":988552108,"nb_guide":988552103,"nb_sols_created":0,"nb_trashed":33993,"nodes_generated_per_sec":457662.65625,"time_searched":2160.001708984375}