{"avg_branching_factor":330.93383054786267,"nb_eval":18,"nb_expanded":2805630,"nb_generated":928477883,"nb_guide":928477878,"nb_sols_created":0,"nb_trashed":9178,"nodes_generated_per_sec":1719398.875,"time_searched":540.00146484375}