{"avg_branching_factor":107.08821493818482,"nb_eval":9,"nb_expanded":2943209,"nb_generated":315182998,"nb_guide":315183003,"nb_sols_created":0,"nb_trashed":14389,"nodes_generated_per_sec":1750962.25,"time_searched":180.00559997558594}