{"avg_branching_factor":161.63786534361697,"nb_eval":6,"nb_expanded":1533830,"nb_generated":247925007,"nb_guide":247925013,"nb_sols_created":0,"nb_trashed":106302,"nodes_generated_per_sec":550942.625,"time_searched":450.00152587890625}