{"avg_branching_factor":234.28360603874987,"nb_eval":54,"nb_expanded":4608636,"nb_generated":1079727861,"nb_guide":1079727821,"nb_sols_created":0,"nb_trashed":10950,"nodes_generated_per_sec":999740.375,"time_searched":1080.00830078125}