{"avg_branching_factor":109.1375088745279,"nb_eval":21,"nb_expanded":1840943,"nb_generated":200915933,"nb_guide":200915926,"nb_sols_created":0,"nb_trashed":20043,"nodes_generated_per_sec":558088.5625,"time_searched":360.00726318359375}