{"avg_branching_factor":468.2120550324529,"nb_eval":14,"nb_expanded":4688797,"nb_generated":2195351279,"nb_guide":2195351278,"nb_sols_created":0,"nb_trashed":4081,"nodes_generated_per_sec":1016364.0625,"time_searched":2160.0048828125}