{"avg_branching_factor":161.02046403452533,"nb_eval":11,"nb_expanded":1893566,"nb_generated":304902876,"nb_guide":304902878,"nb_sols_created":0,"nb_trashed":7774,"nodes_generated_per_sec":564629.5625,"time_searched":540.0051879882812}