{"avg_branching_factor":138.93127092346128,"nb_eval":10,"nb_expanded":1488162,"nb_generated":206752238,"nb_guide":206752240,"nb_sols_created":0,"nb_trashed":4131,"nodes_generated_per_sec":574310.75,"time_searched":360.0006408691406}