{"avg_branching_factor":159.4120281638487,"nb_eval":15,"nb_expanded":5175287,"nb_generated":825002997,"nb_guide":825002997,"nb_sols_created":0,"nb_trashed":18757,"nodes_generated_per_sec":1018483.875,"time_searched":810.030517578125}