{"avg_branching_factor":408.1515479416687,"nb_eval":32,"nb_expanded":3830603,"nb_generated":1563466544,"nb_guide":1563466525,"nb_sols_created":0,"nb_trashed":4064,"nodes_generated_per_sec":1240843.375,"time_searched":1260.0030517578125}