{"avg_branching_factor":412.6058295820157,"nb_eval":10,"nb_expanded":1744276,"nb_generated":719698446,"nb_guide":719698448,"nb_sols_created":0,"nb_trashed":4410,"nodes_generated_per_sec":571188.375,"time_searched":1260.0018310546875}