{"avg_branching_factor":57.302792598902066,"nb_eval":60,"nb_expanded":4881546,"nb_generated":279726218,"nb_guide":279726174,"nb_sols_created":0,"nb_trashed":49128,"nodes_generated_per_sec":1035754.3125,"time_searched":270.0700378417969}