{"avg_branching_factor":457.88017375257687,"nb_eval":19,"nb_expanded":4039307,"nb_generated":1849518591,"nb_guide":1849518585,"nb_sols_created":0,"nb_trashed":4076,"nodes_generated_per_sec":1284407.75,"time_searched":1439.977783203125}