{"avg_branching_factor":408.3716468320145,"nb_eval":15,"nb_expanded":2182712,"nb_generated":891357694,"nb_guide":891357691,"nb_sols_created":0,"nb_trashed":6790,"nodes_generated_per_sec":471617.375,"time_searched":1890.0018310546875}