{"avg_branching_factor":215.4827849456747,"nb_eval":10,"nb_expanded":2947246,"nb_generated":635080776,"nb_guide":635080779,"nb_sols_created":0,"nb_trashed":10246,"nodes_generated_per_sec":1764102.5,"time_searched":360.002197265625}