{"avg_branching_factor":466.1724854324159,"nb_eval":36,"nb_expanded":4354188,"nb_generated":2029802642,"nb_guide":2029802619,"nb_sols_created":0,"nb_trashed":4059,"nodes_generated_per_sec":939721.5,"time_searched":2160.00439453125}