{"avg_branching_factor":395.2507684466129,"nb_eval":9,"nb_expanded":2311156,"nb_generated":913486185,"nb_guide":913486188,"nb_sols_created":0,"nb_trashed":16312,"nodes_generated_per_sec":422910.09375,"time_searched":2160.0009765625}