{"avg_branching_factor":56.57525633686832,"nb_eval":42,"nb_expanded":3983040,"nb_generated":225341509,"nb_guide":225341483,"nb_sols_created":0,"nb_trashed":33413,"nodes_generated_per_sec":1251538.125,"time_searched":180.05165100097656}