{"avg_branching_factor":157.91624036904696,"nb_eval":26,"nb_expanded":4585216,"nb_generated":724080072,"nb_guide":724080060,"nb_sols_created":0,"nb_trashed":14945,"nodes_generated_per_sec":1340874.75,"time_searched":540.0057373046875}