{"avg_branching_factor":358.69296704136303,"nb_eval":21,"nb_expanded":2931796,"nb_generated":1051614606,"nb_guide":1051614598,"nb_sols_created":0,"nb_trashed":4236,"nodes_generated_per_sec":1669224.625,"time_searched":630.0018310546875}