{"avg_branching_factor":458.99785082037675,"nb_eval":14,"nb_expanded":2033334,"nb_generated":933295936,"nb_guide":933295934,"nb_sols_created":0,"nb_trashed":2075,"nodes_generated_per_sec":432081.3125,"time_searched":2160.000732421875}