{"avg_branching_factor":463.4659608579758,"nb_eval":9,"nb_expanded":2249807,"nb_generated":1042708963,"nb_guide":1042708966,"nb_sols_created":0,"nb_trashed":5575,"nodes_generated_per_sec":482735.25,"time_searched":2160.001708984375}