{"avg_branching_factor":155.58994406428837,"nb_eval":26,"nb_expanded":4642830,"nb_generated":722377660,"nb_guide":722377648,"nb_sols_created":0,"nb_trashed":20181,"nodes_generated_per_sec":1337724.375,"time_searched":540.0048828125}