{"avg_branching_factor":232.2761066759479,"nb_eval":19,"nb_expanded":5056810,"nb_generated":1174576139,"nb_guide":1174576134,"nb_sols_created":0,"nb_trashed":16364,"nodes_generated_per_sec":1087561.25,"time_searched":1080.0091552734375}