{"avg_branching_factor":291.90135305200033,"nb_eval":3,"nb_expanded":2692136,"nb_generated":785838141,"nb_guide":785838151,"nb_sols_created":0,"nb_trashed":12451,"nodes_generated_per_sec":1746299.0,"time_searched":450.0020446777344}