{"avg_branching_factor":233.56606192402765,"nb_eval":9,"nb_expanded":4777790,"nb_generated":1115929595,"nb_guide":1115929600,"nb_sols_created":0,"nb_trashed":8184,"nodes_generated_per_sec":1033258.0,"time_searched":1080.0106201171875}