{"avg_branching_factor":468.426766027062,"nb_eval":17,"nb_expanded":2000663,"nb_generated":937164099,"nb_guide":937164094,"nb_sols_created":0,"nb_trashed":3040,"nodes_generated_per_sec":433871.875,"time_searched":2160.001953125}