{"avg_branching_factor":246.76432493238678,"nb_eval":5,"nb_expanded":2282838,"nb_generated":563322978,"nb_guide":563322986,"nb_sols_created":0,"nb_trashed":24194,"nodes_generated_per_sec":417274.1875,"time_searched":1350.0068359375}