{"avg_branching_factor":232.06588409048803,"nb_eval":11,"nb_expanded":4982007,"nb_generated":1156153859,"nb_guide":1156153862,"nb_sols_created":0,"nb_trashed":8227,"nodes_generated_per_sec":1070504.25,"time_searched":1080.0086669921875}