{"avg_branching_factor":57.43256907380967,"nb_eval":28,"nb_expanded":4146977,"nb_generated":238171543,"nb_guide":238171531,"nb_sols_created":0,"nb_trashed":38670,"nodes_generated_per_sec":1322756.75,"time_searched":180.05694580078125}