{"avg_branching_factor":156.8053489063902,"nb_eval":5,"nb_expanded":1650543,"nb_generated":258813971,"nb_guide":258813979,"nb_sols_created":0,"nb_trashed":146390,"nodes_generated_per_sec":718924.6875,"time_searched":360.0014953613281}