{"avg_branching_factor":166.9103461085362,"nb_eval":13,"nb_expanded":2907325,"nb_generated":485262622,"nb_guide":485262623,"nb_sols_created":0,"nb_trashed":28612,"nodes_generated_per_sec":1797244.25,"time_searched":270.00372314453125}