{"avg_branching_factor":101.17386543774765,"nb_eval":12,"nb_expanded":3287876,"nb_generated":332647124,"nb_guide":332647127,"nb_sols_created":0,"nb_trashed":16375,"nodes_generated_per_sec":1847942.0,"time_searched":180.00950622558594}