{"avg_branching_factor":288.9892070998303,"nb_eval":11,"nb_expanded":2238138,"nb_generated":646797726,"nb_guide":646797728,"nb_sols_created":0,"nb_trashed":7320,"nodes_generated_per_sec":479107.71875,"time_searched":1350.0047607421875}