{"avg_branching_factor":454.0882765228547,"nb_eval":33,"nb_expanded":2709418,"nb_generated":1230314950,"nb_guide":1230314929,"nb_sols_created":0,"nb_trashed":2264,"nodes_generated_per_sec":1708768.625,"time_searched":720.0009155273438}