{"avg_branching_factor":57.99648056878766,"nb_eval":21,"nb_expanded":2084996,"nb_generated":120922430,"nb_guide":120922424,"nb_sols_created":0,"nb_trashed":25893,"nodes_generated_per_sec":447806.25,"time_searched":270.0329284667969}