{"avg_branching_factor":229.4471721864836,"nb_eval":11,"nb_expanded":2320397,"nb_generated":532408530,"nb_guide":532408531,"nb_sols_created":0,"nb_trashed":14587,"nodes_generated_per_sec":492969.9375,"time_searched":1080.0020751953125}