{"avg_branching_factor":275.2954755484635,"nb_eval":14,"nb_expanded":2264827,"nb_generated":623496626,"nb_guide":623496625,"nb_sols_created":0,"nb_trashed":10333,"nodes_generated_per_sec":461848.03125,"time_searched":1350.00390625}