{"avg_branching_factor":275.2584326213621,"nb_eval":16,"nb_expanded":2149806,"nb_generated":591752230,"nb_guide":591752227,"nb_sols_created":0,"nb_trashed":7213,"nodes_generated_per_sec":438333.46875,"time_searched":1350.0047607421875}