{"avg_branching_factor":115.9392228879366,"nb_eval":9,"nb_expanded":5113471,"nb_generated":592851854,"nb_guide":592851860,"nb_sols_created":0,"nb_trashed":47232,"nodes_generated_per_sec":1097842.875,"time_searched":540.0151977539062}