{"avg_branching_factor":346.9930692647047,"nb_eval":41,"nb_expanded":3821961,"nb_generated":1326193978,"nb_guide":1326193950,"nb_sols_created":0,"nb_trashed":4112,"nodes_generated_per_sec":1227953.75,"time_searched":1080.003173828125}