{"avg_branching_factor":218.91966979839285,"nb_eval":10,"nb_expanded":2280425,"nb_generated":499229888,"nb_guide":499229891,"nb_sols_created":0,"nb_trashed":7374,"nodes_generated_per_sec":462247.8125,"time_searched":1080.0048828125}