{"avg_branching_factor":126.091943133598,"nb_eval":5,"nb_expanded":1513653,"nb_generated":190859448,"nb_guide":190859456,"nb_sols_created":0,"nb_trashed":118884,"nodes_generated_per_sec":706880.9375,"time_searched":270.00225830078125}