{"avg_branching_factor":167.13226065552826,"nb_eval":7,"nb_expanded":1776613,"nb_generated":296929347,"nb_guide":296929352,"nb_sols_created":0,"nb_trashed":127608,"nodes_generated_per_sec":412401.46875,"time_searched":720.0006713867188}