{"avg_branching_factor":122.0733675731231,"nb_eval":11,"nb_expanded":1384549,"nb_generated":169016559,"nb_guide":169016561,"nb_sols_created":0,"nb_trashed":5446,"nodes_generated_per_sec":625980.9375,"time_searched":270.0027160644531}