{"avg_branching_factor":362.9309306378013,"nb_eval":16,"nb_expanded":2970941,"nb_generated":1078246382,"nb_guide":1078246379,"nb_sols_created":0,"nb_trashed":4707,"nodes_generated_per_sec":1711497.125,"time_searched":630.0018920898438}