{"avg_branching_factor":168.6773739127134,"nb_eval":32,"nb_expanded":2897695,"nb_generated":488775583,"nb_guide":488775565,"nb_sols_created":0,"nb_trashed":8713,"nodes_generated_per_sec":1810233.75,"time_searched":270.00689697265625}