{"avg_branching_factor":374.35274313081885,"nb_eval":9,"nb_expanded":2014687,"nb_generated":754203605,"nb_guide":754203608,"nb_sols_created":0,"nb_trashed":10674,"nodes_generated_per_sec":598573.375,"time_searched":1260.001953125}