{"avg_branching_factor":52.48117434785125,"nb_eval":17,"nb_expanded":2988927,"nb_generated":156862399,"nb_guide":156862397,"nb_sols_created":0,"nb_trashed":16417,"nodes_generated_per_sec":1742652.125,"time_searched":90.01360321044922}