{"avg_branching_factor":347.9231168291902,"nb_eval":36,"nb_expanded":3776171,"nb_generated":1313817184,"nb_guide":1313817161,"nb_sols_created":0,"nb_trashed":4105,"nodes_generated_per_sec":1216493.25,"time_searched":1080.003662109375}