{"avg_branching_factor":409.87097838265714,"nb_eval":13,"nb_expanded":2025087,"nb_generated":830024390,"nb_guide":830024389,"nb_sols_created":0,"nb_trashed":2086,"nodes_generated_per_sec":658748.625,"time_searched":1260.001708984375}