{"avg_branching_factor":56.55884161901826,"nb_eval":28,"nb_expanded":1929935,"nb_generated":109154888,"nb_guide":109154875,"nb_sols_created":0,"nb_trashed":24318,"nodes_generated_per_sec":606322.375,"time_searched":180.02781677246094}