{"avg_branching_factor":116.42607790680721,"nb_eval":16,"nb_expanded":4218245,"nb_generated":491113721,"nb_guide":491113720,"nb_sols_created":0,"nb_trashed":74425,"nodes_generated_per_sec":1364159.5,"time_searched":360.011962890625}