{"avg_branching_factor":213.6922458564876,"nb_eval":13,"nb_expanded":2927106,"nb_generated":625499855,"nb_guide":625499855,"nb_sols_created":0,"nb_trashed":29142,"nodes_generated_per_sec":1737491.0,"time_searched":360.00177001953125}