{"avg_branching_factor":463.9797260829368,"nb_eval":9,"nb_expanded":5041453,"nb_generated":2339131982,"nb_guide":2339131986,"nb_sols_created":0,"nb_trashed":11328,"nodes_generated_per_sec":1082929.375,"time_searched":2160.004150390625}