{"avg_branching_factor":269.1287168420364,"nb_eval":19,"nb_expanded":2231666,"nb_generated":600605407,"nb_guide":600605401,"nb_sols_created":0,"nb_trashed":4161,"nodes_generated_per_sec":444891.375,"time_searched":1350.0045166015625}