{"avg_branching_factor":272.78924055452893,"nb_eval":24,"nb_expanded":4503931,"nb_generated":1228623917,"nb_guide":1228623907,"nb_sols_created":0,"nb_trashed":20087,"nodes_generated_per_sec":1365127.5,"time_searched":900.0067138671875}