{"avg_branching_factor":97.3646497602264,"nb_eval":16,"nb_expanded":1315199,"nb_generated":128053890,"nb_guide":128053887,"nb_sols_created":0,"nb_trashed":16173,"nodes_generated_per_sec":711403.375,"time_searched":180.00180053710938}