{"avg_branching_factor":192.23043847853407,"nb_eval":9,"nb_expanded":1637526,"nb_generated":314782341,"nb_guide":314782345,"nb_sols_created":0,"nb_trashed":5732,"nodes_generated_per_sec":874390.5,"time_searched":360.00201416015625}