{"avg_branching_factor":452.87691609089285,"nb_eval":39,"nb_expanded":3922113,"nb_generated":1776234440,"nb_guide":1776234414,"nb_sols_created":0,"nb_trashed":4125,"nodes_generated_per_sec":1233493.875,"time_searched":1440.002685546875}