{"avg_branching_factor":230.5264416074013,"nb_eval":19,"nb_expanded":5152391,"nb_generated":1187762363,"nb_guide":1187762358,"nb_sols_created":0,"nb_trashed":16113,"nodes_generated_per_sec":1099771.125,"time_searched":1080.0086669921875}