{"avg_branching_factor":155.70365604059143,"nb_eval":12,"nb_expanded":2659872,"nb_generated":414151795,"nb_guide":414151797,"nb_sols_created":0,"nb_trashed":11877,"nodes_generated_per_sec":511292.6875,"time_searched":810.00927734375}