{"avg_branching_factor":311.1499685305363,"nb_eval":9,"nb_expanded":1466501,"nb_generated":456301740,"nb_guide":456301743,"nb_sols_created":0,"nb_trashed":4033,"nodes_generated_per_sec":724287.5625,"time_searched":630.0007934570312}