{"avg_branching_factor":170.4090072062804,"nb_eval":22,"nb_expanded":2017962,"nb_generated":343878901,"nb_guide":343878892,"nb_sols_created":0,"nb_trashed":5916,"nodes_generated_per_sec":424539.3125,"time_searched":810.0048828125}