{"avg_branching_factor":259.9148039487,"nb_eval":13,"nb_expanded":1958518,"nb_generated":509047822,"nb_guide":509047822,"nb_sols_created":0,"nb_trashed":8590,"nodes_generated_per_sec":565607.0,"time_searched":900.0026245117188}