{"avg_branching_factor":56.960253135760595,"nb_eval":30,"nb_expanded":1934140,"nb_generated":110169104,"nb_guide":110169089,"nb_sols_created":0,"nb_trashed":23703,"nodes_generated_per_sec":611927.9375,"time_searched":180.03607177734375}