{"avg_branching_factor":172.78962369170063,"nb_eval":47,"nb_expanded":3842966,"nb_generated":664024649,"nb_guide":664024616,"nb_sols_created":0,"nb_trashed":8822,"nodes_generated_per_sec":1229649.625,"time_searched":540.01123046875}