{"avg_branching_factor":331.67382064112076,"nb_eval":12,"nb_expanded":2798724,"nb_generated":928263482,"nb_guide":928263483,"nb_sols_created":0,"nb_trashed":5138,"nodes_generated_per_sec":1718997.125,"time_searched":540.0029296875}