{"avg_branching_factor":112.75003981614381,"nb_eval":14,"nb_expanded":2065745,"nb_generated":232912831,"nb_guide":232912831,"nb_sols_created":0,"nb_trashed":22611,"nodes_generated_per_sec":646961.625,"time_searched":360.0102844238281}