{"avg_branching_factor":175.2093775354095,"nb_eval":17,"nb_expanded":1681188,"nb_generated":294559903,"nb_guide":294559899,"nb_sols_created":0,"nb_trashed":6980,"nodes_generated_per_sec":545475.8125,"time_searched":540.0054321289062}