{"avg_branching_factor":87.06143542865938,"nb_eval":8,"nb_expanded":1455398,"nb_generated":126709039,"nb_guide":126709044,"nb_sols_created":0,"nb_trashed":72064,"nodes_generated_per_sec":703926.6875,"time_searched":180.003173828125}