{"avg_branching_factor":56.67053453721108,"nb_eval":44,"nb_expanded":3976262,"nb_generated":225336893,"nb_guide":225336865,"nb_sols_created":0,"nb_trashed":34017,"nodes_generated_per_sec":1251474.75,"time_searched":180.0570831298828}