{"avg_branching_factor":169.2764741296153,"nb_eval":34,"nb_expanded":2923420,"nb_generated":494866230,"nb_guide":494866210,"nb_sols_created":0,"nb_trashed":9266,"nodes_generated_per_sec":1832793.0,"time_searched":270.0066223144531}