{"avg_branching_factor":331.50720764788963,"nb_eval":25,"nb_expanded":2794601,"nb_generated":926430374,"nb_guide":926430362,"nb_sols_created":0,"nb_trashed":4070,"nodes_generated_per_sec":1715605.25,"time_searched":540.0020751953125}