{"avg_branching_factor":174.23800269089764,"nb_eval":16,"nb_expanded":1707237,"nb_generated":297465565,"nb_guide":297465562,"nb_sols_created":0,"nb_trashed":7843,"nodes_generated_per_sec":550857.1875,"time_searched":540.0048828125}