{"avg_branching_factor":114.00070362089501,"nb_eval":13,"nb_expanded":2488556,"nb_generated":283697135,"nb_guide":283697136,"nb_sols_created":0,"nb_trashed":12497,"nodes_generated_per_sec":525355.5,"time_searched":540.0098266601562}