{"avg_branching_factor":109.41694927609727,"nb_eval":13,"nb_expanded":1262048,"nb_generated":138089442,"nb_guide":138089442,"nb_sols_created":0,"nb_trashed":10340,"nodes_generated_per_sec":767156.375,"time_searched":180.00167846679688}