{"avg_branching_factor":56.71994920453853,"nb_eval":24,"nb_expanded":1935606,"nb_generated":109787474,"nb_guide":109787465,"nb_sols_created":0,"nb_trashed":20401,"nodes_generated_per_sec":609851.8125,"time_searched":180.023193359375}