{"avg_branching_factor":415.9828899393176,"nb_eval":13,"nb_expanded":2165042,"nb_generated":900620428,"nb_guide":900620427,"nb_sols_created":0,"nb_trashed":3856,"nodes_generated_per_sec":476518.46875,"time_searched":1890.0010986328125}