{"avg_branching_factor":157.27842925429655,"nb_eval":56,"nb_expanded":5165190,"nb_generated":812372970,"nb_guide":812372929,"nb_sols_created":0,"nb_trashed":17660,"nodes_generated_per_sec":1002894.625,"time_searched":810.0282592773438}