{"avg_branching_factor":350.34959180231647,"nb_eval":36,"nb_expanded":3605116,"nb_generated":1263050919,"nb_guide":1263050896,"nb_sols_created":0,"nb_trashed":4059,"nodes_generated_per_sec":1169488.0,"time_searched":1080.0032958984375}