{"avg_branching_factor":230.6230885879928,"nb_eval":7,"nb_expanded":1245022,"nb_generated":287130819,"nb_guide":287130824,"nb_sols_created":0,"nb_trashed":16866,"nodes_generated_per_sec":531722.5625,"time_searched":540.0011596679688}