{"avg_branching_factor":291.1520595664885,"nb_eval":27,"nb_expanded":5182377,"nb_generated":1508859737,"nb_guide":1508859724,"nb_sols_created":0,"nb_trashed":17784,"nodes_generated_per_sec":1117669.5,"time_searched":1350.0052490234375}