{"avg_branching_factor":333.4392515133981,"nb_eval":32,"nb_expanded":2827412,"nb_generated":942770141,"nb_guide":942770122,"nb_sols_created":0,"nb_trashed":4081,"nodes_generated_per_sec":1745864.125,"time_searched":540.0020141601562}