{"avg_branching_factor":378.7993881986393,"nb_eval":17,"nb_expanded":5189266,"nb_generated":1965690786,"nb_guide":1965690782,"nb_sols_created":0,"nb_trashed":4080,"nodes_generated_per_sec":1040045.875,"time_searched":1890.00390625}