{"avg_branching_factor":370.59857292141675,"nb_eval":9,"nb_expanded":1331111,"nb_generated":493307837,"nb_guide":493307839,"nb_sols_created":0,"nb_trashed":1777,"nodes_generated_per_sec":685149.0625,"time_searched":720.000732421875}