{"avg_branching_factor":161.18899141601523,"nb_eval":35,"nb_expanded":2629548,"nb_generated":423854190,"nb_guide":423854169,"nb_sols_created":0,"nb_trashed":11232,"nodes_generated_per_sec":523269.15625,"time_searched":810.0117797851562}