{"avg_branching_factor":116.35429630913104,"nb_eval":27,"nb_expanded":4241955,"nb_generated":493569689,"nb_guide":493569677,"nb_sols_created":0,"nb_trashed":32141,"nodes_generated_per_sec":1370994.25,"time_searched":360.0085754394531}