{"avg_branching_factor":27.909048771948857,"nb_eval":9,"nb_expanded":1622408,"nb_generated":45279864,"nb_guide":45279868,"nb_sols_created":0,"nb_trashed":236948,"nodes_generated_per_sec":71872.4453125,"time_searched":630.0031127929688}