{"avg_branching_factor":116.88577437431036,"nb_eval":12,"nb_expanded":4231371,"nb_generated":494587076,"nb_guide":494587079,"nb_sols_created":0,"nb_trashed":34866,"nodes_generated_per_sec":1373817.375,"time_searched":360.00933837890625}