{"avg_branching_factor":228.35226379027716,"nb_eval":40,"nb_expanded":4010398,"nb_generated":915783462,"nb_guide":915783436,"nb_sols_created":0,"nb_trashed":8302,"nodes_generated_per_sec":1271906.375,"time_searched":720.008544921875}