{"avg_branching_factor":57.46625613986494,"nb_eval":46,"nb_expanded":4823396,"nb_generated":277182510,"nb_guide":277182480,"nb_sols_created":0,"nb_trashed":53215,"nodes_generated_per_sec":1026408.4375,"time_searched":270.0508728027344}