{"avg_branching_factor":272.533977172298,"nb_eval":12,"nb_expanded":4518107,"nb_generated":1231337670,"nb_guide":1231337672,"nb_sols_created":0,"nb_trashed":20535,"nodes_generated_per_sec":1368145.875,"time_searched":900.0046997070312}