{"avg_branching_factor":169.64657732594873,"nb_eval":51,"nb_expanded":4058172,"nb_generated":688454990,"nb_guide":688454953,"nb_sols_created":0,"nb_trashed":8174,"nodes_generated_per_sec":1274891.5,"time_searched":540.0106201171875}