{"avg_branching_factor":121.31565674444158,"nb_eval":10,"nb_expanded":1412452,"nb_generated":171352542,"nb_guide":171352545,"nb_sols_created":0,"nb_trashed":4847,"nodes_generated_per_sec":634634.0,"time_searched":270.00213623046875}