{"avg_branching_factor":313.47251068597166,"nb_eval":6,"nb_expanded":1203213,"nb_generated":377174200,"nb_guide":377174206,"nb_sols_created":0,"nb_trashed":27322,"nodes_generated_per_sec":698469.8125,"time_searched":540.000732421875}