{"avg_branching_factor":401.09705706302054,"nb_eval":39,"nb_expanded":4612637,"nb_generated":1850115126,"nb_guide":1850115100,"nb_sols_created":0,"nb_trashed":4563,"nodes_generated_per_sec":978894.9375,"time_searched":1890.003662109375}