{"avg_branching_factor":226.21124929368784,"nb_eval":9,"nb_expanded":1311389,"nb_generated":296650944,"nb_guide":296650947,"nb_sols_created":0,"nb_trashed":3565,"nodes_generated_per_sec":659222.0625,"time_searched":450.0015563964844}