{"avg_branching_factor":215.98280611578573,"nb_eval":14,"nb_expanded":2143960,"nb_generated":463058497,"nb_guide":463058496,"nb_sols_created":0,"nb_trashed":24731,"nodes_generated_per_sec":514508.21875,"time_searched":900.0021362304688}