{"avg_branching_factor":390.9804963990661,"nb_eval":13,"nb_expanded":1972405,"nb_generated":771171886,"nb_guide":771171885,"nb_sols_created":0,"nb_trashed":5255,"nodes_generated_per_sec":535535.25,"time_searched":1440.0020751953125}