{"avg_branching_factor":407.5795174611305,"nb_eval":11,"nb_expanded":2030510,"nb_generated":827594286,"nb_guide":827594287,"nb_sols_created":0,"nb_trashed":14911,"nodes_generated_per_sec":574717.75,"time_searched":1440.001220703125}