{"avg_branching_factor":466.9048222073626,"nb_eval":28,"nb_expanded":4393714,"nb_generated":2051446254,"nb_guide":2051446239,"nb_sols_created":0,"nb_trashed":4307,"nodes_generated_per_sec":949741.8125,"time_searched":2160.004150390625}