{"avg_branching_factor":353.9449012006737,"nb_eval":16,"nb_expanded":1771672,"nb_generated":627074271,"nb_guide":627074267,"nb_sols_created":0,"nb_trashed":2859,"nodes_generated_per_sec":580623.0,"time_searched":1080.00244140625}