{"avg_branching_factor":230.68145690665452,"nb_eval":22,"nb_expanded":2043645,"nb_generated":471431006,"nb_guide":471430997,"nb_sols_created":0,"nb_trashed":6100,"nodes_generated_per_sec":436508.21875,"time_searched":1080.0048828125}