{"avg_branching_factor":57.381436524299644,"nb_eval":26,"nb_expanded":4063043,"nb_generated":233143244,"nb_guide":233143234,"nb_sols_created":0,"nb_trashed":55247,"nodes_generated_per_sec":1295043.875,"time_searched":180.0272979736328}