{"avg_branching_factor":56.107516482284886,"nb_eval":36,"nb_expanded":1998661,"nb_generated":112139905,"nb_guide":112139884,"nb_sols_created":0,"nb_trashed":28837,"nodes_generated_per_sec":622904.625,"time_searched":180.02740478515625}