{"avg_branching_factor":181.01296517308316,"nb_eval":18,"nb_expanded":1626357,"nb_generated":294391703,"nb_guide":294391698,"nb_sols_created":0,"nb_trashed":7028,"nodes_generated_per_sec":545164.625,"time_searched":540.0051879882812}