{"avg_branching_factor":175.50190590471502,"nb_eval":23,"nb_expanded":1755072,"nb_generated":308018481,"nb_guide":308018471,"nb_sols_created":0,"nb_trashed":6172,"nodes_generated_per_sec":570400.0,"time_searched":540.00439453125}