{"avg_branching_factor":170.92191731327873,"nb_eval":15,"nb_expanded":2001071,"nb_generated":342026892,"nb_guide":342026890,"nb_sols_created":0,"nb_trashed":4780,"nodes_generated_per_sec":422251.96875,"time_searched":810.006591796875}