{"avg_branching_factor":117.0359832897378,"nb_eval":23,"nb_expanded":2208942,"nb_generated":258525699,"nb_guide":258525690,"nb_sols_created":0,"nb_trashed":10389,"nodes_generated_per_sec":478739.75,"time_searched":540.0130004882812}