{"avg_branching_factor":114.63170906071322,"nb_eval":39,"nb_expanded":2052057,"nb_generated":235230801,"nb_guide":235230776,"nb_sols_created":0,"nb_trashed":12438,"nodes_generated_per_sec":653405.125,"time_searched":360.0075988769531}