{"avg_branching_factor":254.60247726674712,"nb_eval":19,"nb_expanded":1394763,"nb_generated":355110115,"nb_guide":355110108,"nb_sols_created":0,"nb_trashed":11763,"nodes_generated_per_sec":789131.75,"time_searched":450.00103759765625}