{"avg_branching_factor":233.20479002072483,"nb_eval":16,"nb_expanded":4848288,"nb_generated":1130643985,"nb_guide":1130643983,"nb_sols_created":0,"nb_trashed":8327,"nodes_generated_per_sec":1046880.125,"time_searched":1080.0128173828125}