{"avg_branching_factor":333.4576639390163,"nb_eval":13,"nb_expanded":2812555,"nb_generated":937868020,"nb_guide":937868020,"nb_sols_created":0,"nb_trashed":5617,"nodes_generated_per_sec":1736788.5,"time_searched":540.0012817382812}