{"avg_branching_factor":330.066255533889,"nb_eval":10,"nb_expanded":2712830,"nb_generated":895413640,"nb_guide":895413642,"nb_sols_created":0,"nb_trashed":6582,"nodes_generated_per_sec":473763.4375,"time_searched":1890.0015869140625}