{"avg_branching_factor":116.55162714855794,"nb_eval":20,"nb_expanded":4258554,"nb_generated":496341398,"nb_guide":496341393,"nb_sols_created":0,"nb_trashed":37127,"nodes_generated_per_sec":1378675.875,"time_searched":360.01312255859375}