{"avg_branching_factor":403.2399789386406,"nb_eval":29,"nb_expanded":4537219,"nb_generated":1829588094,"nb_guide":1829588078,"nb_sols_created":0,"nb_trashed":4154,"nodes_generated_per_sec":968034.3125,"time_searched":1890.0032958984375}