{"avg_branching_factor":230.68773354761413,"nb_eval":18,"nb_expanded":4156540,"nb_generated":958862792,"nb_guide":958862788,"nb_sols_created":0,"nb_trashed":8173,"nodes_generated_per_sec":1331734.375,"time_searched":720.0105590820312}