{"avg_branching_factor":409.6980105292432,"nb_eval":5,"nb_expanded":4127932,"nb_generated":1691205528,"nb_guide":1691205536,"nb_sols_created":0,"nb_trashed":9280,"nodes_generated_per_sec":1342224.875,"time_searched":1260.0015869140625}