{"avg_branching_factor":57.21557669342917,"nb_eval":40,"nb_expanded":4963287,"nb_generated":283977328,"nb_guide":283977304,"nb_sols_created":0,"nb_trashed":37348,"nodes_generated_per_sec":1051595.875,"time_searched":270.044189453125}