{"avg_branching_factor":110.05264866842397,"nb_eval":18,"nb_expanded":1798583,"nb_generated":197938823,"nb_guide":197938819,"nb_sols_created":0,"nb_trashed":25875,"nodes_generated_per_sec":549816.75,"time_searched":360.0086975097656}