{"avg_branching_factor":169.67077843013942,"nb_eval":25,"nb_expanded":2935318,"nb_generated":498037690,"nb_guide":498037679,"nb_sols_created":0,"nb_trashed":9314,"nodes_generated_per_sec":1844526.125,"time_searched":270.00848388671875}