{"avg_branching_factor":331.72155767116544,"nb_eval":16,"nb_expanded":2799718,"nb_generated":928726816,"nb_guide":928726813,"nb_sols_created":0,"nb_trashed":4083,"nodes_generated_per_sec":1719919.625,"time_searched":539.982666015625}