{"avg_branching_factor":202.80498264899379,"nb_eval":9,"nb_expanded":2085758,"nb_generated":423002115,"nb_guide":423002119,"nb_sols_created":0,"nb_trashed":38786,"nodes_generated_per_sec":587499.375,"time_searched":720.0043334960938}