{"avg_branching_factor":51.95100778333998,"nb_eval":25,"nb_expanded":3021582,"nb_generated":156974230,"nb_guide":156974220,"nb_sols_created":0,"nb_trashed":16863,"nodes_generated_per_sec":1743912.75,"time_searched":90.01265716552734}