{"avg_branching_factor":115.93220191541562,"nb_eval":38,"nb_expanded":4184366,"nb_generated":485102764,"nb_guide":485102741,"nb_sols_created":0,"nb_trashed":22935,"nodes_generated_per_sec":1347426.875,"time_searched":360.0215759277344}