{"avg_branching_factor":403.08604382073037,"nb_eval":25,"nb_expanded":4551088,"nb_generated":1834480057,"nb_guide":1834480045,"nb_sols_created":0,"nb_trashed":5632,"nodes_generated_per_sec":970622.8125,"time_searched":1890.0029296875}