{"avg_branching_factor":442.1226232732616,"nb_eval":22,"nb_expanded":2716972,"nb_generated":1201234788,"nb_guide":1201234778,"nb_sols_created":0,"nb_trashed":2107,"nodes_generated_per_sec":1668379.25,"time_searched":720.0010375976562}