{"avg_branching_factor":57.17267326288437,"nb_eval":36,"nb_expanded":2050468,"nb_generated":117230737,"nb_guide":117230716,"nb_sols_created":0,"nb_trashed":32578,"nodes_generated_per_sec":651191.5,"time_searched":180.0249786376953}