{"avg_branching_factor":100.8631788734252,"nb_eval":27,"nb_expanded":3283031,"nb_generated":331136943,"nb_guide":331136931,"nb_sols_created":0,"nb_trashed":16845,"nodes_generated_per_sec":1839511.0,"time_searched":180.01356506347656}