{"avg_branching_factor":332.05662600108093,"nb_eval":29,"nb_expanded":2801222,"nb_generated":930164326,"nb_guide":930164310,"nb_sols_created":0,"nb_trashed":4907,"nodes_generated_per_sec":1722518.625,"time_searched":540.0025024414062}