{"avg_branching_factor":58.260284930585385,"nb_eval":27,"nb_expanded":2200185,"nb_generated":128183405,"nb_guide":128183393,"nb_sols_created":0,"nb_trashed":23575,"nodes_generated_per_sec":474689.125,"time_searched":270.0365295410156}