{"avg_branching_factor":352.00258333917185,"nb_eval":10,"nb_expanded":1784125,"nb_generated":628016609,"nb_guide":628016611,"nb_sols_created":0,"nb_trashed":2908,"nodes_generated_per_sec":581496.5,"time_searched":1080.000732421875}