{"avg_branching_factor":272.9238813458343,"nb_eval":12,"nb_expanded":4528522,"nb_generated":1235941801,"nb_guide":1235941803,"nb_sols_created":0,"nb_trashed":20535,"nodes_generated_per_sec":1373257.75,"time_searched":900.0071411132812}