{"avg_branching_factor":157.25795633100716,"nb_eval":13,"nb_expanded":4574596,"nb_generated":719391618,"nb_guide":719391619,"nb_sols_created":0,"nb_trashed":26404,"nodes_generated_per_sec":1332197.0,"time_searched":540.00390625}