{"avg_branching_factor":112.70755171106303,"nb_eval":8,"nb_expanded":2328757,"nb_generated":262468500,"nb_guide":262468506,"nb_sols_created":0,"nb_trashed":25726,"nodes_generated_per_sec":486041.40625,"time_searched":540.0126342773438}