{"avg_branching_factor":214.64884818149568,"nb_eval":27,"nb_expanded":2993614,"nb_generated":642575797,"nb_guide":642575783,"nb_sols_created":0,"nb_trashed":5221,"nodes_generated_per_sec":1784922.25,"time_searched":360.00213623046875}