{"avg_branching_factor":289.8983163924614,"nb_eval":17,"nb_expanded":2710014,"nb_generated":785628496,"nb_guide":785628492,"nb_sols_created":0,"nb_trashed":4785,"nodes_generated_per_sec":1745829.5,"time_searched":450.00299072265625}