{"avg_branching_factor":114.27597098325192,"nb_eval":12,"nb_expanded":5232840,"nb_generated":597987872,"nb_guide":597987875,"nb_sols_created":0,"nb_trashed":16886,"nodes_generated_per_sec":1107322.125,"time_searched":540.0305786132812}