{"avg_branching_factor":328.5933461830705,"nb_eval":11,"nb_expanded":2403162,"nb_generated":789663043,"nb_guide":789663045,"nb_sols_created":0,"nb_trashed":7862,"nodes_generated_per_sec":487444.65625,"time_searched":1620.0054931640625}