{"avg_branching_factor":115.52679851217104,"nb_eval":31,"nb_expanded":5019663,"nb_generated":579905596,"nb_guide":579905580,"nb_sols_created":0,"nb_trashed":18854,"nodes_generated_per_sec":1073861.75,"time_searched":540.0188598632812}