{"avg_branching_factor":119.35811683287957,"nb_eval":16,"nb_expanded":2171512,"nb_generated":259187583,"nb_guide":259187581,"nb_sols_created":0,"nb_trashed":13272,"nodes_generated_per_sec":479968.28125,"time_searched":540.0098266601562}