{"avg_branching_factor":276.156697074418,"nb_eval":6,"nb_expanded":1363797,"nb_generated":376621675,"nb_guide":376621681,"nb_sols_created":0,"nb_trashed":8501,"nodes_generated_per_sec":836934.5625,"time_searched":450.0013427734375}