{"avg_branching_factor":194.40305845311042,"nb_eval":11,"nb_expanded":1338389,"nb_generated":260186915,"nb_guide":260186916,"nb_sols_created":0,"nb_trashed":2619,"nodes_generated_per_sec":722740.1875,"time_searched":360.0006103515625}