{"avg_branching_factor":171.32369940479725,"nb_eval":17,"nb_expanded":2020152,"nb_generated":346099914,"nb_guide":346099910,"nb_sols_created":0,"nb_trashed":7372,"nodes_generated_per_sec":427280.375,"time_searched":810.0065307617188}