{"avg_branching_factor":330.3941921460053,"nb_eval":22,"nb_expanded":2780063,"nb_generated":918516669,"nb_guide":918516660,"nb_sols_created":0,"nb_trashed":4073,"nodes_generated_per_sec":1700974.875,"time_searched":539.9942626953125}