{"avg_branching_factor":231.1064335902521,"nb_eval":14,"nb_expanded":4186667,"nb_generated":967565679,"nb_guide":967565679,"nb_sols_created":0,"nb_trashed":8177,"nodes_generated_per_sec":1343828.25,"time_searched":720.0069580078125}