{"avg_branching_factor":224.6880252234552,"nb_eval":8,"nb_expanded":2278197,"nb_generated":511883585,"nb_guide":511883590,"nb_sols_created":0,"nb_trashed":12251,"nodes_generated_per_sec":473963.5625,"time_searched":1080.0062255859375}