{"avg_branching_factor":163.52984615168114,"nb_eval":12,"nb_expanded":1421205,"nb_generated":232409435,"nb_guide":232409435,"nb_sols_created":0,"nb_trashed":2267,"nodes_generated_per_sec":645580.1875,"time_searched":360.0008850097656}