{"avg_branching_factor":107.03698235977019,"nb_eval":10,"nb_expanded":1582349,"nb_generated":169369862,"nb_guide":169369865,"nb_sols_created":0,"nb_trashed":58735,"nodes_generated_per_sec":470469.875,"time_searched":360.0014953613281}