{"avg_branching_factor":332.5286022009384,"nb_eval":3,"nb_expanded":2790537,"nb_generated":927933368,"nb_guide":927933378,"nb_sols_created":0,"nb_trashed":11007,"nodes_generated_per_sec":1718387.625,"time_searched":540.0023803710938}