{"avg_branching_factor":420.48742678389965,"nb_eval":12,"nb_expanded":1834296,"nb_generated":771298405,"nb_guide":771298405,"nb_sols_created":0,"nb_trashed":4547,"nodes_generated_per_sec":612140.8125,"time_searched":1260.001708984375}