{"avg_branching_factor":266.22571091194175,"nb_eval":11,"nb_expanded":2427973,"nb_generated":646388838,"nb_guide":646388840,"nb_sols_created":0,"nb_trashed":8269,"nodes_generated_per_sec":478804.875,"time_searched":1350.0047607421875}