{"avg_branching_factor":55.80701033631039,"nb_eval":25,"nb_expanded":1998392,"nb_generated":111524283,"nb_guide":111524273,"nb_sols_created":0,"nb_trashed":25228,"nodes_generated_per_sec":619481.625,"time_searched":180.0283966064453}