{"avg_branching_factor":327.94677490420077,"nb_eval":12,"nb_expanded":5349469,"nb_generated":1754341106,"nb_guide":1754341108,"nb_sols_created":0,"nb_trashed":21754,"nodes_generated_per_sec":1082921.125,"time_searched":1620.00830078125}