{"avg_branching_factor":333.04228727607745,"nb_eval":5,"nb_expanded":4258113,"nb_generated":1418131693,"nb_guide":1418131701,"nb_sols_created":0,"nb_trashed":8300,"nodes_generated_per_sec":1313083.0,"time_searched":1080.0015869140625}