{"avg_branching_factor":226.901697049918,"nb_eval":11,"nb_expanded":1308506,"nb_generated":296902232,"nb_guide":296902233,"nb_sols_created":0,"nb_trashed":2711,"nodes_generated_per_sec":659780.5,"time_searched":450.00152587890625}