{"avg_branching_factor":361.7646795608356,"nb_eval":19,"nb_expanded":2963355,"nb_generated":1072037172,"nb_guide":1072037166,"nb_sols_created":0,"nb_trashed":4270,"nodes_generated_per_sec":1701640.0,"time_searched":630.0023193359375}