{"avg_branching_factor":368.8803425845087,"nb_eval":11,"nb_expanded":2439690,"nb_generated":899953683,"nb_guide":899953684,"nb_sols_created":0,"nb_trashed":22600,"nodes_generated_per_sec":416644.9375,"time_searched":2160.00146484375}