{"avg_branching_factor":273.2638514486611,"nb_eval":5,"nb_expanded":4489007,"nb_generated":1226683342,"nb_guide":1226683351,"nb_sols_created":0,"nb_trashed":18551,"nodes_generated_per_sec":1362970.875,"time_searched":900.007080078125}