{"avg_branching_factor":171.87264350390072,"nb_eval":33,"nb_expanded":3925956,"nb_generated":674764436,"nb_guide":674764417,"nb_sols_created":0,"nb_trashed":11957,"nodes_generated_per_sec":1249533.5,"time_searched":540.0130615234375}