{"avg_branching_factor":169.16975545708644,"nb_eval":12,"nb_expanded":2885056,"nb_generated":488064218,"nb_guide":488064220,"nb_sols_created":0,"nb_trashed":19383,"nodes_generated_per_sec":1807612.0,"time_searched":270.0049743652344}