{"avg_branching_factor":290.5535024124338,"nb_eval":9,"nb_expanded":1477139,"nb_generated":429187910,"nb_guide":429187913,"nb_sols_created":0,"nb_trashed":28944,"nodes_generated_per_sec":681249.5625,"time_searched":630.0009765625}