{"avg_branching_factor":303.7048213951351,"nb_eval":15,"nb_expanded":2446014,"nb_generated":742866245,"nb_guide":742866243,"nb_sols_created":0,"nb_trashed":6165,"nodes_generated_per_sec":458558.625,"time_searched":1620.0028076171875}