{"avg_branching_factor":383.4781933147951,"nb_eval":7,"nb_expanded":1609644,"nb_generated":617263373,"nb_guide":617263378,"nb_sols_created":0,"nb_trashed":6544,"nodes_generated_per_sec":571539.3125,"time_searched":1080.0015869140625}