{"avg_branching_factor":209.925551140112,"nb_eval":7,"nb_expanded":1279348,"nb_generated":268567834,"nb_guide":268567839,"nb_sols_created":0,"nb_trashed":8329,"nodes_generated_per_sec":746019.125,"time_searched":360.00128173828125}