{"avg_branching_factor":216.67995748946146,"nb_eval":10,"nb_expanded":2946093,"nb_generated":638359306,"nb_guide":638359309,"nb_sols_created":0,"nb_trashed":5156,"nodes_generated_per_sec":1773207.5,"time_searched":360.0025939941406}