{"avg_branching_factor":268.79517978771753,"nb_eval":29,"nb_expanded":2228823,"nb_generated":599096879,"nb_guide":599096863,"nb_sols_created":0,"nb_trashed":5602,"nodes_generated_per_sec":665661.4375,"time_searched":900.00244140625}