{"avg_branching_factor":194.83896027413292,"nb_eval":7,"nb_expanded":1572376,"nb_generated":306360105,"nb_guide":306360111,"nb_sols_created":0,"nb_trashed":87254,"nodes_generated_per_sec":486284.59375,"time_searched":630.0016479492188}