{"avg_branching_factor":420.1272848819399,"nb_eval":10,"nb_expanded":1988013,"nb_generated":835218504,"nb_guide":835218506,"nb_sols_created":0,"nb_trashed":9172,"nodes_generated_per_sec":580012.25,"time_searched":1440.00146484375}