{"avg_branching_factor":165.6095733991048,"nb_eval":4,"nb_expanded":1532580,"nb_generated":253809920,"nb_guide":253809928,"nb_sols_created":0,"nb_trashed":97444,"nodes_generated_per_sec":470017.90625,"time_searched":540.0005493164062}