{"avg_branching_factor":466.97924445953157,"nb_eval":6,"nb_expanded":4887177,"nb_generated":2282210223,"nb_guide":2282210230,"nb_sols_created":0,"nb_trashed":9603,"nodes_generated_per_sec":1056576.25,"time_searched":2160.00537109375}