{"avg_branching_factor":215.22175889402305,"nb_eval":7,"nb_expanded":2954709,"nb_generated":635917668,"nb_guide":635917674,"nb_sols_created":0,"nb_trashed":10402,"nodes_generated_per_sec":1766427.875,"time_searched":360.0020751953125}