{"avg_branching_factor":114.3791923973747,"nb_eval":5,"nb_expanded":5217987,"nb_generated":596829139,"nb_guide":596829149,"nb_sols_created":0,"nb_trashed":40257,"nodes_generated_per_sec":1105203.875,"time_searched":540.0172119140625}