{"avg_branching_factor":169.52886157364748,"nb_eval":29,"nb_expanded":4075055,"nb_generated":690839435,"nb_guide":690839420,"nb_sols_created":0,"nb_trashed":9974,"nodes_generated_per_sec":1279309.125,"time_searched":540.009765625}