{"avg_branching_factor":322.0137793901098,"nb_eval":14,"nb_expanded":2248503,"nb_generated":724048949,"nb_guide":724048947,"nb_sols_created":0,"nb_trashed":8280,"nodes_generated_per_sec":446943.3125,"time_searched":1620.0018310546875}