{"avg_branching_factor":311.2872595668286,"nb_eval":41,"nb_expanded":5074435,"nb_generated":1579606965,"nb_guide":1579606938,"nb_sols_created":0,"nb_trashed":9155,"nodes_generated_per_sec":975058.9375,"time_searched":1620.01171875}