{"avg_branching_factor":243.95549422454883,"nb_eval":9,"nb_expanded":1775792,"nb_generated":433214215,"nb_guide":433214219,"nb_sols_created":0,"nb_trashed":8778,"nodes_generated_per_sec":601683.0625,"time_searched":720.0039672851562}