{"avg_branching_factor":286.11861042467916,"nb_eval":11,"nb_expanded":1396513,"nb_generated":399568359,"nb_guide":399568360,"nb_sols_created":0,"nb_trashed":2365,"nodes_generated_per_sec":887927.1875,"time_searched":450.0012512207031}