{"avg_branching_factor":289.369412203795,"nb_eval":36,"nb_expanded":2620398,"nb_generated":758263029,"nb_guide":758263006,"nb_sols_created":0,"nb_trashed":4155,"nodes_generated_per_sec":1685016.75,"time_searched":450.0032653808594}