{"avg_branching_factor":287.78879630050545,"nb_eval":14,"nb_expanded":2573757,"nb_generated":740698429,"nb_guide":740698428,"nb_sols_created":0,"nb_trashed":4367,"nodes_generated_per_sec":1645987.375,"time_searched":450.00250244140625}