{"avg_branching_factor":53.51707044361738,"nb_eval":14,"nb_expanded":1330809,"nb_generated":71220999,"nb_guide":71220999,"nb_sols_created":0,"nb_trashed":20122,"nodes_generated_per_sec":791294.3125,"time_searched":90.00569915771484}