{"avg_branching_factor":156.0682699034906,"nb_eval":12,"nb_expanded":2627102,"nb_generated":410007264,"nb_guide":410007266,"nb_sols_created":0,"nb_trashed":10042,"nodes_generated_per_sec":506174.78125,"time_searched":810.01123046875}