{"avg_branching_factor":54.95771239652114,"nb_eval":24,"nb_expanded":1833587,"nb_generated":100769747,"nb_guide":100769738,"nb_sols_created":0,"nb_trashed":19587,"nodes_generated_per_sec":559766.9375,"time_searched":180.02088928222656}