{"avg_branching_factor":49.02150956833334,"nb_eval":27,"nb_expanded":1687807,"nb_generated":82738847,"nb_guide":82738835,"nb_sols_created":0,"nb_trashed":19867,"nodes_generated_per_sec":919149.6875,"time_searched":90.01673126220703}