{"avg_branching_factor":57.881552779483414,"nb_eval":20,"nb_expanded":4718017,"nb_generated":273086150,"nb_guide":273086146,"nb_sols_created":0,"nb_trashed":39118,"nodes_generated_per_sec":1011253.8125,"time_searched":270.0470886230469}