{"avg_branching_factor":316.1659678495728,"nb_eval":7,"nb_expanded":1446015,"nb_generated":457180732,"nb_guide":457180737,"nb_sols_created":0,"nb_trashed":4809,"nodes_generated_per_sec":725682.5,"time_searched":630.0010375976562}