{"avg_branching_factor":289.81048576923223,"nb_eval":27,"nb_expanded":2646730,"nb_generated":767050107,"nb_guide":767050093,"nb_sols_created":0,"nb_trashed":4599,"nodes_generated_per_sec":1704544.75,"time_searched":450.0029296875}