{"avg_branching_factor":113.14555766735145,"nb_eval":23,"nb_expanded":1990407,"nb_generated":225205710,"nb_guide":225205701,"nb_sols_created":0,"nb_trashed":8541,"nodes_generated_per_sec":625559.25,"time_searched":360.00701904296875}