{"avg_branching_factor":250.09968941141253,"nb_eval":7,"nb_expanded":2351664,"nb_generated":588150436,"nb_guide":588150442,"nb_sols_created":0,"nb_trashed":10556,"nodes_generated_per_sec":435664.65625,"time_searched":1350.00732421875}