{"avg_branching_factor":464.6226667284042,"nb_eval":15,"nb_expanded":5010454,"nb_generated":2327970499,"nb_guide":2327970497,"nb_sols_created":0,"nb_trashed":5359,"nodes_generated_per_sec":1077762.875,"time_searched":2160.00244140625}