{"avg_branching_factor":228.74219056683728,"nb_eval":57,"nb_expanded":4037649,"nb_generated":923580677,"nb_guide":923580634,"nb_sols_created":0,"nb_trashed":8156,"nodes_generated_per_sec":1282736.625,"time_searched":720.008056640625}