{"avg_branching_factor":115.63935963614776,"nb_eval":35,"nb_expanded":4969050,"nb_generated":574617760,"nb_guide":574617740,"nb_sols_created":0,"nb_trashed":18006,"nodes_generated_per_sec":1064053.0,"time_searched":540.02734375}