{"avg_branching_factor":56.900228836945075,"nb_eval":47,"nb_expanded":2063041,"nb_generated":117387505,"nb_guide":117387473,"nb_sols_created":0,"nb_trashed":21578,"nodes_generated_per_sec":652079.375,"time_searched":180.020263671875}