{"avg_branching_factor":112.72279904545819,"nb_eval":17,"nb_expanded":1907093,"nb_generated":214972861,"nb_guide":214972858,"nb_sols_created":0,"nb_trashed":10950,"nodes_generated_per_sec":597129.25,"time_searched":360.0105895996094}