{"avg_branching_factor":363.9001166778986,"nb_eval":33,"nb_expanded":2982570,"nb_generated":1085357571,"nb_guide":1085357551,"nb_sols_created":0,"nb_trashed":4125,"nodes_generated_per_sec":1722783.125,"time_searched":630.00244140625}