{"avg_branching_factor":116.76678692433178,"nb_eval":18,"nb_expanded":2231320,"nb_generated":260544067,"nb_guide":260544063,"nb_sols_created":0,"nb_trashed":9181,"nodes_generated_per_sec":482476.625,"time_searched":540.0138549804688}