{"avg_branching_factor":357.6311276217732,"nb_eval":5,"nb_expanded":2791193,"nb_generated":998217500,"nb_guide":998217507,"nb_sols_created":0,"nb_trashed":5488,"nodes_generated_per_sec":1584470.0,"time_searched":630.0008544921875}