{"avg_branching_factor":178.54980247437223,"nb_eval":14,"nb_expanded":1622068,"nb_generated":289619921,"nb_guide":289619920,"nb_sols_created":0,"nb_trashed":8878,"nodes_generated_per_sec":536328.0625,"time_searched":540.0051879882812}