{"avg_branching_factor":469.4998501557301,"nb_eval":13,"nb_expanded":1945353,"nb_generated":913342942,"nb_guide":913342941,"nb_sols_created":0,"nb_trashed":3988,"nodes_generated_per_sec":422843.65625,"time_searched":2160.00146484375}