{"avg_branching_factor":359.11957464906806,"nb_eval":6,"nb_expanded":2924926,"nb_generated":1050398181,"nb_guide":1050398188,"nb_sols_created":0,"nb_trashed":6646,"nodes_generated_per_sec":1667294.75,"time_searched":630.0015258789062}