{"avg_branching_factor":214.88783073601584,"nb_eval":12,"nb_expanded":2283959,"nb_generated":490794995,"nb_guide":490794996,"nb_sols_created":0,"nb_trashed":50074,"nodes_generated_per_sec":545325.0,"time_searched":900.004638671875}