{"avg_branching_factor":462.0092531614669,"nb_eval":17,"nb_expanded":4174249,"nb_generated":1928541663,"nb_guide":1928541659,"nb_sols_created":0,"nb_trashed":5285,"nodes_generated_per_sec":1339262.75,"time_searched":1440.00244140625}