{"avg_branching_factor":169.1079010596102,"nb_eval":8,"nb_expanded":1227810,"nb_generated":207632372,"nb_guide":207632377,"nb_sols_created":0,"nb_trashed":41753,"nodes_generated_per_sec":384502.78125,"time_searched":540.0022583007812}