{"avg_branching_factor":320.6493907636322,"nb_eval":14,"nb_expanded":2264310,"nb_generated":726049622,"nb_guide":726049620,"nb_sols_created":0,"nb_trashed":2591,"nodes_generated_per_sec":448178.5,"time_searched":1620.0009765625}