{"avg_branching_factor":214.42394764921738,"nb_eval":12,"nb_expanded":2074926,"nb_generated":444913824,"nb_guide":444913825,"nb_sols_created":0,"nb_trashed":12287,"nodes_generated_per_sec":617932.8125,"time_searched":720.0035400390625}