{"avg_branching_factor":232.04696185793944,"nb_eval":22,"nb_expanded":2097894,"nb_generated":486809929,"nb_guide":486809920,"nb_sols_created":0,"nb_trashed":5658,"nodes_generated_per_sec":676120.625,"time_searched":720.0045166015625}