{"avg_branching_factor":279.11877392863437,"nb_eval":36,"nb_expanded":4755286,"nb_generated":1327289598,"nb_guide":1327289576,"nb_sols_created":0,"nb_trashed":8271,"nodes_generated_per_sec":983165.9375,"time_searched":1350.015869140625}