{"avg_branching_factor":48.80601048672916,"nb_eval":7,"nb_expanded":1736099,"nb_generated":84732066,"nb_guide":84732073,"nb_sols_created":0,"nb_trashed":165850,"nodes_generated_per_sec":235362.0,"time_searched":360.0074157714844}