{"avg_branching_factor":407.7565212362571,"nb_eval":44,"nb_expanded":3804225,"nb_generated":1551197552,"nb_guide":1551197521,"nb_sols_created":0,"nb_trashed":4172,"nodes_generated_per_sec":1231105.0,"time_searched":1260.0042724609375}