{"avg_branching_factor":229.07981125761253,"nb_eval":12,"nb_expanded":1795887,"nb_generated":411401455,"nb_guide":411401456,"nb_sols_created":0,"nb_trashed":8936,"nodes_generated_per_sec":571387.8125,"time_searched":720.00390625}