{"avg_branching_factor":54.61155783863424,"nb_eval":29,"nb_expanded":2022610,"nb_generated":110457883,"nb_guide":110457869,"nb_sols_created":0,"nb_trashed":68909,"nodes_generated_per_sec":613570.375,"time_searched":180.02479553222656}