{"avg_branching_factor":116.08859119743038,"nb_eval":23,"nb_expanded":4343050,"nb_generated":504178556,"nb_guide":504178548,"nb_sols_created":0,"nb_trashed":16364,"nodes_generated_per_sec":1400511.75,"time_searched":359.9959411621094}