{"avg_branching_factor":227.10298657387526,"nb_eval":12,"nb_expanded":2121461,"nb_generated":481790129,"nb_guide":481790130,"nb_sols_created":0,"nb_trashed":16147,"nodes_generated_per_sec":535320.375,"time_searched":900.0033569335938}