{"avg_branching_factor":379.59446479804444,"nb_eval":9,"nb_expanded":1318904,"nb_generated":500648658,"nb_guide":500648660,"nb_sols_created":0,"nb_trashed":1014,"nodes_generated_per_sec":695345.0,"time_searched":720.0003662109375}