{"avg_branching_factor":57.53239375142796,"nb_eval":21,"nb_expanded":2052757,"nb_generated":118100024,"nb_guide":118100018,"nb_sols_created":0,"nb_trashed":28696,"nodes_generated_per_sec":656048.6875,"time_searched":180.0171661376953}