{"avg_branching_factor":291.2243798951795,"nb_eval":3,"nb_expanded":5128004,"nb_generated":1493399785,"nb_guide":1493399796,"nb_sols_created":0,"nb_trashed":19644,"nodes_generated_per_sec":1106232.75,"time_searched":1349.9869384765625}