{"avg_branching_factor":488.4808747571597,"nb_eval":9,"nb_expanded":2048157,"nb_generated":1000485523,"nb_guide":1000485526,"nb_sols_created":0,"nb_trashed":4574,"nodes_generated_per_sec":463187.46875,"time_searched":2160.001220703125}