{"avg_branching_factor":116.39093325913313,"nb_eval":28,"nb_expanded":4298281,"nb_generated":500280937,"nb_guide":500280924,"nb_sols_created":0,"nb_trashed":17862,"nodes_generated_per_sec":1389617.625,"time_searched":360.01336669921875}