{"avg_branching_factor":100.58221001947986,"nb_eval":8,"nb_expanded":3189447,"nb_generated":320801628,"nb_guide":320801635,"nb_sols_created":0,"nb_trashed":40077,"nodes_generated_per_sec":1782130.25,"time_searched":180.0102081298828}