{"avg_branching_factor":288.3130355430297,"nb_eval":8,"nb_expanded":5206281,"nb_generated":1501038679,"nb_guide":1501038685,"nb_sols_created":0,"nb_trashed":18218,"nodes_generated_per_sec":1111887.5,"time_searched":1349.9915771484375}