{"avg_branching_factor":267.06768623004405,"nb_eval":10,"nb_expanded":2375919,"nb_generated":634531190,"nb_guide":634531193,"nb_sols_created":0,"nb_trashed":19034,"nodes_generated_per_sec":470021.875,"time_searched":1350.0035400390625}