{"avg_branching_factor":465.5403660043891,"nb_eval":42,"nb_expanded":4314757,"nb_generated":2008693553,"nb_guide":2008693524,"nb_sols_created":0,"nb_trashed":4359,"nodes_generated_per_sec":929949.25,"time_searched":2160.00341796875}