{"avg_branching_factor":290.31145269644406,"nb_eval":4,"nb_expanded":5128050,"nb_generated":1488731645,"nb_guide":1488731655,"nb_sols_created":0,"nb_trashed":21244,"nodes_generated_per_sec":1102765.375,"time_searched":1349.99853515625}