{"avg_branching_factor":465.7029741976796,"nb_eval":35,"nb_expanded":4322712,"nb_generated":2013099835,"nb_guide":2013099813,"nb_sols_created":0,"nb_trashed":4105,"nodes_generated_per_sec":931989.25,"time_searched":2160.003173828125}