{"avg_branching_factor":155.34791797575443,"nb_eval":21,"nb_expanded":2609960,"nb_generated":405451852,"nb_guide":405451845,"nb_sols_created":0,"nb_trashed":21398,"nodes_generated_per_sec":500551.9375,"time_searched":810.009521484375}