{"avg_branching_factor":228.967813287516,"nb_eval":35,"nb_expanded":4040394,"nb_generated":925120179,"nb_guide":925120158,"nb_sols_created":0,"nb_trashed":8250,"nodes_generated_per_sec":1284871.125,"time_searched":720.0100708007812}