{"avg_branching_factor":104.57082042017825,"nb_eval":16,"nb_expanded":3035664,"nb_generated":317441875,"nb_guide":317441873,"nb_sols_created":0,"nb_trashed":11714,"nodes_generated_per_sec":1763526.25,"time_searched":180.00405883789062}