{"avg_branching_factor":238.14651889001917,"nb_eval":11,"nb_expanded":2282634,"nb_generated":543601341,"nb_guide":543601343,"nb_sols_created":0,"nb_trashed":17020,"nodes_generated_per_sec":603999.75,"time_searched":900.0025634765625}