{"avg_branching_factor":134.56308289634586,"nb_eval":4,"nb_expanded":1691124,"nb_generated":227562859,"nb_guide":227562867,"nb_sols_created":0,"nb_trashed":170903,"nodes_generated_per_sec":421411.9375,"time_searched":540.0009765625}