{"avg_branching_factor":311.55047219493025,"nb_eval":35,"nb_expanded":5089000,"nb_generated":1585480353,"nb_guide":1585480332,"nb_sols_created":0,"nb_trashed":8483,"nodes_generated_per_sec":978684.75,"time_searched":1620.01123046875}