{"avg_branching_factor":114.03345955614452,"nb_eval":11,"nb_expanded":5264236,"nb_generated":600299043,"nb_guide":600299047,"nb_sols_created":0,"nb_trashed":34665,"nodes_generated_per_sec":1111626.0,"time_searched":540.0189208984375}