{"avg_branching_factor":461.7131226907886,"nb_eval":5,"nb_expanded":2590170,"nb_generated":1195915479,"nb_guide":1195915486,"nb_sols_created":0,"nb_trashed":5930,"nodes_generated_per_sec":1660991.0,"time_searched":720.001220703125}