{"avg_branching_factor":115.38385437286888,"nb_eval":35,"nb_expanded":4172684,"nb_generated":481460363,"nb_guide":481460343,"nb_sols_created":0,"nb_trashed":16666,"nodes_generated_per_sec":1337327.75,"time_searched":360.0167236328125}