{"avg_branching_factor":400.98207270745274,"nb_eval":32,"nb_expanded":4617931,"nb_generated":1851707544,"nb_guide":1851707525,"nb_sols_created":0,"nb_trashed":4166,"nodes_generated_per_sec":979736.9375,"time_searched":1890.0047607421875}