{"avg_branching_factor":289.8689467409739,"nb_eval":5,"nb_expanded":1274169,"nb_generated":369342026,"nb_guide":369342033,"nb_sols_created":0,"nb_trashed":15744,"nodes_generated_per_sec":586256.625,"time_searched":630.0006103515625}