{"avg_branching_factor":119.8360339510712,"nb_eval":13,"nb_expanded":1699858,"nb_generated":203704241,"nb_guide":203704242,"nb_sols_created":0,"nb_trashed":13739,"nodes_generated_per_sec":565833.8125,"time_searched":360.0072021484375}