{"avg_branching_factor":169.81904062354357,"nb_eval":30,"nb_expanded":4048859,"nb_generated":687573351,"nb_guide":687573335,"nb_sols_created":0,"nb_trashed":8279,"nodes_generated_per_sec":1273260.625,"time_searched":540.0099487304688}