{"avg_branching_factor":112.06326020770526,"nb_eval":10,"nb_expanded":1208058,"nb_generated":135378918,"nb_guide":135378921,"nb_sols_created":0,"nb_trashed":12554,"nodes_generated_per_sec":752091.3125,"time_searched":180.0032958984375}