{"avg_branching_factor":295.30923706821983,"nb_eval":13,"nb_expanded":1734100,"nb_generated":512095748,"nb_guide":512095748,"nb_sols_created":0,"nb_trashed":10649,"nodes_generated_per_sec":568992.75,"time_searched":900.0039672851562}