{"avg_branching_factor":49.62320504431622,"nb_eval":3,"nb_expanded":3025980,"nb_generated":150158826,"nb_guide":150158839,"nb_sols_created":0,"nb_trashed":64289,"nodes_generated_per_sec":1668122.25,"time_searched":90.01668548583984}