{"avg_branching_factor":56.14208257647695,"nb_eval":50,"nb_expanded":2007206,"nb_generated":112688725,"nb_guide":112688690,"nb_sols_created":0,"nb_trashed":27584,"nodes_generated_per_sec":625926.1875,"time_searched":180.03517150878906}