{"avg_branching_factor":261.3331683899971,"nb_eval":34,"nb_expanded":4276216,"nb_generated":1117517076,"nb_guide":1117517056,"nb_sols_created":0,"nb_trashed":9011,"nodes_generated_per_sec":1241676.375,"time_searched":900.0067138671875}