{"avg_branching_factor":57.25766390955406,"nb_eval":36,"nb_expanded":4111185,"nb_generated":235396849,"nb_guide":235396829,"nb_sols_created":0,"nb_trashed":37692,"nodes_generated_per_sec":1307465.375,"time_searched":180.0406036376953}