{"avg_branching_factor":366.7752420666912,"nb_eval":6,"nb_expanded":1301191,"nb_generated":477244644,"nb_guide":477244649,"nb_sols_created":0,"nb_trashed":6990,"nodes_generated_per_sec":662839.3125,"time_searched":720.00048828125}