{"avg_branching_factor":114.20595234874955,"nb_eval":26,"nb_expanded":5212497,"nb_generated":595298184,"nb_guide":595298173,"nb_sols_created":0,"nb_trashed":65225,"nodes_generated_per_sec":1102367.5,"time_searched":540.0178833007812}