{"avg_branching_factor":289.87148785764083,"nb_eval":4,"nb_expanded":5189354,"nb_generated":1504245765,"nb_guide":1504245775,"nb_sols_created":0,"nb_trashed":21056,"nodes_generated_per_sec":1114267.75,"time_searched":1349.98583984375}