{"avg_branching_factor":152.6058364376875,"nb_eval":10,"nb_expanded":1455751,"nb_generated":222156099,"nb_guide":222156102,"nb_sols_created":0,"nb_trashed":40859,"nodes_generated_per_sec":822792.4375,"time_searched":270.0025939941406}