{"avg_branching_factor":279.0534062168145,"nb_eval":36,"nb_expanded":4751694,"nb_generated":1325976396,"nb_guide":1325976374,"nb_sols_created":0,"nb_trashed":8772,"nodes_generated_per_sec":982198.625,"time_searched":1350.0084228515625}