{"avg_branching_factor":50.89438178920639,"nb_eval":12,"nb_expanded":1666616,"nb_generated":84821391,"nb_guide":84821393,"nb_sols_created":0,"nb_trashed":10814,"nodes_generated_per_sec":471233.75,"time_searched":179.99855041503906}