{"avg_branching_factor":55.30856409204848,"nb_eval":34,"nb_expanded":1848287,"nb_generated":102226100,"nb_guide":102226081,"nb_sols_created":0,"nb_trashed":24460,"nodes_generated_per_sec":567815.25,"time_searched":180.03408813476562}