{"avg_branching_factor":55.50415871625637,"nb_eval":27,"nb_expanded":1278760,"nb_generated":70976498,"nb_guide":70976485,"nb_sols_created":0,"nb_trashed":11466,"nodes_generated_per_sec":788566.5625,"time_searched":90.0069808959961}