{"avg_branching_factor":117.20360291373999,"nb_eval":18,"nb_expanded":4210259,"nb_generated":493457524,"nb_guide":493457521,"nb_sols_created":0,"nb_trashed":36800,"nodes_generated_per_sec":1370661.875,"time_searched":360.0140686035156}