{"avg_branching_factor":207.44909430347522,"nb_eval":27,"nb_expanded":3128697,"nb_generated":649045359,"nb_guide":649045345,"nb_sols_created":0,"nb_trashed":4225,"nodes_generated_per_sec":1802893.625,"time_searched":360.0020446777344}