{"avg_branching_factor":454.19581544312,"nb_eval":12,"nb_expanded":2709582,"nb_generated":1230680806,"nb_guide":1230680806,"nb_sols_created":0,"nb_trashed":2281,"nodes_generated_per_sec":1709276.5,"time_searched":720.0010375976562}