{"avg_branching_factor":171.51137272763572,"nb_eval":15,"nb_expanded":2028669,"nb_generated":347939805,"nb_guide":347939803,"nb_sols_created":0,"nb_trashed":6750,"nodes_generated_per_sec":429552.34375,"time_searched":810.005615234375}