{"avg_branching_factor":44.08363971898244,"nb_eval":22,"nb_expanded":1613707,"nb_generated":71138078,"nb_guide":71138071,"nb_sols_created":0,"nb_trashed":62038,"nodes_generated_per_sec":790287.25,"time_searched":90.01547241210938}