{"avg_branching_factor":53.690568432047975,"nb_eval":32,"nb_expanded":2887346,"nb_generated":155023248,"nb_guide":155023231,"nb_sols_created":0,"nb_trashed":24034,"nodes_generated_per_sec":1722071.375,"time_searched":90.0213851928711}