{"avg_branching_factor":362.1777720420285,"nb_eval":24,"nb_expanded":2959993,"nb_generated":1072043670,"nb_guide":1072043659,"nb_sols_created":0,"nb_trashed":4779,"nodes_generated_per_sec":1701650.125,"time_searched":630.0023803710938}