{"avg_branching_factor":272.8190202368977,"nb_eval":13,"nb_expanded":2206860,"nb_generated":602073383,"nb_guide":602073383,"nb_sols_created":0,"nb_trashed":12402,"nodes_generated_per_sec":445978.9375,"time_searched":1350.004150390625}