{"avg_branching_factor":188.22360673037858,"nb_eval":6,"nb_expanded":1186382,"nb_generated":223305099,"nb_guide":223305105,"nb_sols_created":0,"nb_trashed":21008,"nodes_generated_per_sec":496232.375,"time_searched":450.0010681152344}