{"avg_branching_factor":408.4169814615938,"nb_eval":25,"nb_expanded":3836360,"nb_generated":1566834571,"nb_guide":1566834559,"nb_sols_created":0,"nb_trashed":4115,"nodes_generated_per_sec":1243516.0,"time_searched":1260.0035400390625}