{"avg_branching_factor":45.87691459269706,"nb_eval":16,"nb_expanded":1389003,"nb_generated":63723172,"nb_guide":63723170,"nb_sols_created":0,"nb_trashed":26066,"nodes_generated_per_sec":707986.5,"time_searched":90.00619506835938}