{"avg_branching_factor":482.57853193016376,"nb_eval":4,"nb_expanded":1506209,"nb_generated":726864128,"nb_guide":726864136,"nb_sols_created":0,"nb_trashed":6282,"nodes_generated_per_sec":576875.6875,"time_searched":1260.0013427734375}