{"avg_branching_factor":289.5781645652157,"nb_eval":8,"nb_expanded":2645553,"nb_generated":766094382,"nb_guide":766094387,"nb_sols_created":0,"nb_trashed":16508,"nodes_generated_per_sec":1702423.625,"time_searched":450.002197265625}