{"avg_branching_factor":232.8810229503786,"nb_eval":10,"nb_expanded":713583,"nb_generated":166179939,"nb_guide":166179940,"nb_sols_created":0,"nb_trashed":1765,"nodes_generated_per_sec":597448.5,"time_searched":278.1493835449219}