{"avg_branching_factor":359.23085951739466,"nb_eval":17,"nb_expanded":2932541,"nb_generated":1053459224,"nb_guide":1053459220,"nb_sols_created":0,"nb_trashed":5145,"nodes_generated_per_sec":1672154.5,"time_searched":630.0010986328125}