{"avg_branching_factor":57.790149003431125,"nb_eval":30,"nb_expanded":2075120,"nb_generated":119921494,"nb_guide":119921479,"nb_sols_created":0,"nb_trashed":21724,"nodes_generated_per_sec":444093.5625,"time_searched":270.03656005859375}