{"avg_branching_factor":233.01926616780966,"nb_eval":12,"nb_expanded":2025831,"nb_generated":472057653,"nb_guide":472057654,"nb_sols_created":0,"nb_trashed":6727,"nodes_generated_per_sec":437087.21875,"time_searched":1080.0079345703125}