{"avg_branching_factor":156.17728566192997,"nb_eval":11,"nb_expanded":4646783,"nb_generated":725721956,"nb_guide":725721959,"nb_sols_created":0,"nb_trashed":26133,"nodes_generated_per_sec":1343912.75,"time_searched":540.0067749023438}