{"avg_branching_factor":292.21553312035934,"nb_eval":7,"nb_expanded":1101543,"nb_generated":321887975,"nb_guide":321887980,"nb_sols_created":0,"nb_trashed":22471,"nodes_generated_per_sec":596087.9375,"time_searched":540.0007934570312}