{"avg_branching_factor":312.79382906798895,"nb_eval":38,"nb_expanded":5132450,"nb_generated":1605398688,"nb_guide":1605398664,"nb_sols_created":0,"nb_trashed":8749,"nodes_generated_per_sec":990981.0625,"time_searched":1620.0093994140625}