{"avg_branching_factor":246.6293762742034,"nb_eval":12,"nb_expanded":2029209,"nb_generated":500462550,"nb_guide":500462550,"nb_sols_created":0,"nb_trashed":17145,"nodes_generated_per_sec":463390.46875,"time_searched":1080.0018310546875}