{"avg_branching_factor":117.6139174971664,"nb_eval":27,"nb_expanded":2000101,"nb_generated":235239714,"nb_guide":235239701,"nb_sols_created":0,"nb_trashed":15114,"nodes_generated_per_sec":435618.8125,"time_searched":540.0127563476562}