{"avg_branching_factor":89.825429619079,"nb_eval":15,"nb_expanded":1326233,"nb_generated":119129449,"nb_guide":119129447,"nb_sols_created":0,"nb_trashed":9687,"nodes_generated_per_sec":661818.8125,"time_searched":180.00311279296875}