{"avg_branching_factor":203.96191522951932,"nb_eval":19,"nb_expanded":3189884,"nb_generated":650614850,"nb_guide":650614844,"nb_sols_created":0,"nb_trashed":4997,"nodes_generated_per_sec":1807253.5,"time_searched":360.0019836425781}