{"avg_branching_factor":88.92013333423819,"nb_eval":15,"nb_expanded":1620889,"nb_generated":144129666,"nb_guide":144129665,"nb_sols_created":0,"nb_trashed":129033,"nodes_generated_per_sec":800699.875,"time_searched":180.00460815429688}