{"avg_branching_factor":389.6752521820286,"nb_eval":9,"nb_expanded":2085101,"nb_generated":812512258,"nb_guide":812512261,"nb_sols_created":0,"nb_trashed":13258,"nodes_generated_per_sec":644850.4375,"time_searched":1260.0010986328125}