{"avg_branching_factor":115.23674113913466,"nb_eval":27,"nb_expanded":2080948,"nb_generated":239801666,"nb_guide":239801653,"nb_sols_created":0,"nb_trashed":9725,"nodes_generated_per_sec":444070.84375,"time_searched":540.0076904296875}