{"avg_branching_factor":51.71218543941976,"nb_eval":20,"nb_expanded":3046472,"nb_generated":157539725,"nb_guide":157539720,"nb_sols_created":0,"nb_trashed":16413,"nodes_generated_per_sec":1749994.25,"time_searched":90.02299499511719}