{"avg_branching_factor":153.98754987334524,"nb_eval":18,"nb_expanded":2368249,"nb_generated":364680861,"nb_guide":364680857,"nb_sols_created":0,"nb_trashed":12372,"nodes_generated_per_sec":450217.59375,"time_searched":810.01025390625}