{"avg_branching_factor":291.69670054718915,"nb_eval":10,"nb_expanded":1378865,"nb_generated":402210371,"nb_guide":402210373,"nb_sols_created":0,"nb_trashed":2236,"nodes_generated_per_sec":744833.0625,"time_searched":540.0006713867188}