{"avg_branching_factor":355.80118315414035,"nb_eval":3,"nb_expanded":5682607,"nb_generated":2021878294,"nb_guide":2021878305,"nb_sols_created":0,"nb_trashed":27241,"nodes_generated_per_sec":1069774.25,"time_searched":1890.0045166015625}