{"avg_branching_factor":339.51930612581924,"nb_eval":15,"nb_expanded":2070923,"nb_generated":703118340,"nb_guide":703118337,"nb_sols_created":0,"nb_trashed":3432,"nodes_generated_per_sec":434023.28125,"time_searched":1620.00146484375}