{"avg_branching_factor":233.95133373218522,"nb_eval":39,"nb_expanded":4680100,"nb_generated":1094915637,"nb_guide":1094915612,"nb_sols_created":0,"nb_trashed":9822,"nodes_generated_per_sec":1013802.8125,"time_searched":1080.0084228515625}