{"avg_branching_factor":288.1197732649177,"nb_eval":30,"nb_expanded":2578163,"nb_generated":742819739,"nb_guide":742819722,"nb_sols_created":0,"nb_trashed":5039,"nodes_generated_per_sec":1650700.0,"time_searched":450.00286865234375}