{"avg_branching_factor":413.4653195171484,"nb_eval":7,"nb_expanded":2144924,"nb_generated":886851687,"nb_guide":886851692,"nb_sols_created":0,"nb_trashed":47418,"nodes_generated_per_sec":615868.8125,"time_searched":1440.0009765625}