{"avg_branching_factor":101.22829861507013,"nb_eval":22,"nb_expanded":3288903,"nb_generated":332930055,"nb_guide":332930048,"nb_sols_created":0,"nb_trashed":16885,"nodes_generated_per_sec":1849434.875,"time_searched":180.01718139648438}