{"avg_branching_factor":63.65148164380995,"nb_eval":5,"nb_expanded":1494455,"nb_generated":95124275,"nb_guide":95124283,"nb_sols_created":0,"nb_trashed":169957,"nodes_generated_per_sec":264232.0625,"time_searched":360.0027770996094}