{"avg_branching_factor":112.22396022555303,"nb_eval":20,"nb_expanded":1912987,"nb_generated":214682977,"nb_guide":214682971,"nb_sols_created":0,"nb_trashed":9919,"nodes_generated_per_sec":596330.8125,"time_searched":360.0065002441406}