{"avg_branching_factor":114.63699495876645,"nb_eval":22,"nb_expanded":2042754,"nb_generated":234175180,"nb_guide":234175172,"nb_sols_created":0,"nb_trashed":9426,"nodes_generated_per_sec":433647.15625,"time_searched":540.01318359375}