{"avg_branching_factor":241.18675195338557,"nb_eval":4,"nb_expanded":1386695,"nb_generated":334452463,"nb_guide":334452471,"nb_sols_created":0,"nb_trashed":44357,"nodes_generated_per_sec":743226.4375,"time_searched":450.000732421875}