{"avg_branching_factor":199.26177535979608,"nb_eval":7,"nb_expanded":1795253,"nb_generated":357725300,"nb_guide":357725305,"nb_sols_created":0,"nb_trashed":175725,"nodes_generated_per_sec":496840.25,"time_searched":720.0006713867188}