{"avg_branching_factor":167.24368150243356,"nb_eval":13,"nb_expanded":1717853,"nb_generated":287300060,"nb_guide":287300060,"nb_sols_created":0,"nb_trashed":33419,"nodes_generated_per_sec":532031.75,"time_searched":540.0054931640625}