{"avg_branching_factor":443.50634554869356,"nb_eval":11,"nb_expanded":2165061,"nb_generated":960218292,"nb_guide":960218293,"nb_sols_created":0,"nb_trashed":4018,"nodes_generated_per_sec":444545.15625,"time_searched":2160.001708984375}