{"avg_branching_factor":144.72273958092453,"nb_eval":18,"nb_expanded":2681140,"nb_generated":388021926,"nb_guide":388021922,"nb_sols_created":0,"nb_trashed":24078,"nodes_generated_per_sec":479032.8125,"time_searched":810.0111694335938}