{"avg_branching_factor":557.7066977920706,"nb_eval":9,"nb_expanded":1583701,"nb_generated":883240655,"nb_guide":883240658,"nb_sols_created":0,"nb_trashed":6179,"nodes_generated_per_sec":613361.25,"time_searched":1440.000732421875}