{"avg_branching_factor":294.9529405148347,"nb_eval":8,"nb_expanded":2222655,"nb_generated":655578628,"nb_guide":655578633,"nb_sols_created":0,"nb_trashed":7617,"nodes_generated_per_sec":485611.78125,"time_searched":1350.005615234375}