{"avg_branching_factor":53.66251871099325,"nb_eval":29,"nb_expanded":2898697,"nb_generated":155551382,"nb_guide":155551368,"nb_sols_created":0,"nb_trashed":20563,"nodes_generated_per_sec":1727892.625,"time_searched":90.02375030517578}