{"avg_branching_factor":149.62594625609404,"nb_eval":15,"nb_expanded":4883456,"nb_generated":730691725,"nb_guide":730691725,"nb_sols_created":0,"nb_trashed":49958,"nodes_generated_per_sec":1353106.5,"time_searched":540.010498046875}