{"avg_branching_factor":351.13691394468486,"nb_eval":13,"nb_expanded":5739262,"nb_generated":2015266747,"nb_guide":2015266748,"nb_sols_created":0,"nb_trashed":10212,"nodes_generated_per_sec":1066275.25,"time_searched":1890.006103515625}