{"avg_branching_factor":77.4050958919662,"nb_eval":11,"nb_expanded":1620678,"nb_generated":125448736,"nb_guide":125448739,"nb_sols_created":0,"nb_trashed":121737,"nodes_generated_per_sec":696916.25,"time_searched":180.00546264648438}