{"avg_branching_factor":410.7014662336631,"nb_eval":12,"nb_expanded":2052947,"nb_generated":843148343,"nb_guide":843148343,"nb_sols_created":0,"nb_trashed":3696,"nodes_generated_per_sec":446110.03125,"time_searched":1890.0008544921875}