{"avg_branching_factor":50.3679763706742,"nb_eval":45,"nb_expanded":3040967,"nb_generated":153167354,"nb_guide":153167325,"nb_sols_created":0,"nb_trashed":70512,"nodes_generated_per_sec":1701615.75,"time_searched":90.01289367675781}