{"avg_branching_factor":58.18175015565445,"nb_eval":22,"nb_expanded":2267844,"nb_generated":131947133,"nb_guide":131947126,"nb_sols_created":0,"nb_trashed":21051,"nodes_generated_per_sec":488654.09375,"time_searched":270.02154541015625}