{"avg_branching_factor":109.8394473111813,"nb_eval":21,"nb_expanded":1822436,"nb_generated":200175363,"nb_guide":200175356,"nb_sols_created":0,"nb_trashed":22377,"nodes_generated_per_sec":556032.6875,"time_searched":360.0064697265625}