{"avg_branching_factor":160.68988843441684,"nb_eval":13,"nb_expanded":5309702,"nb_generated":853215422,"nb_guide":853215424,"nb_sols_created":0,"nb_trashed":17076,"nodes_generated_per_sec":1053313.75,"time_searched":810.0297241210938}