{"avg_branching_factor":465.82174572971417,"nb_eval":39,"nb_expanded":4312065,"nb_generated":2008653646,"nb_guide":2008653620,"nb_sols_created":0,"nb_trashed":5966,"nodes_generated_per_sec":929931.0,"time_searched":2160.0029296875}