{"avg_branching_factor":452.73428799397647,"nb_eval":37,"nb_expanded":3915318,"nb_generated":1772598707,"nb_guide":1772598683,"nb_sols_created":0,"nb_trashed":4440,"nodes_generated_per_sec":1230968.5,"time_searched":1440.0032958984375}