{"avg_branching_factor":51.5747051981179,"nb_eval":3,"nb_expanded":2954781,"nb_generated":152391959,"nb_guide":152391971,"nb_sols_created":0,"nb_trashed":40798,"nodes_generated_per_sec":1693096.5,"time_searched":90.0078353881836}