{"avg_branching_factor":326.32430368617196,"nb_eval":4,"nb_expanded":4410619,"nb_generated":1439292174,"nb_guide":1439292183,"nb_sols_created":0,"nb_trashed":9877,"nodes_generated_per_sec":1332674.25,"time_searched":1080.0029296875}