{"avg_branching_factor":50.51454523504711,"nb_eval":9,"nb_expanded":2973723,"nb_generated":150216265,"nb_guide":150216271,"nb_sols_created":0,"nb_trashed":38420,"nodes_generated_per_sec":1668923.0,"time_searched":90.0079116821289}