{"avg_branching_factor":259.80847098493325,"nb_eval":8,"nb_expanded":1355899,"nb_generated":352274046,"nb_guide":352274050,"nb_sols_created":0,"nb_trashed":12973,"nodes_generated_per_sec":559164.5625,"time_searched":630.0006713867188}