{"avg_branching_factor":57.67735617074567,"nb_eval":44,"nb_expanded":4823080,"nb_generated":278182503,"nb_guide":278182475,"nb_sols_created":0,"nb_trashed":53886,"nodes_generated_per_sec":1030076.625,"time_searched":270.05999755859375}