{"avg_branching_factor":457.9402675302795,"nb_eval":24,"nb_expanded":2656746,"nb_generated":1216630974,"nb_guide":1216630962,"nb_sols_created":0,"nb_trashed":2308,"nodes_generated_per_sec":1689762.75,"time_searched":720.0010375976562}