{"avg_branching_factor":468.46630847756205,"nb_eval":10,"nb_expanded":4816078,"nb_generated":2256170282,"nb_guide":2256170285,"nb_sols_created":0,"nb_trashed":9269,"nodes_generated_per_sec":1044521.25,"time_searched":2160.004150390625}