{"avg_branching_factor":392.193588780109,"nb_eval":14,"nb_expanded":4879477,"nb_generated":1913699596,"nb_guide":1913699595,"nb_sols_created":0,"nb_trashed":4092,"nodes_generated_per_sec":1012537.6875,"time_searched":1890.0032958984375}