{"avg_branching_factor":124.61652356245732,"nb_eval":2,"nb_expanded":1462687,"nb_generated":182274969,"nb_guide":182274980,"nb_sols_created":0,"nb_trashed":165218,"nodes_generated_per_sec":675086.25,"time_searched":270.00250244140625}