{"avg_branching_factor":56.59494788065724,"nb_eval":23,"nb_expanded":2521041,"nb_generated":142678184,"nb_guide":142678176,"nb_sols_created":0,"nb_trashed":31681,"nodes_generated_per_sec":528381.625,"time_searched":270.0286560058594}