{"avg_branching_factor":237.78348151194527,"nb_eval":8,"nb_expanded":1337350,"nb_generated":317999739,"nb_guide":317999743,"nb_sols_created":0,"nb_trashed":67764,"nodes_generated_per_sec":706664.5,"time_searched":450.0010070800781}