{"avg_branching_factor":294.9417581135362,"nb_eval":11,"nb_expanded":1996879,"nb_generated":588963003,"nb_guide":588963004,"nb_sols_created":0,"nb_trashed":7034,"nodes_generated_per_sec":467430.5,"time_searched":1260.001220703125}