{"avg_branching_factor":100.51772450322248,"nb_eval":15,"nb_expanded":3192727,"nb_generated":320925653,"nb_guide":320925653,"nb_sols_created":0,"nb_trashed":37556,"nodes_generated_per_sec":1782832.75,"time_searched":180.00885009765625}