{"avg_branching_factor":384.1888639380448,"nb_eval":15,"nb_expanded":5073086,"nb_generated":1949023147,"nb_guide":1949023145,"nb_sols_created":0,"nb_trashed":4083,"nodes_generated_per_sec":1031226.3125,"time_searched":1890.0052490234375}