{"avg_branching_factor":289.1387724004951,"nb_eval":30,"nb_expanded":2615902,"nb_generated":756358693,"nb_guide":756358676,"nb_sols_created":0,"nb_trashed":4823,"nodes_generated_per_sec":1680786.875,"time_searched":450.00274658203125}