{"avg_branching_factor":145.22885928388098,"nb_eval":13,"nb_expanded":1357428,"nb_generated":197137720,"nb_guide":197137720,"nb_sols_created":0,"nb_trashed":9150,"nodes_generated_per_sec":730132.5625,"time_searched":270.0026550292969}