{"avg_branching_factor":112.40044006357171,"nb_eval":18,"nb_expanded":1911542,"nb_generated":214858162,"nb_guide":214858158,"nb_sols_created":0,"nb_trashed":10068,"nodes_generated_per_sec":596809.625,"time_searched":360.01123046875}