{"avg_branching_factor":233.97413269805267,"nb_eval":43,"nb_expanded":4650543,"nb_generated":1088106765,"nb_guide":1088106736,"nb_sols_created":0,"nb_trashed":9266,"nodes_generated_per_sec":1007493.8125,"time_searched":1080.0133056640625}