{"avg_branching_factor":324.15871443045205,"nb_eval":5,"nb_expanded":1436095,"nb_generated":465522709,"nb_guide":465522716,"nb_sols_created":0,"nb_trashed":26705,"nodes_generated_per_sec":738924.1875,"time_searched":630.0006713867188}