{"avg_branching_factor":99.6010137810769,"nb_eval":15,"nb_expanded":3252576,"nb_generated":323959867,"nb_guide":323959867,"nb_sols_created":0,"nb_trashed":20825,"nodes_generated_per_sec":1799655.75,"time_searched":180.0121307373047}