{"avg_branching_factor":409.4255827139845,"nb_eval":25,"nb_expanded":3966397,"nb_generated":1623944403,"nb_guide":1623944391,"nb_sols_created":0,"nb_trashed":4070,"nodes_generated_per_sec":1288842.375,"time_searched":1260.0023193359375}