{"avg_branching_factor":115.3016996466889,"nb_eval":17,"nb_expanded":2083433,"nb_generated":240223366,"nb_guide":240223363,"nb_sols_created":0,"nb_trashed":8834,"nodes_generated_per_sec":444847.125,"time_searched":540.0133056640625}