{"avg_branching_factor":58.01310091021492,"nb_eval":16,"nb_expanded":1927347,"nb_generated":111811376,"nb_guide":111811375,"nb_sols_created":0,"nb_trashed":27372,"nodes_generated_per_sec":621034.8125,"time_searched":180.04043579101562}