{"avg_branching_factor":460.3084082030804,"nb_eval":12,"nb_expanded":4157999,"nb_generated":1913961901,"nb_guide":1913961902,"nb_sols_created":0,"nb_trashed":16468,"nodes_generated_per_sec":1329138.0,"time_searched":1440.0023193359375}