{"avg_branching_factor":57.293414269798305,"nb_eval":23,"nb_expanded":4118951,"nb_generated":235988766,"nb_guide":235988759,"nb_sols_created":0,"nb_trashed":61900,"nodes_generated_per_sec":1310927.0,"time_searched":180.01670837402344}