{"avg_branching_factor":58.61397727746381,"nb_eval":22,"nb_expanded":2135237,"nb_generated":125154733,"nb_guide":125154726,"nb_sols_created":0,"nb_trashed":23107,"nodes_generated_per_sec":463478.0,"time_searched":270.0338134765625}