{"avg_branching_factor":377.3682855829784,"nb_eval":8,"nb_expanded":1999671,"nb_generated":754612417,"nb_guide":754612421,"nb_sols_created":0,"nb_trashed":6667,"nodes_generated_per_sec":598897.9375,"time_searched":1260.001708984375}