{"avg_branching_factor":286.51272506771346,"nb_eval":4,"nb_expanded":1462782,"nb_generated":419105657,"nb_guide":419105665,"nb_sols_created":0,"nb_trashed":76321,"nodes_generated_per_sec":776120.1875,"time_searched":540.0009765625}