{"avg_branching_factor":459.3406366226086,"nb_eval":19,"nb_expanded":2623658,"nb_generated":1205152736,"nb_guide":1205152729,"nb_sols_created":0,"nb_trashed":2028,"nodes_generated_per_sec":1673883.625,"time_searched":719.9740600585938}