{"avg_branching_factor":222.20131353731063,"nb_eval":9,"nb_expanded":1305178,"nb_generated":290012266,"nb_guide":290012269,"nb_sols_created":0,"nb_trashed":3367,"nodes_generated_per_sec":644468.75,"time_searched":450.0020446777344}