{"avg_branching_factor":334.84195857507416,"nb_eval":6,"nb_expanded":2793970,"nb_generated":935538387,"nb_guide":935538394,"nb_sols_created":0,"nb_trashed":9756,"nodes_generated_per_sec":1732472.0,"time_searched":540.0020141601562}