{"avg_branching_factor":150.47655803764775,"nb_eval":9,"nb_expanded":1274552,"nb_generated":191790198,"nb_guide":191790201,"nb_sols_created":0,"nb_trashed":47416,"nodes_generated_per_sec":304428.15625,"time_searched":630.00146484375}