{"avg_branching_factor":21.78969487452812,"nb_eval":12,"nb_expanded":1697990,"nb_generated":36998684,"nb_guide":36998687,"nb_sols_created":0,"nb_trashed":51568,"nodes_generated_per_sec":411008.71875,"time_searched":90.01921844482422}