{"avg_branching_factor":100.39993792096006,"nb_eval":42,"nb_expanded":3257138,"nb_generated":327016453,"nb_guide":327016426,"nb_sols_created":0,"nb_trashed":19370,"nodes_generated_per_sec":1816642.125,"time_searched":180.01148986816406}