{"avg_branching_factor":135.17148751213486,"nb_eval":9,"nb_expanded":1450368,"nb_generated":196048400,"nb_guide":196048404,"nb_sols_created":0,"nb_trashed":62039,"nodes_generated_per_sec":726098.625,"time_searched":270.00244140625}