{"avg_branching_factor":116.08332331997397,"nb_eval":10,"nb_expanded":4327552,"nb_generated":502356618,"nb_guide":502356623,"nb_sols_created":0,"nb_trashed":17463,"nodes_generated_per_sec":1395376.75,"time_searched":360.0150451660156}