{"avg_branching_factor":456.0922996138835,"nb_eval":26,"nb_expanded":2679502,"nb_generated":1222100229,"nb_guide":1222100215,"nb_sols_created":0,"nb_trashed":2126,"nodes_generated_per_sec":1697359.875,"time_searched":720.0006713867188}