{"avg_branching_factor":468.2135705006884,"nb_eval":18,"nb_expanded":4629586,"nb_generated":2167634991,"nb_guide":2167634986,"nb_sols_created":0,"nb_trashed":4077,"nodes_generated_per_sec":1003533.0,"time_searched":2160.003662109375}