{"avg_branching_factor":231.25719638026382,"nb_eval":14,"nb_expanded":4177100,"nb_generated":965984435,"nb_guide":965984435,"nb_sols_created":0,"nb_trashed":8178,"nodes_generated_per_sec":1341625.125,"time_searched":720.0106811523438}