{"avg_branching_factor":115.40008260769284,"nb_eval":43,"nb_expanded":5077009,"nb_generated":585887258,"nb_guide":585887230,"nb_sols_created":0,"nb_trashed":22613,"nodes_generated_per_sec":1084915.0,"time_searched":540.030517578125}