{"avg_branching_factor":266.71610994369655,"nb_eval":12,"nb_expanded":2030603,"nb_generated":541594533,"nb_guide":541594533,"nb_sols_created":0,"nb_trashed":4690,"nodes_generated_per_sec":429836.625,"time_searched":1260.0009765625}