{"avg_branching_factor":78.23953970301936,"nb_eval":12,"nb_expanded":1434639,"nb_generated":112245495,"nb_guide":112245496,"nb_sols_created":0,"nb_trashed":4176,"nodes_generated_per_sec":623643.5625,"time_searched":179.98341369628906}