{"avg_branching_factor":216.38619454214088,"nb_eval":3,"nb_expanded":1445805,"nb_generated":312852242,"nb_guide":312852251,"nb_sols_created":0,"nb_trashed":108950,"nodes_generated_per_sec":579355.25,"time_searched":540.000732421875}