{"avg_branching_factor":263.2088341873518,"nb_eval":8,"nb_expanded":1162348,"nb_generated":305940262,"nb_guide":305940266,"nb_sols_created":0,"nb_trashed":8019,"nodes_generated_per_sec":679865.375,"time_searched":450.0012512207031}