{"avg_branching_factor":115.31801579240334,"nb_eval":40,"nb_expanded":4182264,"nb_generated":482290386,"nb_guide":482290361,"nb_sols_created":0,"nb_trashed":17277,"nodes_generated_per_sec":1339601.125,"time_searched":360.025390625}