{"avg_branching_factor":52.9957799830392,"nb_eval":17,"nb_expanded":2923211,"nb_generated":154917847,"nb_guide":154917845,"nb_sols_created":0,"nb_trashed":20889,"nodes_generated_per_sec":1721092.875,"time_searched":90.01132202148438}