{"avg_branching_factor":228.86133743015876,"nb_eval":44,"nb_expanded":4043456,"nb_generated":925390748,"nb_guide":925390718,"nb_sols_created":0,"nb_trashed":8453,"nodes_generated_per_sec":1285248.0,"time_searched":720.0094604492188}