{"avg_branching_factor":46.81890708944404,"nb_eval":41,"nb_expanded":1679497,"nb_generated":78632214,"nb_guide":78632188,"nb_sols_created":0,"nb_trashed":57049,"nodes_generated_per_sec":873581.375,"time_searched":90.01132202148438}