{"avg_branching_factor":246.1513910631601,"nb_eval":20,"nb_expanded":1936792,"nb_generated":476744045,"nb_guide":476744038,"nb_sols_created":0,"nb_trashed":6760,"nodes_generated_per_sec":441427.8125,"time_searched":1080.0045166015625}