{"avg_branching_factor":352.0342934059299,"nb_eval":17,"nb_expanded":5743524,"nb_generated":2021917413,"nb_guide":2021917410,"nb_sols_created":0,"nb_trashed":19830,"nodes_generated_per_sec":1069794.375,"time_searched":1890.0057373046875}