{"avg_branching_factor":47.836518154263295,"nb_eval":24,"nb_expanded":1658178,"nb_generated":79321462,"nb_guide":79321453,"nb_sols_created":0,"nb_trashed":37758,"nodes_generated_per_sec":881237.6875,"time_searched":90.01142883300781}