{"avg_branching_factor":361.33930354775913,"nb_eval":15,"nb_expanded":2961926,"nb_generated":1070260278,"nb_guide":1070260276,"nb_sols_created":0,"nb_trashed":4080,"nodes_generated_per_sec":1698820.625,"time_searched":630.001953125}