{"avg_branching_factor":234.0491550288561,"nb_eval":39,"nb_expanded":4644774,"nb_generated":1087105430,"nb_guide":1087105405,"nb_sols_created":0,"nb_trashed":8401,"nodes_generated_per_sec":1006570.0,"time_searched":1080.009765625}