{"avg_branching_factor":230.92451966208134,"nb_eval":19,"nb_expanded":2033152,"nb_generated":469504649,"nb_guide":469504643,"nb_sols_created":0,"nb_trashed":5324,"nodes_generated_per_sec":434725.15625,"time_searched":1080.00341796875}