{"avg_branching_factor":236.67057242132643,"nb_eval":12,"nb_expanded":2084531,"nb_generated":493347145,"nb_guide":493347145,"nb_sols_created":0,"nb_trashed":16361,"nodes_generated_per_sec":391544.78125,"time_searched":1260.0018310546875}