{"avg_branching_factor":151.24441117984344,"nb_eval":21,"nb_expanded":2451054,"nb_generated":370708219,"nb_guide":370708212,"nb_sols_created":0,"nb_trashed":11335,"nodes_generated_per_sec":457657.90625,"time_searched":810.0115966796875}