{"avg_branching_factor":186.98415371474726,"nb_eval":13,"nb_expanded":1937615,"nb_generated":362303301,"nb_guide":362303301,"nb_sols_created":0,"nb_trashed":34933,"nodes_generated_per_sec":503196.8125,"time_searched":720.003173828125}