{"avg_branching_factor":113.76642736862443,"nb_eval":15,"nb_expanded":5279330,"nb_generated":600610513,"nb_guide":600610513,"nb_sols_created":0,"nb_trashed":26714,"nodes_generated_per_sec":1112202.5,"time_searched":540.01904296875}