{"avg_branching_factor":418.6464963145925,"nb_eval":6,"nb_expanded":1736443,"nb_generated":726955778,"nb_guide":726955784,"nb_sols_created":0,"nb_trashed":5360,"nodes_generated_per_sec":576948.3125,"time_searched":1260.0015869140625}