{"avg_branching_factor":57.16131049414979,"nb_eval":15,"nb_expanded":4052334,"nb_generated":231636722,"nb_guide":231636723,"nb_sols_created":0,"nb_trashed":59748,"nodes_generated_per_sec":1286639.0,"time_searched":180.03240966796875}