{"avg_branching_factor":160.219148920878,"nb_eval":10,"nb_expanded":5287076,"nb_generated":847090817,"nb_guide":847090822,"nb_sols_created":0,"nb_trashed":16376,"nodes_generated_per_sec":1045766.125,"time_searched":810.0193481445312}