{"avg_branching_factor":327.5666641415444,"nb_eval":15,"nb_expanded":4382626,"nb_generated":1435602179,"nb_guide":1435602177,"nb_sols_created":0,"nb_trashed":4449,"nodes_generated_per_sec":1329258.0,"time_searched":1080.002685546875}