{"avg_branching_factor":454.31411851101547,"nb_eval":42,"nb_expanded":3949000,"nb_generated":1794086454,"nb_guide":1794086425,"nb_sols_created":0,"nb_trashed":4112,"nodes_generated_per_sec":1245891.0,"time_searched":1440.002685546875}