{"avg_branching_factor":286.32970516276026,"nb_eval":16,"nb_expanded":2187512,"nb_generated":626349666,"nb_guide":626349663,"nb_sols_created":0,"nb_trashed":7965,"nodes_generated_per_sec":463961.15625,"time_searched":1350.004638671875}