{"avg_branching_factor":359.8138930037006,"nb_eval":17,"nb_expanded":2937896,"nb_generated":1057095797,"nb_guide":1057095793,"nb_sols_created":0,"nb_trashed":5145,"nodes_generated_per_sec":1677925.25,"time_searched":630.001708984375}