{"avg_branching_factor":314.1789922052642,"nb_eval":10,"nb_expanded":1405564,"nb_generated":441598681,"nb_guide":441598683,"nb_sols_created":0,"nb_trashed":4136,"nodes_generated_per_sec":700949.75,"time_searched":630.00048828125}