{"avg_branching_factor":52.55309689319952,"nb_eval":21,"nb_expanded":2937234,"nb_generated":154360743,"nb_guide":154360737,"nb_sols_created":0,"nb_trashed":25876,"nodes_generated_per_sec":1714903.75,"time_searched":90.01131439208984}