{"avg_branching_factor":349.52928132381794,"nb_eval":36,"nb_expanded":3677122,"nb_generated":1285261810,"nb_guide":1285261787,"nb_sols_created":0,"nb_trashed":4166,"nodes_generated_per_sec":1190052.375,"time_searched":1080.00439453125}