{"avg_branching_factor":460.4252724621294,"nb_eval":13,"nb_expanded":1926231,"nb_generated":886885433,"nb_guide":886885432,"nb_sols_created":0,"nb_trashed":3003,"nodes_generated_per_sec":615891.9375,"time_searched":1440.001708984375}