{"avg_branching_factor":408.29184660228003,"nb_eval":36,"nb_expanded":3840031,"nb_generated":1567853348,"nb_guide":1567853325,"nb_sols_created":0,"nb_trashed":4106,"nodes_generated_per_sec":1244325.75,"time_searched":1260.0023193359375}