{"avg_branching_factor":48.86046812759395,"nb_eval":31,"nb_expanded":1629513,"nb_generated":79618768,"nb_guide":79618752,"nb_sols_created":0,"nb_trashed":21531,"nodes_generated_per_sec":884546.5625,"time_searched":90.01082611083984}