{"avg_branching_factor":58.61411635868158,"nb_eval":16,"nb_expanded":2131272,"nb_generated":124922625,"nb_guide":124922624,"nb_sols_created":0,"nb_trashed":22876,"nodes_generated_per_sec":462645.0625,"time_searched":270.0182800292969}