{"avg_branching_factor":55.55295192445935,"nb_eval":21,"nb_expanded":1766678,"nb_generated":98144178,"nb_guide":98144172,"nb_sols_created":0,"nb_trashed":33356,"nodes_generated_per_sec":545187.4375,"time_searched":180.01914978027344}