{"avg_branching_factor":169.22325819156498,"nb_eval":27,"nb_expanded":2901094,"nb_generated":490932579,"nb_guide":490932566,"nb_sols_created":0,"nb_trashed":9561,"nodes_generated_per_sec":1818224.625,"time_searched":270.0065612792969}