{"avg_branching_factor":234.54335280643127,"nb_eval":18,"nb_expanded":4758873,"nb_generated":1116162029,"nb_guide":1116162025,"nb_sols_created":0,"nb_trashed":8173,"nodes_generated_per_sec":1033473.6875,"time_searched":1080.0101318359375}