{"avg_branching_factor":452.45651280093483,"nb_eval":32,"nb_expanded":3913347,"nb_generated":1770619337,"nb_guide":1770619318,"nb_sols_created":0,"nb_trashed":4098,"nodes_generated_per_sec":1229594.625,"time_searched":1440.0025634765625}