{"avg_branching_factor":290.0548626053829,"nb_eval":27,"nb_expanded":5102820,"nb_generated":1480097754,"nb_guide":1480097741,"nb_sols_created":0,"nb_trashed":17784,"nodes_generated_per_sec":1096360.25,"time_searched":1350.010498046875}