{"avg_branching_factor":236.3840519940025,"nb_eval":11,"nb_expanded":2042851,"nb_generated":482897397,"nb_guide":482897398,"nb_sols_created":0,"nb_trashed":4071,"nodes_generated_per_sec":447126.78125,"time_searched":1080.0010986328125}