{"avg_branching_factor":168.75732100753697,"nb_eval":46,"nb_expanded":2890415,"nb_generated":487778692,"nb_guide":487778660,"nb_sols_created":0,"nb_trashed":9816,"nodes_generated_per_sec":1806527.25,"time_searched":270.009033203125}