{"avg_branching_factor":261.84406988583976,"nb_eval":46,"nb_expanded":4304563,"nb_generated":1127124295,"nb_guide":1127124263,"nb_sols_created":0,"nb_trashed":8236,"nodes_generated_per_sec":1252347.25,"time_searched":900.0093994140625}