{"avg_branching_factor":212.46919127217993,"nb_eval":13,"nb_expanded":1458921,"nb_generated":309975765,"nb_guide":309975764,"nb_sols_created":0,"nb_trashed":2090,"nodes_generated_per_sec":861042.3125,"time_searched":360.0006408691406}