{"avg_branching_factor":112.42194871388095,"nb_eval":19,"nb_expanded":2067538,"nb_generated":232436651,"nb_guide":232436646,"nb_sols_created":0,"nb_trashed":14590,"nodes_generated_per_sec":645639.5625,"time_searched":360.0099182128906}