{"avg_branching_factor":46.237052672290496,"nb_eval":19,"nb_expanded":1644432,"nb_generated":76033689,"nb_guide":76033685,"nb_sols_created":0,"nb_trashed":119702,"nodes_generated_per_sec":844683.25,"time_searched":90.01443481445312}