{"avg_branching_factor":110.60958228676549,"nb_eval":28,"nb_expanded":1809088,"nb_generated":200102468,"nb_guide":200102454,"nb_sols_created":0,"nb_trashed":18129,"nodes_generated_per_sec":555825.875,"time_searched":360.0092468261719}