{"avg_branching_factor":315.1216440470634,"nb_eval":7,"nb_expanded":1966878,"nb_generated":619805829,"nb_guide":619805834,"nb_sols_created":0,"nb_trashed":9317,"nodes_generated_per_sec":573893.875,"time_searched":1080.000732421875}