{"avg_branching_factor":223.94594858031354,"nb_eval":14,"nb_expanded":2780297,"nb_generated":622636249,"nb_guide":622636248,"nb_sols_created":0,"nb_trashed":4085,"nodes_generated_per_sec":1729531.125,"time_searched":360.0028991699219}