{"avg_branching_factor":266.3975250200437,"nb_eval":12,"nb_expanded":2059249,"nb_generated":548578837,"nb_guide":548578838,"nb_sols_created":0,"nb_trashed":7123,"nodes_generated_per_sec":609529.8125,"time_searched":900.0032958984375}