{"avg_branching_factor":323.98106084876684,"nb_eval":15,"nb_expanded":2231779,"nb_generated":723054128,"nb_guide":723054125,"nb_sols_created":0,"nb_trashed":2542,"nodes_generated_per_sec":446329.46875,"time_searched":1620.0008544921875}