{"avg_branching_factor":214.83288779424478,"nb_eval":8,"nb_expanded":1455166,"nb_generated":312617514,"nb_guide":312617518,"nb_sols_created":0,"nb_trashed":12554,"nodes_generated_per_sec":496217.6875,"time_searched":630.000732421875}