{"avg_branching_factor":57.17686381174451,"nb_eval":44,"nb_expanded":2441958,"nb_generated":139623500,"nb_guide":139623471,"nb_sols_created":0,"nb_trashed":42893,"nodes_generated_per_sec":517094.09375,"time_searched":270.0156555175781}