{"avg_branching_factor":166.17586307280467,"nb_eval":11,"nb_expanded":1404951,"nb_generated":233468945,"nb_guide":233468946,"nb_sols_created":0,"nb_trashed":2964,"nodes_generated_per_sec":648522.875,"time_searched":360.0010986328125}