{"avg_branching_factor":358.84302615462207,"nb_eval":11,"nb_expanded":1734875,"nb_generated":622547795,"nb_guide":622547796,"nb_sols_created":0,"nb_trashed":3159,"nodes_generated_per_sec":576432.375,"time_searched":1080.00146484375}