{"avg_branching_factor":172.36322356794966,"nb_eval":11,"nb_expanded":1392060,"nb_generated":239939949,"nb_guide":239939950,"nb_sols_created":0,"nb_trashed":2988,"nodes_generated_per_sec":666497.625,"time_searched":360.001220703125}