{"avg_branching_factor":57.18401132677473,"nb_eval":33,"nb_expanded":4039985,"nb_generated":231022548,"nb_guide":231022531,"nb_sols_created":0,"nb_trashed":34185,"nodes_generated_per_sec":1283184.625,"time_searched":180.03843688964844}