{"avg_branching_factor":460.8885166950779,"nb_eval":4,"nb_expanded":2600497,"nb_generated":1198539205,"nb_guide":1198539213,"nb_sols_created":0,"nb_trashed":2917,"nodes_generated_per_sec":1664636.0,"time_searched":720.0007934570312}