{"avg_branching_factor":468.10190831029155,"nb_eval":21,"nb_expanded":4558745,"nb_generated":2133957234,"nb_guide":2133957226,"nb_sols_created":0,"nb_trashed":4077,"nodes_generated_per_sec":987941.375,"time_searched":2160.00390625}