{"avg_branching_factor":171.6765475433928,"nb_eval":17,"nb_expanded":2014160,"nb_generated":345784035,"nb_guide":345784031,"nb_sols_created":0,"nb_trashed":6733,"nodes_generated_per_sec":426889.0625,"time_searched":810.0090942382812}