{"avg_branching_factor":57.564916289410064,"nb_eval":43,"nb_expanded":2427172,"nb_generated":139719953,"nb_guide":139719925,"nb_sols_created":0,"nb_trashed":24023,"nodes_generated_per_sec":517420.9375,"time_searched":270.031494140625}