{"avg_branching_factor":314.0348043570972,"nb_eval":8,"nb_expanded":1125520,"nb_generated":353452453,"nb_guide":353452457,"nb_sols_created":0,"nb_trashed":16832,"nodes_generated_per_sec":654540.5625,"time_searched":540.0008544921875}