{"avg_branching_factor":332.56524979438956,"nb_eval":18,"nb_expanded":2798982,"nb_generated":930844148,"nb_guide":930844143,"nb_sols_created":0,"nb_trashed":6429,"nodes_generated_per_sec":1723778.625,"time_searched":540.0021362304688}