{"avg_branching_factor":57.10425292298772,"nb_eval":48,"nb_expanded":4090763,"nb_generated":233599965,"nb_guide":233599933,"nb_sols_created":0,"nb_trashed":37799,"nodes_generated_per_sec":1297480.25,"time_searched":180.041259765625}