{"avg_branching_factor":470.66190750409186,"nb_eval":2,"nb_expanded":4865772,"nb_generated":2290133531,"nb_guide":2290133542,"nb_sols_created":0,"nb_trashed":15112,"nodes_generated_per_sec":1060244.875,"time_searched":2160.00439453125}