{"avg_branching_factor":168.67326442398564,"nb_eval":16,"nb_expanded":2899268,"nb_generated":489028998,"nb_guide":489028996,"nb_sols_created":0,"nb_trashed":8178,"nodes_generated_per_sec":1811291.75,"time_searched":269.98907470703125}