{"avg_branching_factor":332.9100014312274,"nb_eval":15,"nb_expanded":2808778,"nb_generated":935070288,"nb_guide":935070286,"nb_sols_created":0,"nb_trashed":4573,"nodes_generated_per_sec":1731598.125,"time_searched":540.0042114257812}