{"avg_branching_factor":116.37955931385035,"nb_eval":20,"nb_expanded":2104264,"nb_generated":244893317,"nb_guide":244893311,"nb_sols_created":0,"nb_trashed":9313,"nodes_generated_per_sec":453497.21875,"time_searched":540.0106201171875}