{"avg_branching_factor":57.44806427584652,"nb_eval":25,"nb_expanded":4932366,"nb_generated":283354879,"nb_guide":283354870,"nb_sols_created":0,"nb_trashed":37131,"nodes_generated_per_sec":1049257.125,"time_searched":270.0528564453125}