{"avg_branching_factor":149.92114099458885,"nb_eval":23,"nb_expanded":2440888,"nb_generated":365940714,"nb_guide":365940705,"nb_sols_created":0,"nb_trashed":10076,"nodes_generated_per_sec":451773.15625,"time_searched":810.0098266601562}