{"avg_branching_factor":460.5568078177321,"nb_eval":21,"nb_expanded":4114953,"nb_generated":1895169618,"nb_guide":1895169610,"nb_sols_created":0,"nb_trashed":5352,"nodes_generated_per_sec":1316087.125,"time_searched":1440.003173828125}