{"avg_branching_factor":57.52121922014154,"nb_eval":8,"nb_expanded":4981545,"nb_generated":286544542,"nb_guide":286544550,"nb_sols_created":0,"nb_trashed":81697,"nodes_generated_per_sec":1061187.0,"time_searched":270.0226745605469}