{"avg_branching_factor":323.66055927301136,"nb_eval":15,"nb_expanded":5370758,"nb_generated":1738302538,"nb_guide":1738302537,"nb_sols_created":0,"nb_trashed":11013,"nodes_generated_per_sec":1073022.375,"time_searched":1620.0059814453125}