{"avg_branching_factor":409.2355178762255,"nb_eval":18,"nb_expanded":3933073,"nb_generated":1609553166,"nb_guide":1609553161,"nb_sols_created":0,"nb_trashed":4080,"nodes_generated_per_sec":1277420.0,"time_searched":1260.0030517578125}