{"avg_branching_factor":170.7293574248821,"nb_eval":40,"nb_expanded":3993821,"nb_generated":681862493,"nb_guide":681862467,"nb_sols_created":0,"nb_trashed":8888,"nodes_generated_per_sec":1262687.75,"time_searched":540.0087890625}