{"avg_branching_factor":50.096245557350564,"nb_eval":40,"nb_expanded":3172375,"nb_generated":158924077,"nb_guide":158924053,"nb_sols_created":0,"nb_trashed":38284,"nodes_generated_per_sec":1765499.25,"time_searched":90.01651000976562}