{"avg_branching_factor":154.72271951421624,"nb_eval":15,"nb_expanded":4682248,"nb_generated":724450144,"nb_guide":724450144,"nb_sols_created":0,"nb_trashed":55921,"nodes_generated_per_sec":1341554.25,"time_searched":540.0081176757812}