{"avg_branching_factor":394.7677494025875,"nb_eval":10,"nb_expanded":2191116,"nb_generated":864981932,"nb_guide":864981934,"nb_sols_created":0,"nb_trashed":9387,"nodes_generated_per_sec":400454.125,"time_searched":2160.002685546875}