{"avg_branching_factor":328.37609460371135,"nb_eval":18,"nb_expanded":5328755,"nb_generated":1749835756,"nb_guide":1749835752,"nb_sols_created":0,"nb_trashed":19422,"nodes_generated_per_sec":1080141.75,"time_searched":1620.0057373046875}