{"avg_branching_factor":162.32989250914224,"nb_eval":16,"nb_expanded":5360828,"nb_generated":870222633,"nb_guide":870222632,"nb_sols_created":0,"nb_trashed":44722,"nodes_generated_per_sec":1074332.875,"time_searched":810.0121459960938}