{"avg_branching_factor":50.126579329485445,"nb_eval":40,"nb_expanded":1678323,"nb_generated":84128591,"nb_guide":84128566,"nb_sols_created":0,"nb_trashed":16867,"nodes_generated_per_sec":934630.4375,"time_searched":90.01268005371094}