{"avg_branching_factor":171.00538054955078,"nb_eval":18,"nb_expanded":2000725,"nb_generated":342134740,"nb_guide":342134735,"nb_sols_created":0,"nb_trashed":5120,"nodes_generated_per_sec":422385.8125,"time_searched":810.0053100585938}