{"avg_branching_factor":229.27853117875276,"nb_eval":30,"nb_expanded":4050595,"nb_generated":928714472,"nb_guide":928714456,"nb_sols_created":0,"nb_trashed":9814,"nodes_generated_per_sec":1289867.0,"time_searched":720.0079345703125}