{"avg_branching_factor":346.71400087258786,"nb_eval":38,"nb_expanded":3843739,"nb_generated":1332678127,"nb_guide":1332678102,"nb_sols_created":0,"nb_trashed":4532,"nodes_generated_per_sec":1233958.0,"time_searched":1080.0028076171875}