{"avg_branching_factor":145.22880493296663,"nb_eval":5,"nb_expanded":1668124,"nb_generated":242259655,"nb_guide":242259662,"nb_sols_created":0,"nb_trashed":113159,"nodes_generated_per_sec":336471.40625,"time_searched":720.000732421875}