{"avg_branching_factor":55.09579899821249,"nb_eval":8,"nb_expanded":1589359,"nb_generated":87567004,"nb_guide":87567009,"nb_sols_created":0,"nb_trashed":250343,"nodes_generated_per_sec":243239.421875,"time_searched":360.00335693359375}