{"avg_branching_factor":114.7021099603878,"nb_eval":16,"nb_expanded":1771929,"nb_generated":203243995,"nb_guide":203243993,"nb_sols_created":0,"nb_trashed":15340,"nodes_generated_per_sec":564552.625,"time_searched":360.0089416503906}