{"avg_branching_factor":22.914761714978425,"nb_eval":17,"nb_expanded":1686132,"nb_generated":38637313,"nb_guide":38637311,"nb_sols_created":0,"nb_trashed":31769,"nodes_generated_per_sec":429206.34375,"time_searched":90.0203628540039}