{"avg_branching_factor":458.37961349050346,"nb_eval":23,"nb_expanded":2641384,"nb_generated":1210756577,"nb_guide":1210756566,"nb_sols_created":0,"nb_trashed":2252,"nodes_generated_per_sec":1681605.0,"time_searched":720.0006103515625}