{"avg_branching_factor":392.91711654402025,"nb_eval":13,"nb_expanded":2430292,"nb_generated":954903325,"nb_guide":954903324,"nb_sols_created":0,"nb_trashed":2281,"nodes_generated_per_sec":505239.3125,"time_searched":1890.001953125}