{"avg_branching_factor":151.35262693852235,"nb_eval":13,"nb_expanded":4849828,"nb_generated":734034208,"nb_guide":734034210,"nb_sols_created":0,"nb_trashed":42109,"nodes_generated_per_sec":1359305.625,"time_searched":540.0067138671875}