{"avg_branching_factor":299.4140773810174,"nb_eval":11,"nb_expanded":1372869,"nb_generated":411056305,"nb_guide":411056306,"nb_sols_created":0,"nb_trashed":2037,"nodes_generated_per_sec":761214.1875,"time_searched":540.0008544921875}