{"avg_branching_factor":360.66528651468667,"nb_eval":16,"nb_expanded":2960302,"nb_generated":1067678169,"nb_guide":1067678166,"nb_sols_created":0,"nb_trashed":8654,"nodes_generated_per_sec":1694723.875,"time_searched":630.001220703125}