{"avg_branching_factor":359.89381373234,"nb_eval":15,"nb_expanded":2939834,"nb_generated":1058028070,"nb_guide":1058028068,"nb_sols_created":0,"nb_trashed":4081,"nodes_generated_per_sec":1679401.25,"time_searched":630.003173828125}