{"avg_branching_factor":267.5506098490999,"nb_eval":12,"nb_expanded":2032470,"nb_generated":543788588,"nb_guide":543788589,"nb_sols_created":0,"nb_trashed":7172,"nodes_generated_per_sec":604207.1875,"time_searched":900.0035400390625}