{"avg_branching_factor":57.81522427044971,"nb_eval":26,"nb_expanded":4174558,"nb_generated":241353007,"nb_guide":241352997,"nb_sols_created":0,"nb_trashed":39313,"nodes_generated_per_sec":1340474.625,"time_searched":180.0504150390625}