{"avg_branching_factor":328.6362226763078,"nb_eval":10,"nb_expanded":1442704,"nb_generated":474124793,"nb_guide":474124795,"nb_sols_created":0,"nb_trashed":2981,"nodes_generated_per_sec":752577.875,"time_searched":630.0009765625}