{"avg_branching_factor":169.1731600545053,"nb_eval":34,"nb_expanded":4086208,"nb_generated":691276720,"nb_guide":691276700,"nb_sols_created":0,"nb_trashed":8471,"nodes_generated_per_sec":1280122.25,"time_searched":540.0083618164062}