{"avg_branching_factor":332.6757853070544,"nb_eval":39,"nb_expanded":2794130,"nb_generated":929539392,"nb_guide":929539366,"nb_sols_created":0,"nb_trashed":5839,"nodes_generated_per_sec":1721361.625,"time_searched":540.0023803710938}