{"avg_branching_factor":325.1327565876594,"nb_eval":6,"nb_expanded":5376720,"nb_generated":1748147795,"nb_guide":1748147803,"nb_sols_created":0,"nb_trashed":20667,"nodes_generated_per_sec":1079098.0,"time_searched":1620.0084228515625}