{"avg_branching_factor":115.26988996817398,"nb_eval":26,"nb_expanded":5043359,"nb_generated":581347437,"nb_guide":581347426,"nb_sols_created":0,"nb_trashed":16358,"nodes_generated_per_sec":1076529.25,"time_searched":540.0201416015625}