{"avg_branching_factor":464.14833596121713,"nb_eval":20,"nb_expanded":2124650,"nb_generated":986152762,"nb_guide":986152754,"nb_sols_created":0,"nb_trashed":2114,"nodes_generated_per_sec":684827.875,"time_searched":1440.0009765625}