{"avg_branching_factor":492.646279077476,"nb_eval":8,"nb_expanded":1991146,"nb_generated":980930668,"nb_guide":980930672,"nb_sols_created":0,"nb_trashed":4695,"nodes_generated_per_sec":454134.3125,"time_searched":2160.001220703125}