{"avg_branching_factor":485.23905215701865,"nb_eval":13,"nb_expanded":1972352,"nb_generated":957062215,"nb_guide":957062214,"nb_sols_created":0,"nb_trashed":3226,"nodes_generated_per_sec":443084.15625,"time_searched":2160.0009765625}