{"avg_branching_factor":290.82539997898124,"nb_eval":11,"nb_expanded":2692829,"nb_generated":783143071,"nb_guide":783143073,"nb_sols_created":0,"nb_trashed":7579,"nodes_generated_per_sec":1740310.375,"time_searched":450.001953125}