{"avg_branching_factor":279.5703876439789,"nb_eval":8,"nb_expanded":1386401,"nb_generated":387596665,"nb_guide":387596669,"nb_sols_created":0,"nb_trashed":2077,"nodes_generated_per_sec":717770.5625,"time_searched":540.0007934570312}