{"avg_branching_factor":169.35081671397154,"nb_eval":21,"nb_expanded":2926055,"nb_generated":495529804,"nb_guide":495529797,"nb_sols_created":0,"nb_trashed":8603,"nodes_generated_per_sec":1835232.25,"time_searched":270.0093078613281}