{"avg_branching_factor":364.73270184442663,"nb_eval":11,"nb_expanded":1558750,"nb_generated":568527099,"nb_guide":568527099,"nb_sols_created":0,"nb_trashed":1565,"nodes_generated_per_sec":789620.75,"time_searched":720.0001831054688}