{"avg_branching_factor":380.24756175217715,"nb_eval":13,"nb_expanded":5158725,"nb_generated":1961592603,"nb_guide":1961592603,"nb_sols_created":0,"nb_trashed":4084,"nodes_generated_per_sec":1037878.1875,"time_searched":1890.002685546875}