{"avg_branching_factor":234.77500769395985,"nb_eval":16,"nb_expanded":2151038,"nb_generated":505009963,"nb_guide":505009960,"nb_sols_created":0,"nb_trashed":5690,"nodes_generated_per_sec":467599.59375,"time_searched":1080.005126953125}