{"avg_branching_factor":237.5419397990983,"nb_eval":7,"nb_expanded":1723828,"nb_generated":409481447,"nb_guide":409481453,"nb_sols_created":0,"nb_trashed":9778,"nodes_generated_per_sec":568720.9375,"time_searched":720.004150390625}