{"avg_branching_factor":278.13913508910315,"nb_eval":10,"nb_expanded":2165356,"nb_generated":602270245,"nb_guide":602270248,"nb_sols_created":0,"nb_trashed":6852,"nodes_generated_per_sec":446124.0,"time_searched":1350.0064697265625}