{"avg_branching_factor":159.40633491855937,"nb_eval":40,"nb_expanded":5234795,"nb_generated":834459485,"nb_guide":834459460,"nb_sols_created":0,"nb_trashed":17190,"nodes_generated_per_sec":1030159.0625,"time_searched":810.0297241210938}