{"avg_branching_factor":154.23696370755061,"nb_eval":9,"nb_expanded":1712009,"nb_generated":264055070,"nb_guide":264055073,"nb_sols_created":0,"nb_trashed":85725,"nodes_generated_per_sec":419134.78125,"time_searched":630.0003662109375}