{"avg_branching_factor":410.6301919200041,"nb_eval":18,"nb_expanded":4129012,"nb_generated":1695496990,"nb_guide":1695496985,"nb_sols_created":0,"nb_trashed":10852,"nodes_generated_per_sec":1345630.625,"time_searched":1260.001708984375}