{"avg_branching_factor":55.00269278552432,"nb_eval":25,"nb_expanded":1836017,"nb_generated":100985879,"nb_guide":100985869,"nb_sols_created":0,"nb_trashed":22562,"nodes_generated_per_sec":560979.6875,"time_searched":180.01699829101562}