{"avg_branching_factor":259.5067395401279,"nb_eval":14,"nb_expanded":1965416,"nb_generated":510038698,"nb_guide":510038697,"nb_sols_created":0,"nb_trashed":7085,"nodes_generated_per_sec":566708.375,"time_searched":900.0020751953125}