{"avg_branching_factor":110.05990414377561,"nb_eval":20,"nb_expanded":1834414,"nb_generated":201895429,"nb_guide":201895423,"nb_sols_created":0,"nb_trashed":10852,"nodes_generated_per_sec":560807.5625,"time_searched":360.0083923339844}