{"avg_branching_factor":50.3235045999787,"nb_eval":32,"nb_expanded":3163819,"nb_generated":159214460,"nb_guide":159214444,"nb_sols_created":0,"nb_trashed":38653,"nodes_generated_per_sec":1768472.375,"time_searched":90.02937316894531}