{"avg_branching_factor":159.76857770511162,"nb_eval":9,"nb_expanded":5236734,"nb_generated":836665543,"nb_guide":836665549,"nb_sols_created":0,"nb_trashed":16451,"nodes_generated_per_sec":1032888.8125,"time_searched":810.0247802734375}