{"avg_branching_factor":55.471587257096566,"nb_eval":19,"nb_expanded":1302215,"nb_generated":72235933,"nb_guide":72235928,"nb_sols_created":0,"nb_trashed":12479,"nodes_generated_per_sec":802556.0625,"time_searched":90.00733947753906}