{"avg_branching_factor":233.69703287397292,"nb_eval":46,"nb_expanded":4678534,"nb_generated":1093359514,"nb_guide":1093359482,"nb_sols_created":0,"nb_trashed":8221,"nodes_generated_per_sec":1012362.6875,"time_searched":1080.0076904296875}