{"avg_branching_factor":229.94952110978036,"nb_eval":27,"nb_expanded":5182503,"nb_generated":1191714083,"nb_guide":1191714070,"nb_sols_created":0,"nb_trashed":10594,"nodes_generated_per_sec":1103432.75,"time_searched":1080.006103515625}