{"avg_branching_factor":158.03526637491078,"nb_eval":52,"nb_expanded":5198181,"nb_generated":821495919,"nb_guide":821495882,"nb_sols_created":0,"nb_trashed":16754,"nodes_generated_per_sec":1014159.625,"time_searched":810.0262451171875}