{"avg_branching_factor":411.1376291193839,"nb_eval":16,"nb_expanded":4102889,"nb_generated":1686852056,"nb_guide":1686852053,"nb_sols_created":0,"nb_trashed":9058,"nodes_generated_per_sec":1338769.5,"time_searched":1260.0018310546875}