{"avg_branching_factor":334.21408361407566,"nb_eval":20,"nb_expanded":2835934,"nb_generated":947809083,"nb_guide":947809076,"nb_sols_created":0,"nb_trashed":4743,"nodes_generated_per_sec":1755191.75,"time_searched":540.003173828125}