{"avg_branching_factor":154.28446701710047,"nb_eval":25,"nb_expanded":4694372,"nb_generated":724268682,"nb_guide":724268671,"nb_sols_created":0,"nb_trashed":22765,"nodes_generated_per_sec":1341222.5,"time_searched":540.00634765625}