{"avg_branching_factor":454.78008939821973,"nb_eval":18,"nb_expanded":1951493,"nb_generated":887500161,"nb_guide":887500155,"nb_sols_created":0,"nb_trashed":3029,"nodes_generated_per_sec":410879.28125,"time_searched":2160.002197265625}