{"avg_branching_factor":169.42729847223777,"nb_eval":29,"nb_expanded":2928728,"nb_generated":496206473,"nb_guide":496206458,"nb_sols_created":0,"nb_trashed":9475,"nodes_generated_per_sec":1837741.25,"time_searched":270.0088806152344}