{"avg_branching_factor":116.64144004531826,"nb_eval":12,"nb_expanded":2217208,"nb_generated":258618334,"nb_guide":258618336,"nb_sols_created":0,"nb_trashed":9202,"nodes_generated_per_sec":478910.875,"time_searched":540.0134887695312}