{"avg_branching_factor":57.327600278690156,"nb_eval":13,"nb_expanded":4018800,"nb_generated":230388160,"nb_guide":230388163,"nb_sols_created":0,"nb_trashed":54192,"nodes_generated_per_sec":1279789.875,"time_searched":180.02029418945312}