{"avg_branching_factor":115.37339689463631,"nb_eval":38,"nb_expanded":4192488,"nb_generated":483701582,"nb_guide":483701559,"nb_sols_created":0,"nb_trashed":17026,"nodes_generated_per_sec":1343552.875,"time_searched":360.01678466796875}