{"avg_branching_factor":55.69763839240329,"nb_eval":21,"nb_expanded":1819735,"nb_generated":101354942,"nb_guide":101354936,"nb_sols_created":0,"nb_trashed":26561,"nodes_generated_per_sec":563027.4375,"time_searched":180.0177764892578}