{"avg_branching_factor":177.03416877799182,"nb_eval":18,"nb_expanded":1614310,"nb_generated":285788029,"nb_guide":285788024,"nb_sols_created":0,"nb_trashed":38885,"nodes_generated_per_sec":793853.625,"time_searched":360.00091552734375}