{"avg_branching_factor":210.29189345865112,"nb_eval":11,"nb_expanded":2135584,"nb_generated":449096003,"nb_guide":449096005,"nb_sols_created":0,"nb_trashed":19910,"nodes_generated_per_sec":498993.78125,"time_searched":900.003173828125}