{"avg_branching_factor":290.1871234822372,"nb_eval":11,"nb_expanded":5195970,"nb_generated":1507803588,"nb_guide":1507803591,"nb_sols_created":0,"nb_trashed":17176,"nodes_generated_per_sec":1116884.5,"time_searched":1350.008544921875}