{"avg_branching_factor":347.5529849414571,"nb_eval":27,"nb_expanded":3799438,"nb_generated":1320506018,"nb_guide":1320506004,"nb_sols_created":0,"nb_trashed":4557,"nodes_generated_per_sec":1222686.875,"time_searched":1080.00341796875}