{"avg_branching_factor":55.383062503019666,"nb_eval":37,"nb_expanded":2732092,"nb_generated":151311622,"nb_guide":151311600,"nb_sols_created":0,"nb_trashed":16452,"nodes_generated_per_sec":1680719.75,"time_searched":90.02787017822266}