{"avg_branching_factor":233.51962742457627,"nb_eval":16,"nb_expanded":4754903,"nb_generated":1110363177,"nb_guide":1110363175,"nb_sols_created":0,"nb_trashed":8175,"nodes_generated_per_sec":1028102.25,"time_searched":1080.0123291015625}