{"avg_branching_factor":443.73131306718307,"nb_eval":9,"nb_expanded":1260065,"nb_generated":559130297,"nb_guide":559130299,"nb_sols_created":0,"nb_trashed":1015,"nodes_generated_per_sec":776569.3125,"time_searched":720.00048828125}