{"avg_branching_factor":379.63917918852735,"nb_eval":7,"nb_expanded":5171955,"nb_generated":1963476751,"nb_guide":1963476757,"nb_sols_created":0,"nb_trashed":4123,"nodes_generated_per_sec":1038874.3125,"time_searched":1890.004150390625}