{"avg_branching_factor":170.06580359310604,"nb_eval":39,"nb_expanded":4032333,"nb_generated":685761952,"nb_guide":685761927,"nb_sols_created":0,"nb_trashed":8358,"nodes_generated_per_sec":1269904.625,"time_searched":540.0105590820312}