{"avg_branching_factor":94.62392068781413,"nb_eval":15,"nb_expanded":1629510,"nb_generated":154190625,"nb_guide":154190624,"nb_sols_created":0,"nb_trashed":26342,"nodes_generated_per_sec":856599.625,"time_searched":180.00314331054688}