{"avg_branching_factor":114.67324543640099,"nb_eval":57,"nb_expanded":5148075,"nb_generated":590346468,"nb_guide":590346426,"nb_sols_created":0,"nb_trashed":24477,"nodes_generated_per_sec":1093176.625,"time_searched":540.0284423828125}