{"avg_branching_factor":365.4159021845542,"nb_eval":10,"nb_expanded":2160395,"nb_generated":789442688,"nb_guide":789442690,"nb_sols_created":0,"nb_trashed":114246,"nodes_generated_per_sec":548223.75,"time_searched":1440.0008544921875}