{"avg_branching_factor":115.53380699666509,"nb_eval":35,"nb_expanded":4214808,"nb_generated":486952814,"nb_guide":486952794,"nb_sols_created":0,"nb_trashed":18264,"nodes_generated_per_sec":1352549.625,"time_searched":360.02581787109375}