{"avg_branching_factor":474.4380368259954,"nb_eval":17,"nb_expanded":1820073,"nb_generated":863511861,"nb_guide":863511856,"nb_sols_created":0,"nb_trashed":3175,"nodes_generated_per_sec":599660.6875,"time_searched":1440.0008544921875}