{"avg_branching_factor":156.05533420514558,"nb_eval":10,"nb_expanded":1275504,"nb_generated":199049203,"nb_guide":199049206,"nb_sols_created":0,"nb_trashed":9693,"nodes_generated_per_sec":737212.6875,"time_searched":270.0024108886719}