{"avg_branching_factor":113.12674028277856,"nb_eval":14,"nb_expanded":1993857,"nb_generated":225558543,"nb_guide":225558543,"nb_sols_created":0,"nb_trashed":11141,"nodes_generated_per_sec":626534.375,"time_searched":360.0098571777344}