{"avg_branching_factor":403.4691633315033,"nb_eval":40,"nb_expanded":4524516,"nb_generated":1825502685,"nb_guide":1825502658,"nb_sols_created":0,"nb_trashed":4939,"nodes_generated_per_sec":965871.8125,"time_searched":1890.005126953125}