{"avg_branching_factor":285.3478254630338,"nb_eval":5,"nb_expanded":1463392,"nb_generated":417575725,"nb_guide":417575732,"nb_sols_created":0,"nb_trashed":70026,"nodes_generated_per_sec":773287.8125,"time_searched":540.0003662109375}