{"avg_branching_factor":148.45025138829092,"nb_eval":10,"nb_expanded":2603741,"nb_generated":386526006,"nb_guide":386526010,"nb_sols_created":0,"nb_trashed":25111,"nodes_generated_per_sec":477188.0,"time_searched":810.0078125}