{"avg_branching_factor":167.5642870432651,"nb_eval":28,"nb_expanded":4176137,"nb_generated":699771419,"nb_guide":699771405,"nb_sols_created":0,"nb_trashed":9168,"nodes_generated_per_sec":1295858.75,"time_searched":540.0059204101562}