{"avg_branching_factor":460.9576517260745,"nb_eval":3,"nb_expanded":2594297,"nb_generated":1195861053,"nb_guide":1195861062,"nb_sols_created":0,"nb_trashed":2949,"nodes_generated_per_sec":1660915.75,"time_searched":720.0009765625}