{"avg_branching_factor":20.43757288508069,"nb_eval":13,"nb_expanded":1707311,"nb_generated":34893293,"nb_guide":34893295,"nb_sols_created":0,"nb_trashed":41609,"nodes_generated_per_sec":387630.0625,"time_searched":90.0169906616211}