{"avg_branching_factor":454.3302189906595,"nb_eval":30,"nb_expanded":3952680,"nb_generated":1795821970,"nb_guide":1795821953,"nb_sols_created":0,"nb_trashed":4133,"nodes_generated_per_sec":1247095.625,"time_searched":1440.00341796875}