{"avg_branching_factor":317.94873926121903,"nb_eval":15,"nb_expanded":5430784,"nb_generated":1726710926,"nb_guide":1726710925,"nb_sols_created":0,"nb_trashed":50041,"nodes_generated_per_sec":1065865.125,"time_searched":1620.0087890625}