{"avg_branching_factor":112.44117957848799,"nb_eval":21,"nb_expanded":1892710,"nb_generated":212818545,"nb_guide":212818538,"nb_sols_created":0,"nb_trashed":11904,"nodes_generated_per_sec":591149.0625,"time_searched":360.00823974609375}