{"avg_branching_factor":46.17917236057604,"nb_eval":12,"nb_expanded":1578441,"nb_generated":72891099,"nb_guide":72891101,"nb_sols_created":0,"nb_trashed":34314,"nodes_generated_per_sec":809843.9375,"time_searched":90.00634765625}