{"avg_branching_factor":149.3796337317388,"nb_eval":10,"nb_expanded":1460405,"nb_generated":218154764,"nb_guide":218154766,"nb_sols_created":0,"nb_trashed":3260,"nodes_generated_per_sec":605983.625,"time_searched":360.0010986328125}