{"avg_branching_factor":331.64419921875,"nb_eval":8,"nb_expanded":2764800,"nb_generated":916929882,"nb_guide":916929887,"nb_sols_created":0,"nb_trashed":5677,"nodes_generated_per_sec":1698011.375,"time_searched":540.002197265625}