{"avg_branching_factor":310.2208787098519,"nb_eval":11,"nb_expanded":2906147,"nb_generated":901547476,"nb_guide":901547478,"nb_sols_created":0,"nb_trashed":15459,"nodes_generated_per_sec":477008.6875,"time_searched":1890.002197265625}