{"avg_branching_factor":274.2362116705661,"nb_eval":21,"nb_expanded":2259719,"nb_generated":619696778,"nb_guide":619696770,"nb_sols_created":0,"nb_trashed":10381,"nodes_generated_per_sec":459033.5625,"time_searched":1350.003173828125}