{"avg_branching_factor":273.4941749684372,"nb_eval":6,"nb_expanded":4501349,"nb_generated":1231092731,"nb_guide":1231092739,"nb_sols_created":0,"nb_trashed":19284,"nodes_generated_per_sec":1367873.625,"time_searched":900.0047607421875}