{"avg_branching_factor":58.77427892639809,"nb_eval":20,"nb_expanded":2099959,"nb_generated":123423576,"nb_guide":123423571,"nb_sols_created":0,"nb_trashed":23181,"nodes_generated_per_sec":457075.28125,"time_searched":270.02899169921875}