{"avg_branching_factor":453.99046096656747,"nb_eval":31,"nb_expanded":2710023,"nb_generated":1230324591,"nb_guide":1230324572,"nb_sols_created":0,"nb_trashed":2234,"nodes_generated_per_sec":1708782.25,"time_searched":720.0007934570312}