{"avg_branching_factor":225.39987673068885,"nb_eval":11,"nb_expanded":1301216,"nb_generated":293293926,"nb_guide":293293927,"nb_sols_created":0,"nb_trashed":2853,"nodes_generated_per_sec":651762.5625,"time_searched":450.0011901855469}