{"avg_branching_factor":267.23168622106266,"nb_eval":27,"nb_expanded":2209989,"nb_generated":590579087,"nb_guide":590579073,"nb_sols_created":0,"nb_trashed":4660,"nodes_generated_per_sec":656196.0625,"time_searched":900.0039672851562}