{"avg_branching_factor":116.84848919475527,"nb_eval":18,"nb_expanded":2001019,"nb_generated":233816047,"nb_guide":233816043,"nb_sols_created":0,"nb_trashed":13436,"nodes_generated_per_sec":432984.21875,"time_searched":540.0105590820312}