{"avg_branching_factor":288.6262197525603,"nb_eval":23,"nb_expanded":2661093,"nb_generated":768061213,"nb_guide":768061203,"nb_sols_created":0,"nb_trashed":4415,"nodes_generated_per_sec":1706788.25,"time_searched":450.0037841796875}