{"avg_branching_factor":104.60496270008541,"nb_eval":12,"nb_expanded":1512604,"nb_generated":158225885,"nb_guide":158225886,"nb_sols_created":0,"nb_trashed":4116,"nodes_generated_per_sec":879017.875,"time_searched":180.00303649902344}