{"avg_branching_factor":309.0671791232584,"nb_eval":15,"nb_expanded":2373014,"nb_generated":733420743,"nb_guide":733420740,"nb_sols_created":0,"nb_trashed":3291,"nodes_generated_per_sec":452728.53125,"time_searched":1620.0010986328125}