{"avg_branching_factor":455.5170504194744,"nb_eval":22,"nb_expanded":2689318,"nb_generated":1225030203,"nb_guide":1225030193,"nb_sols_created":0,"nb_trashed":2205,"nodes_generated_per_sec":1701428.875,"time_searched":720.0007934570312}