{"avg_branching_factor":250.36801538491528,"nb_eval":8,"nb_expanded":1641608,"nb_generated":411006137,"nb_guide":411006141,"nb_sols_created":0,"nb_trashed":63064,"nodes_generated_per_sec":652389.75,"time_searched":630.0009155273438}