{"avg_branching_factor":455.1367295034196,"nb_eval":12,"nb_expanded":1985197,"nb_generated":903536070,"nb_guide":903536070,"nb_sols_created":0,"nb_trashed":2159,"nodes_generated_per_sec":418303.5,"time_searched":2160.001220703125}