{"avg_branching_factor":486.73318571249143,"nb_eval":12,"nb_expanded":2022298,"nb_generated":984319548,"nb_guide":984319548,"nb_sols_created":0,"nb_trashed":4016,"nodes_generated_per_sec":455703.1875,"time_searched":2160.00146484375}