{"avg_branching_factor":336.80399575628496,"nb_eval":2,"nb_expanded":2773042,"nb_generated":933971626,"nb_guide":933971637,"nb_sols_created":0,"nb_trashed":14168,"nodes_generated_per_sec":1729569.75,"time_searched":540.0023193359375}