{"avg_branching_factor":123.12972876361826,"nb_eval":11,"nb_expanded":1381968,"nb_generated":170161345,"nb_guide":170161347,"nb_sols_created":0,"nb_trashed":6289,"nodes_generated_per_sec":630218.625,"time_searched":270.003662109375}