{"avg_branching_factor":212.2506466105154,"nb_eval":13,"nb_expanded":2954638,"nb_generated":627123826,"nb_guide":627123826,"nb_sols_created":0,"nb_trashed":29142,"nodes_generated_per_sec":1742000.0,"time_searched":360.002197265625}