{"avg_branching_factor":57.16884240168963,"nb_eval":47,"nb_expanded":4126345,"nb_generated":235898367,"nb_guide":235898336,"nb_sols_created":0,"nb_trashed":35340,"nodes_generated_per_sec":1310128.5,"time_searched":180.05743408203125}