{"avg_branching_factor":118.42072915710567,"nb_eval":16,"nb_expanded":2211677,"nb_generated":261908403,"nb_guide":261908401,"nb_sols_created":0,"nb_trashed":12758,"nodes_generated_per_sec":485008.6875,"time_searched":540.0076293945312}