{"avg_branching_factor":159.79177673706985,"nb_eval":38,"nb_expanded":5254970,"nb_generated":839700993,"nb_guide":839700970,"nb_sols_created":0,"nb_trashed":19036,"nodes_generated_per_sec":1036635.3125,"time_searched":810.0254516601562}