{"avg_branching_factor":311.5239776996485,"nb_eval":31,"nb_expanded":5101803,"nb_generated":1589333964,"nb_guide":1589333947,"nb_sols_created":0,"nb_trashed":9266,"nodes_generated_per_sec":981063.1875,"time_searched":1620.0118408203125}