{"avg_branching_factor":286.032288124847,"nb_eval":12,"nb_expanded":1356412,"nb_generated":387977628,"nb_guide":387977628,"nb_sols_created":0,"nb_trashed":2257,"nodes_generated_per_sec":862169.5,"time_searched":450.0015869140625}