{"avg_branching_factor":272.7186087359288,"nb_eval":8,"nb_expanded":4507958,"nb_generated":1229404034,"nb_guide":1229404040,"nb_sols_created":0,"nb_trashed":18152,"nodes_generated_per_sec":1365994.875,"time_searched":900.00634765625}