{"avg_branching_factor":110.6741945324672,"nb_eval":13,"nb_expanded":2386378,"nb_generated":264110463,"nb_guide":264110464,"nb_sols_created":0,"nb_trashed":13063,"nodes_generated_per_sec":489081.28125,"time_searched":540.013427734375}