{"avg_branching_factor":168.3726648170802,"nb_eval":30,"nb_expanded":2916688,"nb_generated":491090531,"nb_guide":491090515,"nb_sols_created":0,"nb_trashed":17295,"nodes_generated_per_sec":1818823.75,"time_searched":270.00445556640625}