{"avg_branching_factor":474.83231175488646,"nb_eval":8,"nb_expanded":1225065,"nb_generated":581700446,"nb_guide":581700449,"nb_sols_created":0,"nb_trashed":6047,"nodes_generated_per_sec":807916.75,"time_searched":720.0004272460938}