{"avg_branching_factor":288.8235344133798,"nb_eval":4,"nb_expanded":1517157,"nb_generated":438190647,"nb_guide":438190655,"nb_sols_created":0,"nb_trashed":97423,"nodes_generated_per_sec":695540.25,"time_searched":630.0004272460938}