{"avg_branching_factor":65.2015544420781,"nb_eval":12,"nb_expanded":1516171,"nb_generated":98856706,"nb_guide":98856707,"nb_sols_created":0,"nb_trashed":4927,"nodes_generated_per_sec":549225.0625,"time_searched":179.99307250976562}