{"avg_branching_factor":318.0249818499108,"nb_eval":5,"nb_expanded":1938007,"nb_generated":616334641,"nb_guide":616334648,"nb_sols_created":0,"nb_trashed":9957,"nodes_generated_per_sec":570679.3125,"time_searched":1080.001708984375}