{"avg_branching_factor":348.082761351111,"nb_eval":37,"nb_expanded":3765997,"nb_generated":1310878635,"nb_guide":1310878611,"nb_sols_created":0,"nb_trashed":4063,"nodes_generated_per_sec":1213774.125,"time_searched":1080.0020751953125}