{"avg_branching_factor":103.13634217595107,"nb_eval":8,"nb_expanded":620593,"nb_generated":64005692,"nb_guide":64005695,"nb_sols_created":0,"nb_trashed":11952,"nodes_generated_per_sec":295006.96875,"time_searched":216.9633331298828}