{"avg_branching_factor":166.37281804628313,"nb_eval":2,"nb_expanded":1613806,"nb_generated":268493452,"nb_guide":268493462,"nb_sols_created":0,"nb_trashed":127186,"nodes_generated_per_sec":426179.65625,"time_searched":630.0006103515625}