{"avg_branching_factor":331.88659386292113,"nb_eval":17,"nb_expanded":2795369,"nb_generated":927745496,"nb_guide":927745492,"nb_sols_created":0,"nb_trashed":5460,"nodes_generated_per_sec":1718041.75,"time_searched":540.001708984375}