{"avg_branching_factor":466.92472899945966,"nb_eval":30,"nb_expanded":4402851,"nb_generated":2055800010,"nb_guide":2055799993,"nb_sols_created":0,"nb_trashed":4130,"nodes_generated_per_sec":951757.375,"time_searched":2160.00439453125}