{"avg_branching_factor":159.37829786712186,"nb_eval":33,"nb_expanded":2609338,"nb_generated":415871849,"nb_guide":415871830,"nb_sols_created":0,"nb_trashed":11172,"nodes_generated_per_sec":513415.84375,"time_searched":810.009765625}