{"avg_branching_factor":115.36206475217341,"nb_eval":15,"nb_expanded":1878269,"nb_generated":216680990,"nb_guide":216680989,"nb_sols_created":0,"nb_trashed":14545,"nodes_generated_per_sec":601871.9375,"time_searched":360.01177978515625}