{"avg_branching_factor":165.00716795255684,"nb_eval":8,"nb_expanded":5182791,"nb_generated":855197665,"nb_guide":855197672,"nb_sols_created":0,"nb_trashed":49645,"nodes_generated_per_sec":1055784.625,"time_searched":810.011474609375}