{"avg_branching_factor":171.963626720671,"nb_eval":34,"nb_expanded":3904872,"nb_generated":671495951,"nb_guide":671495931,"nb_sols_created":0,"nb_trashed":8166,"nodes_generated_per_sec":1243491.625,"time_searched":540.0084228515625}