{"avg_branching_factor":409.46132059150386,"nb_eval":12,"nb_expanded":3970963,"nb_generated":1625955754,"nb_guide":1625955755,"nb_sols_created":0,"nb_trashed":4087,"nodes_generated_per_sec":1290438.375,"time_searched":1260.0025634765625}