{"avg_branching_factor":408.4275441213154,"nb_eval":33,"nb_expanded":3848480,"nb_generated":1571825235,"nb_guide":1571825215,"nb_sols_created":0,"nb_trashed":4518,"nodes_generated_per_sec":1247475.875,"time_searched":1260.0045166015625}