{"avg_branching_factor":166.4598506897329,"nb_eval":11,"nb_expanded":1877031,"nb_generated":312450300,"nb_guide":312450302,"nb_sols_created":0,"nb_trashed":12755,"nodes_generated_per_sec":578606.8125,"time_searched":540.0045166015625}