{"avg_branching_factor":290.46748243512945,"nb_eval":5,"nb_expanded":1452046,"nb_generated":421772146,"nb_guide":421772153,"nb_sols_created":0,"nb_trashed":130162,"nodes_generated_per_sec":585794.25,"time_searched":720.0005493164062}