{"avg_branching_factor":264.16068251954124,"nb_eval":4,"nb_expanded":1309794,"nb_generated":345996077,"nb_guide":345996085,"nb_sols_created":0,"nb_trashed":85318,"nodes_generated_per_sec":768877.625,"time_searched":450.00146484375}