{"avg_branching_factor":274.9938864703773,"nb_eval":13,"nb_expanded":2213942,"nb_generated":608820515,"nb_guide":608820515,"nb_sols_created":0,"nb_trashed":5899,"nodes_generated_per_sec":450976.875,"time_searched":1350.00390625}