{"avg_branching_factor":257.75064472768094,"nb_eval":10,"nb_expanded":2256379,"nb_generated":581583142,"nb_guide":581583145,"nb_sols_created":0,"nb_trashed":12846,"nodes_generated_per_sec":646200.4375,"time_searched":900.0043334960938}