{"avg_branching_factor":214.05637408098943,"nb_eval":25,"nb_expanded":3004590,"nb_generated":643151641,"nb_guide":643151629,"nb_sols_created":0,"nb_trashed":5036,"nodes_generated_per_sec":1786522.75,"time_searched":360.0019226074219}