{"avg_branching_factor":460.1998739021568,"nb_eval":19,"nb_expanded":2607499,"nb_generated":1199970711,"nb_guide":1199970704,"nb_sols_created":0,"nb_trashed":2635,"nodes_generated_per_sec":1666623.375,"time_searched":720.0010986328125}