{"avg_branching_factor":132.38304049294615,"nb_eval":11,"nb_expanded":1367127,"nb_generated":180984429,"nb_guide":180984431,"nb_sols_created":0,"nb_trashed":4258,"nodes_generated_per_sec":670305.75,"time_searched":270.0028076171875}