{"avg_branching_factor":205.95120610821826,"nb_eval":15,"nb_expanded":1313771,"nb_generated":270572722,"nb_guide":270572719,"nb_sols_created":0,"nb_trashed":3435,"nodes_generated_per_sec":751589.4375,"time_searched":360.0007019042969}