{"avg_branching_factor":410.67402618227936,"nb_eval":18,"nb_expanded":4122101,"nb_generated":1692839814,"nb_guide":1692839809,"nb_sols_created":0,"nb_trashed":10852,"nodes_generated_per_sec":1343520.5,"time_searched":1260.0029296875}