{"avg_branching_factor":454.31960845280986,"nb_eval":30,"nb_expanded":3939755,"nb_generated":1789907949,"nb_guide":1789907932,"nb_sols_created":0,"nb_trashed":4195,"nodes_generated_per_sec":1242987.875,"time_searched":1440.00439453125}