{"avg_branching_factor":107.19724291343285,"nb_eval":14,"nb_expanded":2939117,"nb_generated":315065239,"nb_guide":315065239,"nb_sols_created":0,"nb_trashed":11567,"nodes_generated_per_sec":1750310.375,"time_searched":180.00535583496094}