{"avg_branching_factor":283.5374799311512,"nb_eval":17,"nb_expanded":1382740,"nb_generated":392058615,"nb_guide":392058610,"nb_sols_created":0,"nb_trashed":2179,"nodes_generated_per_sec":871238.75,"time_searched":450.0013732910156}