{"avg_branching_factor":233.95918277406597,"nb_eval":11,"nb_expanded":4288557,"nb_generated":1003347291,"nb_guide":1003347294,"nb_sols_created":0,"nb_trashed":17427,"nodes_generated_per_sec":1393526.5,"time_searched":720.005859375}