{"avg_branching_factor":52.96338097236107,"nb_eval":15,"nb_expanded":2895735,"nb_generated":153367916,"nb_guide":153367916,"nb_sols_created":0,"nb_trashed":33789,"nodes_generated_per_sec":1703929.75,"time_searched":90.00836181640625}