{"avg_branching_factor":50.255499612875525,"nb_eval":31,"nb_expanded":3148858,"nb_generated":158247432,"nb_guide":158247416,"nb_sols_created":0,"nb_trashed":17232,"nodes_generated_per_sec":1757953.5,"time_searched":90.01798248291016}