{"avg_branching_factor":457.6859588726759,"nb_eval":16,"nb_expanded":2582079,"nb_generated":1181781303,"nb_guide":1181781299,"nb_sols_created":0,"nb_trashed":3413,"nodes_generated_per_sec":1641360.75,"time_searched":720.0009155273438}