{"avg_branching_factor":280.46411678639106,"nb_eval":33,"nb_expanded":4780146,"nb_generated":1340659426,"nb_guide":1340659407,"nb_sols_created":0,"nb_trashed":8725,"nodes_generated_per_sec":993071.1875,"time_searched":1350.013427734375}