{"avg_branching_factor":211.3918850399871,"nb_eval":10,"nb_expanded":2082672,"nb_generated":440259960,"nb_guide":440259963,"nb_sols_created":0,"nb_trashed":11404,"nodes_generated_per_sec":611470.0,"time_searched":720.0025634765625}