{"avg_branching_factor":279.32441258616234,"nb_eval":11,"nb_expanded":2231689,"nb_generated":623365219,"nb_guide":623365221,"nb_sols_created":0,"nb_trashed":7241,"nodes_generated_per_sec":461750.25,"time_searched":1350.0052490234375}