{"avg_branching_factor":115.77915552122772,"nb_eval":15,"nb_expanded":2375785,"nb_generated":275066381,"nb_guide":275066380,"nb_sols_created":0,"nb_trashed":9308,"nodes_generated_per_sec":509374.625,"time_searched":540.0079956054688}