{"avg_branching_factor":260.9748347666711,"nb_eval":16,"nb_expanded":2077668,"nb_generated":542219063,"nb_guide":542219060,"nb_sols_created":0,"nb_trashed":7326,"nodes_generated_per_sec":602463.25,"time_searched":900.0035400390625}