{"avg_branching_factor":325.5033559016553,"nb_eval":18,"nb_expanded":2214904,"nb_generated":720958685,"nb_guide":720958679,"nb_sols_created":0,"nb_trashed":2328,"nodes_generated_per_sec":445035.84375,"time_searched":1620.0013427734375}