{"avg_branching_factor":156.66965505688765,"nb_eval":22,"nb_expanded":2322209,"nb_generated":363819683,"nb_guide":363819674,"nb_sols_created":0,"nb_trashed":5305,"nodes_generated_per_sec":449156.6875,"time_searched":810.0061645507812}