{"avg_branching_factor":331.48149488097835,"nb_eval":3,"nb_expanded":4295352,"nb_generated":1423829702,"nb_guide":1423829712,"nb_sols_created":0,"nb_trashed":8132,"nodes_generated_per_sec":1318356.875,"time_searched":1080.0032958984375}