{"avg_branching_factor":454.10195838628425,"nb_eval":18,"nb_expanded":2634516,"nb_generated":1196338875,"nb_guide":1196338869,"nb_sols_created":0,"nb_trashed":3310,"nodes_generated_per_sec":1661579.25,"time_searched":720.0010375976562}