{"avg_branching_factor":202.68387405864758,"nb_eval":6,"nb_expanded":1329603,"nb_generated":269489087,"nb_guide":269489094,"nb_sols_created":0,"nb_trashed":87235,"nodes_generated_per_sec":598860.875,"time_searched":450.0028381347656}