{"avg_branching_factor":273.8856813968289,"nb_eval":16,"nb_expanded":4517375,"nb_generated":1237244330,"nb_guide":1237244328,"nb_sols_created":0,"nb_trashed":19849,"nodes_generated_per_sec":1374710.5,"time_searched":900.0035400390625}