{"avg_branching_factor":461.95834784147684,"nb_eval":10,"nb_expanded":4158584,"nb_generated":1921092594,"nb_guide":1921092597,"nb_sols_created":0,"nb_trashed":6762,"nodes_generated_per_sec":1334089.25,"time_searched":1440.0030517578125}