{"avg_branching_factor":53.091946234738614,"nb_eval":18,"nb_expanded":2911843,"nb_generated":154595412,"nb_guide":154595409,"nb_sols_created":0,"nb_trashed":22970,"nodes_generated_per_sec":1717590.875,"time_searched":90.00711822509766}