{"avg_branching_factor":154.3158413090669,"nb_eval":7,"nb_expanded":1328091,"nb_generated":204945480,"nb_guide":204945486,"nb_sols_created":0,"nb_trashed":23976,"nodes_generated_per_sec":569290.5625,"time_searched":360.00152587890625}