{"avg_branching_factor":231.85256832815398,"nb_eval":17,"nb_expanded":2102574,"nb_generated":487487182,"nb_guide":487487178,"nb_sols_created":0,"nb_trashed":4955,"nodes_generated_per_sec":451375.28125,"time_searched":1080.004150390625}