{"avg_branching_factor":115.11983588341877,"nb_eval":19,"nb_expanded":5165840,"nb_generated":594690653,"nb_guide":594690649,"nb_sols_created":0,"nb_trashed":34728,"nodes_generated_per_sec":1101256.875,"time_searched":540.0108032226562}