{"avg_branching_factor":115.8981173120204,"nb_eval":27,"nb_expanded":2126534,"nb_generated":246461287,"nb_guide":246461274,"nb_sols_created":0,"nb_trashed":8953,"nodes_generated_per_sec":456402.40625,"time_searched":540.0087280273438}