{"avg_branching_factor":409.3923595227942,"nb_eval":15,"nb_expanded":4127360,"nb_generated":1689709649,"nb_guide":1689709647,"nb_sols_created":0,"nb_trashed":7384,"nodes_generated_per_sec":1341036.75,"time_searched":1260.0025634765625}