{"avg_branching_factor":162.50634664437897,"nb_eval":12,"nb_expanded":1981362,"nb_generated":321983900,"nb_guide":321983901,"nb_sols_created":0,"nb_trashed":14189,"nodes_generated_per_sec":596262.3125,"time_searched":540.0037841796875}