{"avg_branching_factor":278.4554685875865,"nb_eval":39,"nb_expanded":4733288,"nb_generated":1318009928,"nb_guide":1318009903,"nb_sols_created":0,"nb_trashed":8661,"nodes_generated_per_sec":976295.1875,"time_searched":1350.01171875}