{"avg_branching_factor":286.9517759264849,"nb_eval":16,"nb_expanded":2723142,"nb_generated":781410433,"nb_guide":781410430,"nb_sols_created":0,"nb_trashed":17503,"nodes_generated_per_sec":1736454.5,"time_searched":450.0033874511719}