{"avg_branching_factor":459.31030427997536,"nb_eval":21,"nb_expanded":4078645,"nb_generated":1873363676,"nb_guide":1873363668,"nb_sols_created":0,"nb_trashed":4076,"nodes_generated_per_sec":1300966.0,"time_searched":1439.97900390625}