{"avg_branching_factor":122.65832312725856,"nb_eval":11,"nb_expanded":1421539,"nb_generated":174363590,"nb_guide":174363592,"nb_sols_created":0,"nb_trashed":46761,"nodes_generated_per_sec":387471.28125,"time_searched":450.00390625}