{"avg_branching_factor":114.93414307628109,"nb_eval":24,"nb_expanded":5111581,"nb_generated":587495182,"nb_guide":587495173,"nb_sols_created":0,"nb_trashed":16557,"nodes_generated_per_sec":1087919.125,"time_searched":540.017333984375}