{"avg_branching_factor":57.50219459124678,"nb_eval":18,"nb_expanded":4892255,"nb_generated":281315399,"nb_guide":281315397,"nb_sols_created":0,"nb_trashed":36843,"nodes_generated_per_sec":1041643.625,"time_searched":270.0687561035156}