{"avg_branching_factor":319.0370230242405,"nb_eval":15,"nb_expanded":5270315,"nb_generated":1681425608,"nb_guide":1681425607,"nb_sols_created":0,"nb_trashed":8178,"nodes_generated_per_sec":1037908.375,"time_searched":1620.0135498046875}