{"avg_branching_factor":352.12003344870345,"nb_eval":11,"nb_expanded":5755679,"nb_generated":2026689882,"nb_guide":2026689885,"nb_sols_created":0,"nb_trashed":11890,"nodes_generated_per_sec":1072318.875,"time_searched":1890.0067138671875}