{"avg_branching_factor":285.0851458470771,"nb_eval":15,"nb_expanded":4996192,"nb_generated":1424340125,"nb_guide":1424340124,"nb_sols_created":0,"nb_trashed":8320,"nodes_generated_per_sec":1055059.75,"time_searched":1350.0089111328125}