{"avg_branching_factor":262.5225405351775,"nb_eval":34,"nb_expanded":4313784,"nb_generated":1132465535,"nb_guide":1132465515,"nb_sols_created":0,"nb_trashed":8721,"nodes_generated_per_sec":1258284.0,"time_searched":900.0078735351562}