{"avg_branching_factor":183.23569958847736,"nb_eval":15,"nb_expanded":1662120,"nb_generated":304559721,"nb_guide":304559719,"nb_sols_created":0,"nb_trashed":8530,"nodes_generated_per_sec":563995.4375,"time_searched":540.0038452148438}