{"avg_branching_factor":115.44799268098022,"nb_eval":37,"nb_expanded":5035647,"nb_generated":581355338,"nb_guide":581355316,"nb_sols_created":0,"nb_trashed":17873,"nodes_generated_per_sec":1076546.25,"time_searched":540.0189208984375}