{"avg_branching_factor":150.57103899549344,"nb_eval":6,"nb_expanded":1134567,"nb_generated":170832932,"nb_guide":170832939,"nb_sols_created":0,"nb_trashed":42494,"nodes_generated_per_sec":474533.34375,"time_searched":360.001953125}