{"avg_branching_factor":168.69223672923138,"nb_eval":14,"nb_expanded":4112648,"nb_generated":693771790,"nb_guide":693771790,"nb_sols_created":0,"nb_trashed":8178,"nodes_generated_per_sec":1284746.875,"time_searched":540.006591796875}