{"avg_branching_factor":347.3953025531077,"nb_eval":28,"nb_expanded":3804109,"nb_generated":1321529597,"nb_guide":1321529582,"nb_sols_created":0,"nb_trashed":4091,"nodes_generated_per_sec":1223634.375,"time_searched":1080.003662109375}