{"avg_branching_factor":453.4582091388499,"nb_eval":35,"nb_expanded":3934018,"nb_generated":1783912757,"nb_guide":1783912735,"nb_sols_created":0,"nb_trashed":4079,"nodes_generated_per_sec":1238826.0,"time_searched":1440.0025634765625}