{"avg_branching_factor":56.65926920380153,"nb_eval":34,"nb_expanded":2541502,"nb_generated":143999646,"nb_guide":143999627,"nb_sols_created":0,"nb_trashed":34221,"nodes_generated_per_sec":533276.0,"time_searched":270.02838134765625}