{"avg_branching_factor":363.39177010735375,"nb_eval":32,"nb_expanded":2968690,"nb_generated":1078797514,"nb_guide":1078797495,"nb_sols_created":0,"nb_trashed":5019,"nodes_generated_per_sec":1712372.25,"time_searched":630.0017700195312}