{"avg_branching_factor":217.29190654425787,"nb_eval":4,"nb_expanded":2937262,"nb_generated":638243260,"nb_guide":638243269,"nb_sols_created":0,"nb_trashed":6511,"nodes_generated_per_sec":1772885.125,"time_searched":360.0025939941406}