{"avg_branching_factor":58.15401974318038,"nb_eval":29,"nb_expanded":2110197,"nb_generated":122716438,"nb_guide":122716424,"nb_sols_created":0,"nb_trashed":21758,"nodes_generated_per_sec":454468.75,"time_searched":270.021728515625}