{"avg_branching_factor":411.30719316886854,"nb_eval":11,"nb_expanded":1973553,"nb_generated":811736545,"nb_guide":811736546,"nb_sols_created":0,"nb_trashed":4593,"nodes_generated_per_sec":563705.5,"time_searched":1440.0010986328125}