{"avg_branching_factor":130.92232079910823,"nb_eval":9,"nb_expanded":1337591,"nb_generated":175120518,"nb_guide":175120522,"nb_sols_created":0,"nb_trashed":16976,"nodes_generated_per_sec":648590.4375,"time_searched":270.0016784667969}