{"avg_branching_factor":498.4580781860072,"nb_eval":7,"nb_expanded":1755685,"nb_generated":875135371,"nb_guide":875135376,"nb_sols_created":0,"nb_trashed":5914,"nodes_generated_per_sec":607732.4375,"time_searched":1440.0010986328125}