{"avg_branching_factor":363.6428043457756,"nb_eval":17,"nb_expanded":1749285,"nb_generated":636114903,"nb_guide":636114898,"nb_sols_created":0,"nb_trashed":4335,"nodes_generated_per_sec":588994.5625,"time_searched":1080.001220703125}