{"avg_branching_factor":291.2038011978989,"nb_eval":4,"nb_expanded":2695887,"nb_generated":785052542,"nb_guide":785052551,"nb_sols_created":0,"nb_trashed":6104,"nodes_generated_per_sec":1744554.125,"time_searched":450.0018310546875}