{"avg_branching_factor":114.74570722176473,"nb_eval":31,"nb_expanded":5148880,"nb_generated":590811877,"nb_guide":590811861,"nb_sols_created":0,"nb_trashed":16920,"nodes_generated_per_sec":1094048.625,"time_searched":540.0234375}