{"avg_branching_factor":459.6886749750617,"nb_eval":15,"nb_expanded":4195355,"nb_generated":1928557181,"nb_guide":1928557179,"nb_sols_created":0,"nb_trashed":20954,"nodes_generated_per_sec":1339273.0,"time_searched":1440.0030517578125}