{"avg_branching_factor":180.91066196692645,"nb_eval":13,"nb_expanded":1714421,"nb_generated":310157038,"nb_guide":310157038,"nb_sols_created":0,"nb_trashed":7416,"nodes_generated_per_sec":574360.25,"time_searched":540.0043334960938}