{"avg_branching_factor":56.82420729036029,"nb_eval":18,"nb_expanded":5053742,"nb_generated":287174883,"nb_guide":287174881,"nb_sols_created":0,"nb_trashed":55021,"nodes_generated_per_sec":1063512.5,"time_searched":270.0249328613281}