{"avg_branching_factor":101.34476846349469,"nb_eval":19,"nb_expanded":3305807,"nb_generated":335026245,"nb_guide":335026241,"nb_sols_created":0,"nb_trashed":17254,"nodes_generated_per_sec":1861136.625,"time_searched":180.01162719726562}