{"avg_branching_factor":437.79353815369734,"nb_eval":7,"nb_expanded":2205933,"nb_generated":965743213,"nb_guide":965743218,"nb_sols_created":0,"nb_trashed":11354,"nodes_generated_per_sec":447103.09375,"time_searched":2160.001220703125}