{"avg_branching_factor":298.66647169955047,"nb_eval":12,"nb_expanded":2244823,"nb_generated":670453365,"nb_guide":670453366,"nb_sols_created":0,"nb_trashed":7421,"nodes_generated_per_sec":496630.4375,"time_searched":1350.004638671875}