{"avg_branching_factor":399.09358041210123,"nb_eval":8,"nb_expanded":2234645,"nb_generated":891832474,"nb_guide":891832478,"nb_sols_created":0,"nb_trashed":26351,"nodes_generated_per_sec":412885.0625,"time_searched":2160.001708984375}