{"avg_branching_factor":202.88659271788077,"nb_eval":7,"nb_expanded":2472522,"nb_generated":501641564,"nb_guide":501641569,"nb_sols_created":0,"nb_trashed":102760,"nodes_generated_per_sec":398128.03125,"time_searched":1260.0006103515625}