{"avg_branching_factor":455.0988992767604,"nb_eval":13,"nb_expanded":2647532,"nb_generated":1204888899,"nb_guide":1204888898,"nb_sols_created":0,"nb_trashed":6606,"nodes_generated_per_sec":1673454.25,"time_searched":720.0011596679688}