{"avg_branching_factor":262.3839422533608,"nb_eval":49,"nb_expanded":4312909,"nb_generated":1131638066,"nb_guide":1131638031,"nb_sols_created":0,"nb_trashed":8323,"nodes_generated_per_sec":1257364.375,"time_searched":900.0079956054688}