{"avg_branching_factor":117.45889766968664,"nb_eval":18,"nb_expanded":4147940,"nb_generated":487212460,"nb_guide":487212457,"nb_sols_created":0,"nb_trashed":58276,"nodes_generated_per_sec":1353339.25,"time_searched":360.00762939453125}