{"avg_branching_factor":362.3569406866302,"nb_eval":32,"nb_expanded":2965672,"nb_generated":1074631833,"nb_guide":1074631814,"nb_sols_created":0,"nb_trashed":4451,"nodes_generated_per_sec":1705758.375,"time_searched":630.0023803710938}