{"avg_branching_factor":56.13275898764981,"nb_eval":36,"nb_expanded":2654615,"nb_generated":149010864,"nb_guide":149010843,"nb_sols_created":0,"nb_trashed":20323,"nodes_generated_per_sec":551832.9375,"time_searched":270.0289306640625}