{"avg_branching_factor":452.7031731569249,"nb_eval":33,"nb_expanded":3918180,"nb_generated":1773772519,"nb_guide":1773772499,"nb_sols_created":0,"nb_trashed":4255,"nodes_generated_per_sec":1231784.375,"time_searched":1440.00244140625}