{"avg_branching_factor":155.86400285046116,"nb_eval":7,"nb_expanded":2500648,"nb_generated":389761007,"nb_guide":389761014,"nb_sols_created":0,"nb_trashed":41730,"nodes_generated_per_sec":481180.25,"time_searched":810.0103759765625}