{"avg_branching_factor":233.8347606343525,"nb_eval":41,"nb_expanded":4644547,"nb_generated":1086056536,"nb_guide":1086056509,"nb_sols_created":0,"nb_trashed":9027,"nodes_generated_per_sec":1005601.125,"time_searched":1080.00732421875}