{"avg_branching_factor":278.17011857546487,"nb_eval":28,"nb_expanded":4712948,"nb_generated":1311001304,"nb_guide":1311001290,"nb_sols_created":0,"nb_trashed":9028,"nodes_generated_per_sec":971103.75,"time_searched":1350.0115966796875}