{"avg_branching_factor":278.2706125174417,"nb_eval":15,"nb_expanded":2188003,"nb_generated":608856935,"nb_guide":608856933,"nb_sols_created":0,"nb_trashed":17479,"nodes_generated_per_sec":451003.8125,"time_searched":1350.0040283203125}