{"avg_branching_factor":272.80149939069753,"nb_eval":6,"nb_expanded":4500228,"nb_generated":1227668946,"nb_guide":1227668954,"nb_sols_created":0,"nb_trashed":18692,"nodes_generated_per_sec":1364066.5,"time_searched":900.0067138671875}