{"avg_branching_factor":278.9091170418017,"nb_eval":37,"nb_expanded":4731096,"nb_generated":1319545808,"nb_guide":1319545785,"nb_sols_created":0,"nb_trashed":8949,"nodes_generated_per_sec":977436.5,"time_searched":1350.0067138671875}