{"avg_branching_factor":116.22347408890012,"nb_eval":19,"nb_expanded":4290748,"nb_generated":498685639,"nb_guide":498685635,"nb_sols_created":0,"nb_trashed":18113,"nodes_generated_per_sec":1385153.375,"time_searched":360.02197265625}