{"avg_branching_factor":26.540431191485602,"nb_eval":18,"nb_expanded":1663159,"nb_generated":44140957,"nb_guide":44140954,"nb_sols_created":0,"nb_trashed":37266,"nodes_generated_per_sec":490381.65625,"time_searched":90.01347351074219}