{"avg_branching_factor":361.1506603412428,"nb_eval":9,"nb_expanded":2956956,"nb_generated":1067906612,"nb_guide":1067906616,"nb_sols_created":0,"nb_trashed":4086,"nodes_generated_per_sec":1695084.5,"time_searched":630.0020141601562}