{"avg_branching_factor":318.5617496884248,"nb_eval":12,"nb_expanded":5259565,"nb_generated":1675496229,"nb_guide":1675496231,"nb_sols_created":0,"nb_trashed":8189,"nodes_generated_per_sec":1034251.75,"time_searched":1620.008056640625}