{"avg_branching_factor":233.34855549467997,"nb_eval":12,"nb_expanded":4323937,"nb_generated":1008984453,"nb_guide":1008984455,"nb_sols_created":0,"nb_trashed":15411,"nodes_generated_per_sec":1401354.25,"time_searched":720.0067138671875}