{"avg_branching_factor":25.869093496390093,"nb_eval":16,"nb_expanded":1661262,"nb_generated":42975342,"nb_guide":42975341,"nb_sols_created":0,"nb_trashed":40354,"nodes_generated_per_sec":477407.9375,"time_searched":90.01807403564453}