{"avg_branching_factor":64.38813458124204,"nb_eval":10,"nb_expanded":1393478,"nb_generated":89723449,"nb_guide":89723453,"nb_sols_created":0,"nb_trashed":57897,"nodes_generated_per_sec":498446.40625,"time_searched":180.00621032714844}