{"avg_branching_factor":294.9395885943455,"nb_eval":15,"nb_expanded":2880466,"nb_generated":849563457,"nb_guide":849563455,"nb_sols_created":0,"nb_trashed":11414,"nodes_generated_per_sec":449503.9375,"time_searched":1890.0023193359375}