{"avg_branching_factor":318.46443567125124,"nb_eval":31,"nb_expanded":2599079,"nb_generated":827714227,"nb_guide":827714209,"nb_sols_created":0,"nb_trashed":5428,"nodes_generated_per_sec":510933.375,"time_searched":1620.0042724609375}