{"avg_branching_factor":212.59995638412076,"nb_eval":8,"nb_expanded":651139,"nb_generated":138432123,"nb_guide":138432126,"nb_sols_created":0,"nb_trashed":4459,"nodes_generated_per_sec":554827.9375,"time_searched":249.50460815429688}