{"avg_branching_factor":362.64125050363003,"nb_eval":36,"nb_expanded":2970931,"nb_generated":1077382133,"nb_guide":1077382110,"nb_sols_created":0,"nb_trashed":5294,"nodes_generated_per_sec":1710122.25,"time_searched":630.0029907226562}