{"avg_branching_factor":423.35084232069846,"nb_eval":13,"nb_expanded":1493671,"nb_generated":632346876,"nb_guide":632346874,"nb_sols_created":0,"nb_trashed":1107,"nodes_generated_per_sec":878259.3125,"time_searched":720.0001831054688}