{"avg_branching_factor":321.2402345508944,"nb_eval":20,"nb_expanded":2698263,"nb_generated":866790639,"nb_guide":866790632,"nb_sols_created":0,"nb_trashed":4147,"nodes_generated_per_sec":535054.5,"time_searched":1620.00439453125}