{"avg_branching_factor":321.85214328906113,"nb_eval":34,"nb_expanded":2660887,"nb_generated":856412184,"nb_guide":856412163,"nb_sols_created":0,"nb_trashed":4455,"nodes_generated_per_sec":528648.625,"time_searched":1620.002685546875}