{"avg_branching_factor":357.0890674704547,"nb_eval":18,"nb_expanded":2924154,"nb_generated":1044183425,"nb_guide":1044183420,"nb_sols_created":0,"nb_trashed":4588,"nodes_generated_per_sec":1657429.25,"time_searched":630.0018310546875}