{"avg_branching_factor":254.10380245388512,"nb_eval":9,"nb_expanded":2415598,"nb_generated":613812637,"nb_guide":613812641,"nb_sols_created":0,"nb_trashed":12151,"nodes_generated_per_sec":454674.0,"time_searched":1350.0059814453125}