{"avg_branching_factor":232.32908457041827,"nb_eval":15,"nb_expanded":5022560,"nb_generated":1166886767,"nb_guide":1166886766,"nb_sols_created":0,"nb_trashed":24524,"nodes_generated_per_sec":1080443.375,"time_searched":1080.00732421875}