{"avg_branching_factor":182.42851719607268,"nb_eval":5,"nb_expanded":1519911,"nb_generated":277275110,"nb_guide":277275117,"nb_sols_created":0,"nb_trashed":109087,"nodes_generated_per_sec":440118.53125,"time_searched":630.0009765625}