{"avg_branching_factor":264.1788992758172,"nb_eval":10,"nb_expanded":2373710,"nb_generated":627084095,"nb_guide":627084098,"nb_sols_created":0,"nb_trashed":12064,"nodes_generated_per_sec":464504.6875,"time_searched":1350.0059814453125}