{"avg_branching_factor":359.1700272097682,"nb_eval":6,"nb_expanded":2925420,"nb_generated":1050723181,"nb_guide":1050723188,"nb_sols_created":0,"nb_trashed":13340,"nodes_generated_per_sec":1667810.375,"time_searched":630.0015869140625}