{"avg_branching_factor":57.04580488955062,"nb_eval":24,"nb_expanded":4058737,"nb_generated":231533919,"nb_guide":231533911,"nb_sols_created":0,"nb_trashed":50470,"nodes_generated_per_sec":1286141.125,"time_searched":180.0221710205078}