{"avg_branching_factor":280.8618515478058,"nb_eval":35,"nb_expanded":4811650,"nb_generated":1351408928,"nb_guide":1351408907,"nb_sols_created":0,"nb_trashed":8568,"nodes_generated_per_sec":1001033.5,"time_searched":1350.013671875}