{"avg_branching_factor":330.9481101708441,"nb_eval":20,"nb_expanded":2788215,"nb_generated":922754485,"nb_guide":922754478,"nb_sols_created":0,"nb_trashed":4075,"nodes_generated_per_sec":1708796.125,"time_searched":540.002685546875}