{"avg_branching_factor":402.4951920125178,"nb_eval":39,"nb_expanded":4560536,"nb_generated":1835593813,"nb_guide":1835593787,"nb_sols_created":0,"nb_trashed":5432,"nodes_generated_per_sec":971212.1875,"time_searched":1890.0029296875}