{"avg_branching_factor":109.01823689232653,"nb_eval":12,"nb_expanded":2018436,"nb_generated":220046334,"nb_guide":220046336,"nb_sols_created":0,"nb_trashed":16384,"nodes_generated_per_sec":611222.125,"time_searched":360.01043701171875}