{"avg_branching_factor":454.0317537660783,"nb_eval":30,"nb_expanded":3942430,"nb_generated":1789988407,"nb_guide":1789988390,"nb_sols_created":0,"nb_trashed":4069,"nodes_generated_per_sec":1243044.0,"time_searched":1440.0040283203125}