{"avg_branching_factor":286.82976579946865,"nb_eval":16,"nb_expanded":2715835,"nb_generated":778982317,"nb_guide":778982314,"nb_sols_created":0,"nb_trashed":17503,"nodes_generated_per_sec":1731061.875,"time_searched":450.0025939941406}