{"avg_branching_factor":255.45704845002692,"nb_eval":5,"nb_expanded":2440494,"nb_generated":623441394,"nb_guide":623441402,"nb_sols_created":0,"nb_trashed":30045,"nodes_generated_per_sec":461807.28125,"time_searched":1350.00341796875}