{"avg_branching_factor":208.6718968432566,"nb_eval":28,"nb_expanded":3106651,"nb_generated":648270757,"nb_guide":648270742,"nb_sols_created":0,"nb_trashed":4638,"nodes_generated_per_sec":1800741.75,"time_searched":360.0020751953125}