{"avg_branching_factor":189.12575961847662,"nb_eval":9,"nb_expanded":1340311,"nb_generated":253487336,"nb_guide":253487339,"nb_sols_created":0,"nb_trashed":3510,"nodes_generated_per_sec":563303.125,"time_searched":450.00164794921875}