{"avg_branching_factor":55.46986321756164,"nb_eval":17,"nb_expanded":2728128,"nb_generated":151328887,"nb_guide":151328885,"nb_sols_created":0,"nb_trashed":20784,"nodes_generated_per_sec":1680980.375,"time_searched":90.02417755126953}