{"avg_branching_factor":233.90209197660712,"nb_eval":23,"nb_expanded":4627394,"nb_generated":1082357137,"nb_guide":1082357128,"nb_sols_created":0,"nb_trashed":8918,"nodes_generated_per_sec":1002169.0625,"time_searched":1080.0145263671875}