{"avg_branching_factor":278.80489638748514,"nb_eval":13,"nb_expanded":1359247,"nb_generated":378964719,"nb_guide":378964718,"nb_sols_created":0,"nb_trashed":2576,"nodes_generated_per_sec":842141.0625,"time_searched":450.00146484375}