{"avg_branching_factor":176.5110077376804,"nb_eval":12,"nb_expanded":1935593,"nb_generated":341653471,"nb_guide":341653472,"nb_sols_created":0,"nb_trashed":7501,"nodes_generated_per_sec":421791.625,"time_searched":810.00537109375}