{"avg_branching_factor":371.9847200861116,"nb_eval":11,"nb_expanded":1958388,"nb_generated":728490412,"nb_guide":728490413,"nb_sols_created":0,"nb_trashed":13917,"nodes_generated_per_sec":578166.25,"time_searched":1260.001708984375}