{"avg_branching_factor":357.43373827427007,"nb_eval":7,"nb_expanded":1734327,"nb_generated":619906983,"nb_guide":619906988,"nb_sols_created":0,"nb_trashed":4157,"nodes_generated_per_sec":573987.125,"time_searched":1080.0015869140625}