{"avg_branching_factor":148.32412220274273,"nb_eval":10,"nb_expanded":2663770,"nb_generated":395101347,"nb_guide":395101351,"nb_sols_created":0,"nb_trashed":34186,"nodes_generated_per_sec":487775.3125,"time_searched":810.0068359375}