{"avg_branching_factor":216.29066994558207,"nb_eval":14,"nb_expanded":2134039,"nb_generated":461572725,"nb_guide":461572724,"nb_sols_created":0,"nb_trashed":7655,"nodes_generated_per_sec":512856.46875,"time_searched":900.0037231445312}