{"avg_branching_factor":228.98933662455346,"nb_eval":21,"nb_expanded":2024781,"nb_generated":463653258,"nb_guide":463653250,"nb_sols_created":0,"nb_trashed":4481,"nodes_generated_per_sec":429307.3125,"time_searched":1080.003173828125}