{"avg_branching_factor":348.389443835793,"nb_eval":44,"nb_expanded":3755114,"nb_generated":1308242078,"nb_guide":1308242047,"nb_sols_created":0,"nb_trashed":4190,"nodes_generated_per_sec":1211331.0,"time_searched":1080.0037841796875}