{"avg_branching_factor":351.27769553780445,"nb_eval":15,"nb_expanded":5739977,"nb_generated":2016325893,"nb_guide":2016325892,"nb_sols_created":0,"nb_trashed":12383,"nodes_generated_per_sec":1066835.5,"time_searched":1890.00634765625}