{"avg_branching_factor":304.7811342118391,"nb_eval":14,"nb_expanded":2467599,"nb_generated":752077622,"nb_guide":752077621,"nb_sols_created":0,"nb_trashed":12848,"nodes_generated_per_sec":464243.90625,"time_searched":1620.00537109375}