{"avg_branching_factor":50.12260778486042,"nb_eval":16,"nb_expanded":1645964,"nb_generated":82500008,"nb_guide":82500007,"nb_sols_created":0,"nb_trashed":26487,"nodes_generated_per_sec":916511.4375,"time_searched":90.01525115966797}