{"avg_branching_factor":101.21379246795948,"nb_eval":29,"nb_expanded":3277412,"nb_generated":331719298,"nb_guide":331719284,"nb_sols_created":0,"nb_trashed":17358,"nodes_generated_per_sec":1842770.0,"time_searched":180.01123046875}