{"avg_branching_factor":115.6298725883746,"nb_eval":38,"nb_expanded":4225988,"nb_generated":488650454,"nb_guide":488650431,"nb_sols_created":0,"nb_trashed":18629,"nodes_generated_per_sec":1357309.625,"time_searched":360.0140075683594}