{"avg_branching_factor":411.93487047305706,"nb_eval":3,"nb_expanded":4092276,"nb_generated":1685751184,"nb_guide":1685751194,"nb_sols_created":0,"nb_trashed":15016,"nodes_generated_per_sec":1337895.25,"time_searched":1260.0023193359375}