{"avg_branching_factor":290.07559162663057,"nb_eval":4,"nb_expanded":1418927,"nb_generated":411596089,"nb_guide":411596097,"nb_sols_created":0,"nb_trashed":100705,"nodes_generated_per_sec":762213.6875,"time_searched":540.0009155273438}