{"avg_branching_factor":50.31914088873103,"nb_eval":43,"nb_expanded":3037837,"nb_generated":152861348,"nb_guide":152861321,"nb_sols_created":0,"nb_trashed":70497,"nodes_generated_per_sec":1698171.375,"time_searched":90.01526641845703}