{"avg_branching_factor":352.7358207746821,"nb_eval":26,"nb_expanded":5768069,"nb_generated":2034604553,"nb_guide":2034604541,"nb_sols_created":0,"nb_trashed":12414,"nodes_generated_per_sec":1076506.125,"time_searched":1890.0074462890625}