{"avg_branching_factor":58.74203487270513,"nb_eval":28,"nb_expanded":2221967,"nb_generated":130522863,"nb_guide":130522850,"nb_sols_created":0,"nb_trashed":23317,"nodes_generated_per_sec":483372.40625,"time_searched":270.0254821777344}