{"avg_branching_factor":419.60915422060344,"nb_eval":11,"nb_expanded":2170365,"nb_generated":910705022,"nb_guide":910705023,"nb_sols_created":0,"nb_trashed":17480,"nodes_generated_per_sec":632433.5,"time_searched":1440.001220703125}