{"avg_branching_factor":272.4826400751623,"nb_eval":24,"nb_expanded":4495872,"nb_generated":1225047072,"nb_guide":1225047062,"nb_sols_created":0,"nb_trashed":20087,"nodes_generated_per_sec":1361153.375,"time_searched":900.006591796875}