{"avg_branching_factor":170.69936882963378,"nb_eval":19,"nb_expanded":2008491,"nb_generated":342848146,"nb_guide":342848140,"nb_sols_created":0,"nb_trashed":5131,"nodes_generated_per_sec":423267.8125,"time_searched":810.0029296875}