{"avg_branching_factor":215.68442355917122,"nb_eval":32,"nb_expanded":2972855,"nb_generated":641198517,"nb_guide":641198498,"nb_sols_created":0,"nb_trashed":5150,"nodes_generated_per_sec":1781095.375,"time_searched":360.0023498535156}