{"avg_branching_factor":210.1209632148373,"nb_eval":16,"nb_expanded":3080019,"nb_generated":647176559,"nb_guide":647176556,"nb_sols_created":0,"nb_trashed":4344,"nodes_generated_per_sec":1797697.0,"time_searched":360.0031433105469}