{"avg_branching_factor":97.0623326254868,"nb_eval":12,"nb_expanded":1432043,"nb_generated":138997434,"nb_guide":138997435,"nb_sols_created":0,"nb_trashed":4402,"nodes_generated_per_sec":514799.0,"time_searched":270.0033264160156}