{"avg_branching_factor":211.50243977196703,"nb_eval":31,"nb_expanded":3053769,"nb_generated":645879594,"nb_guide":645879576,"nb_sols_created":0,"nb_trashed":4193,"nodes_generated_per_sec":1794096.375,"time_searched":360.00274658203125}