{"avg_branching_factor":58.0243607058218,"nb_eval":33,"nb_expanded":4767719,"nb_generated":276643847,"nb_guide":276643830,"nb_sols_created":0,"nb_trashed":46011,"nodes_generated_per_sec":1024339.0,"time_searched":270.0705871582031}