{"avg_branching_factor":55.678624742892985,"nb_eval":30,"nb_expanded":1850883,"nb_generated":103054620,"nb_guide":103054605,"nb_sols_created":0,"nb_trashed":27872,"nodes_generated_per_sec":572473.0,"time_searched":180.01657104492188}