{"avg_branching_factor":217.42690270660307,"nb_eval":5,"nb_expanded":2935266,"nb_generated":638205795,"nb_guide":638205803,"nb_sols_created":0,"nb_trashed":9136,"nodes_generated_per_sec":1772779.875,"time_searched":360.00286865234375}