{"avg_branching_factor":115.54861007871592,"nb_eval":41,"nb_expanded":4183906,"nb_generated":483444523,"nb_guide":483444497,"nb_sols_created":0,"nb_trashed":22216,"nodes_generated_per_sec":1342835.5,"time_searched":360.0176696777344}