{"avg_branching_factor":228.62586757553404,"nb_eval":46,"nb_expanded":4029044,"nb_generated":921143680,"nb_guide":921143648,"nb_sols_created":0,"nb_trashed":8451,"nodes_generated_per_sec":1279353.375,"time_searched":720.0072021484375}