{"avg_branching_factor":326.6929259135687,"nb_eval":15,"nb_expanded":4390885,"nb_generated":1434471068,"nb_guide":1434471066,"nb_sols_created":0,"nb_trashed":16968,"nodes_generated_per_sec":1328210.875,"time_searched":1080.00244140625}