{"avg_branching_factor":279.17316335317315,"nb_eval":13,"nb_expanded":2244811,"nb_generated":626690988,"nb_guide":626690988,"nb_sols_created":0,"nb_trashed":6587,"nodes_generated_per_sec":464213.5,"time_searched":1350.0059814453125}