{"avg_branching_factor":392.2747587035381,"nb_eval":11,"nb_expanded":2244231,"nb_generated":880355174,"nb_guide":880355175,"nb_sols_created":0,"nb_trashed":16486,"nodes_generated_per_sec":407571.53125,"time_searched":2160.001708984375}