{"avg_branching_factor":311.68108596513287,"nb_eval":12,"nb_expanded":1360191,"nb_generated":423945808,"nb_guide":423945808,"nb_sols_created":0,"nb_trashed":2037,"nodes_generated_per_sec":785082.875,"time_searched":540.0013427734375}