{"avg_branching_factor":272.10137279623154,"nb_eval":18,"nb_expanded":4522594,"nb_generated":1230604036,"nb_guide":1230604032,"nb_sols_created":0,"nb_trashed":14647,"nodes_generated_per_sec":1367332.625,"time_searched":900.00341796875}