{"avg_branching_factor":456.1287645799545,"nb_eval":24,"nb_expanded":2674734,"nb_generated":1220023115,"nb_guide":1220023103,"nb_sols_created":0,"nb_trashed":2291,"nodes_generated_per_sec":1694474.75,"time_searched":720.0007934570312}