{"avg_branching_factor":294.1805337604253,"nb_eval":11,"nb_expanded":2040466,"nb_generated":600265377,"nb_guide":600265378,"nb_sols_created":0,"nb_trashed":6492,"nodes_generated_per_sec":416850.65625,"time_searched":1440.0010986328125}