{"avg_branching_factor":359.4448493014603,"nb_eval":12,"nb_expanded":2943426,"nb_generated":1057999315,"nb_guide":1057999316,"nb_sols_created":0,"nb_trashed":4083,"nodes_generated_per_sec":1679356.625,"time_searched":630.0027465820312}