{"avg_branching_factor":371.14641795972267,"nb_eval":7,"nb_expanded":1260064,"nb_generated":467668240,"nb_guide":467668245,"nb_sols_created":0,"nb_trashed":12732,"nodes_generated_per_sec":742329.0625,"time_searched":630.001220703125}