{"avg_branching_factor":285.617084936959,"nb_eval":11,"nb_expanded":5008962,"nb_generated":1430645125,"nb_guide":1430645128,"nb_sols_created":0,"nb_trashed":8180,"nodes_generated_per_sec":1059729.25,"time_searched":1350.010009765625}