{"avg_branching_factor":455.16383036923685,"nb_eval":13,"nb_expanded":1820566,"nb_generated":828655794,"nb_guide":828655793,"nb_sols_created":0,"nb_trashed":3560,"nodes_generated_per_sec":575454.6875,"time_searched":1440.0018310546875}