{"avg_branching_factor":285.43714768654615,"nb_eval":7,"nb_expanded":1229374,"nb_generated":350909008,"nb_guide":350909013,"nb_sols_created":0,"nb_trashed":6851,"nodes_generated_per_sec":779796.4375,"time_searched":450.0007629394531}