{"avg_branching_factor":373.4670198173894,"nb_eval":7,"nb_expanded":1711073,"nb_generated":639029334,"nb_guide":639029339,"nb_sols_created":0,"nb_trashed":5650,"nodes_generated_per_sec":591693.5,"time_searched":1080.0006103515625}