{"avg_branching_factor":20.293902233540834,"nb_eval":17,"nb_expanded":1715169,"nb_generated":34807472,"nb_guide":34807470,"nb_sols_created":0,"nb_trashed":43645,"nodes_generated_per_sec":386680.46875,"time_searched":90.01611328125}