{"avg_branching_factor":503.62104785660256,"nb_eval":4,"nb_expanded":1670992,"nb_generated":841546742,"nb_guide":841546750,"nb_sols_created":0,"nb_trashed":7047,"nodes_generated_per_sec":584407.0,"time_searched":1440.0010986328125}