{"avg_branching_factor":123.96926136686287,"nb_eval":7,"nb_expanded":1514446,"nb_generated":187744752,"nb_guide":187744758,"nb_sols_created":0,"nb_trashed":111782,"nodes_generated_per_sec":695343.875,"time_searched":270.00274658203125}