{"avg_branching_factor":331.16584467948553,"nb_eval":18,"nb_expanded":2809249,"nb_generated":930327318,"nb_guide":930327313,"nb_sols_created":0,"nb_trashed":9178,"nodes_generated_per_sec":1722824.0,"time_searched":540.0013427734375}