{"avg_branching_factor":290.20627939725057,"nb_eval":16,"nb_expanded":2663727,"nb_generated":773030302,"nb_guide":773030299,"nb_sols_created":0,"nb_trashed":4600,"nodes_generated_per_sec":1717835.875,"time_searched":450.0024108886719}