{"avg_branching_factor":116.09601733423993,"nb_eval":14,"nb_expanded":4285622,"nb_generated":497543646,"nb_guide":497543647,"nb_sols_created":0,"nb_trashed":16634,"nodes_generated_per_sec":1382063.625,"time_searched":360.00054931640625}