{"avg_branching_factor":56.07818737760142,"nb_eval":41,"nb_expanded":2572538,"nb_generated":144263268,"nb_guide":144263242,"nb_sols_created":0,"nb_trashed":48656,"nodes_generated_per_sec":534266.125,"time_searched":270.0213623046875}