{"avg_branching_factor":116.50129525118466,"nb_eval":21,"nb_expanded":4252071,"nb_generated":495371779,"nb_guide":495371773,"nb_sols_created":0,"nb_trashed":44609,"nodes_generated_per_sec":1376000.0,"time_searched":360.008544921875}