{"avg_branching_factor":114.09842059235487,"nb_eval":26,"nb_expanded":5226833,"nb_generated":596373390,"nb_guide":596373379,"nb_sols_created":0,"nb_trashed":65225,"nodes_generated_per_sec":1104372.0,"time_searched":540.0112915039062}