{"avg_branching_factor":115.07463705131609,"nb_eval":52,"nb_expanded":5081779,"nb_generated":584783874,"nb_guide":584783837,"nb_sols_created":0,"nb_trashed":19233,"nodes_generated_per_sec":1082873.375,"time_searched":540.02978515625}