{"avg_branching_factor":175.34487601039285,"nb_eval":21,"nb_expanded":1753897,"nb_generated":307536852,"nb_guide":307536844,"nb_sols_created":0,"nb_trashed":5428,"nodes_generated_per_sec":569508.875,"time_searched":540.003662109375}