{"avg_branching_factor":162.21098878271707,"nb_eval":8,"nb_expanded":5343540,"nb_generated":866780907,"nb_guide":866780914,"nb_sols_created":0,"nb_trashed":59127,"nodes_generated_per_sec":1070082.5,"time_searched":810.01318359375}