{"avg_branching_factor":167.88595629610623,"nb_eval":8,"nb_expanded":2852652,"nb_generated":478920209,"nb_guide":478920215,"nb_sols_created":0,"nb_trashed":13006,"nodes_generated_per_sec":1773757.0,"time_searched":270.0032958984375}