{"avg_branching_factor":346.6857581321764,"nb_eval":4,"nb_expanded":1601693,"nb_generated":555284152,"nb_guide":555284160,"nb_sols_created":0,"nb_trashed":87406,"nodes_generated_per_sec":771227.25,"time_searched":720.0006713867188}