{"avg_branching_factor":430.99514461190114,"nb_eval":10,"nb_expanded":1881415,"nb_generated":810880730,"nb_guide":810880732,"nb_sols_created":0,"nb_trashed":4295,"nodes_generated_per_sec":429038.0,"time_searched":1889.9974365234375}