{"avg_branching_factor":228.81668804213558,"nb_eval":40,"nb_expanded":4019405,"nb_generated":919706940,"nb_guide":919706914,"nb_sols_created":0,"nb_trashed":8292,"nodes_generated_per_sec":1277350.75,"time_searched":720.0112915039062}