{"avg_branching_factor":422.3329772375789,"nb_eval":13,"nb_expanded":1708342,"nb_generated":721489163,"nb_guide":721489162,"nb_sols_created":0,"nb_trashed":4152,"nodes_generated_per_sec":572609.75,"time_searched":1260.00146484375}