{"avg_branching_factor":56.94892860298578,"nb_eval":27,"nb_expanded":5047522,"nb_generated":287450970,"nb_guide":287450959,"nb_sols_created":0,"nb_trashed":37798,"nodes_generated_per_sec":1064373.125,"time_searched":270.06597900390625}