{"avg_branching_factor":114.2946384818057,"nb_eval":17,"nb_expanded":2059025,"nb_generated":235335518,"nb_guide":235335515,"nb_sols_created":0,"nb_trashed":8553,"nodes_generated_per_sec":653691.625,"time_searched":360.010009765625}