{"avg_branching_factor":117.90458523545338,"nb_eval":8,"nb_expanded":203501,"nb_generated":23993701,"nb_guide":23993702,"nb_sols_created":0,"nb_trashed":1689,"nodes_generated_per_sec":298883.15625,"time_searched":80.27786254882812}