{"avg_branching_factor":189.36424724895897,"nb_eval":9,"nb_expanded":1646195,"nb_generated":311730477,"nb_guide":311730480,"nb_sols_created":0,"nb_trashed":24663,"nodes_generated_per_sec":432958.90625,"time_searched":720.0001220703125}