{"avg_branching_factor":100.66295963453905,"nb_eval":46,"nb_expanded":3284838,"nb_generated":330661515,"nb_guide":330661484,"nb_sols_created":0,"nb_trashed":19203,"nodes_generated_per_sec":1836919.125,"time_searched":180.0087432861328}