{"avg_branching_factor":170.26310974867047,"nb_eval":19,"nb_expanded":2011423,"nb_generated":342471135,"nb_guide":342471129,"nb_sols_created":0,"nb_trashed":5492,"nodes_generated_per_sec":422801.8125,"time_searched":810.0039672851562}