{"avg_branching_factor":289.8149027567985,"nb_eval":12,"nb_expanded":5139331,"nb_generated":1489454714,"nb_guide":1489454716,"nb_sols_created":0,"nb_trashed":23727,"nodes_generated_per_sec":1103293.375,"time_searched":1350.0078125}