{"avg_branching_factor":252.35254438401816,"nb_eval":20,"nb_expanded":2024321,"nb_generated":510842555,"nb_guide":510842548,"nb_sols_created":0,"nb_trashed":6158,"nodes_generated_per_sec":567601.3125,"time_searched":900.0023803710938}