{"avg_branching_factor":407.9730038456546,"nb_eval":37,"nb_expanded":3813395,"nb_generated":1555762213,"nb_guide":1555762189,"nb_sols_created":0,"nb_trashed":4211,"nodes_generated_per_sec":1234728.75,"time_searched":1260.003173828125}