{"avg_branching_factor":179.03834238648238,"nb_eval":6,"nb_expanded":1623008,"nb_generated":290580662,"nb_guide":290580669,"nb_sols_created":0,"nb_trashed":69705,"nodes_generated_per_sec":807164.0625,"time_searched":360.0019836425781}