{"avg_branching_factor":56.991951228621105,"nb_eval":10,"nb_expanded":5033936,"nb_generated":286893835,"nb_guide":286893841,"nb_sols_created":0,"nb_trashed":71488,"nodes_generated_per_sec":1062461.375,"time_searched":270.02752685546875}