{"avg_branching_factor":109.63075898202538,"nb_eval":25,"nb_expanded":1844879,"nb_generated":202255485,"nb_guide":202255474,"nb_sols_created":0,"nb_trashed":12142,"nodes_generated_per_sec":561806.0,"time_searched":360.0094909667969}