{"avg_branching_factor":234.17245623334182,"nb_eval":18,"nb_expanded":5044822,"nb_generated":1181358359,"nb_guide":1181358355,"nb_sols_created":0,"nb_trashed":30369,"nodes_generated_per_sec":1093842.375,"time_searched":1080.0078125}