{"avg_branching_factor":255.41246351768535,"nb_eval":3,"nb_expanded":1328726,"nb_generated":339373181,"nb_guide":339373190,"nb_sols_created":0,"nb_trashed":87039,"nodes_generated_per_sec":754160.625,"time_searched":450.0011901855469}