{"avg_branching_factor":106.60632437877193,"nb_eval":16,"nb_expanded":1279683,"nb_generated":136422301,"nb_guide":136422298,"nb_sols_created":0,"nb_trashed":11349,"nodes_generated_per_sec":757885.8125,"time_searched":180.00376892089844}