{"avg_branching_factor":226.43348123462695,"nb_eval":11,"nb_expanded":2417378,"nb_generated":547375316,"nb_guide":547375318,"nb_sols_created":0,"nb_trashed":6173,"nodes_generated_per_sec":506827.5,"time_searched":1080.003173828125}