{"avg_branching_factor":436.6926638673699,"nb_eval":9,"nb_expanded":2221034,"nb_generated":969909254,"nb_guide":969909257,"nb_sols_created":0,"nb_trashed":9762,"nodes_generated_per_sec":449031.59375,"time_searched":2160.002197265625}