{"avg_branching_factor":128.8261205052877,"nb_eval":11,"nb_expanded":1526655,"nb_generated":196673041,"nb_guide":196673043,"nb_sols_created":0,"nb_trashed":125452,"nodes_generated_per_sec":728409.875,"time_searched":270.0032653808594}