{"avg_branching_factor":116.65243257589096,"nb_eval":14,"nb_expanded":4208769,"nb_generated":490963142,"nb_guide":490963143,"nb_sols_created":0,"nb_trashed":40015,"nodes_generated_per_sec":1363734.75,"time_searched":360.013671875}