{"avg_branching_factor":321.2850030032572,"nb_eval":7,"nb_expanded":2457332,"nb_generated":789503919,"nb_guide":789503925,"nb_sols_created":0,"nb_trashed":7772,"nodes_generated_per_sec":487346.78125,"time_searched":1620.00439453125}