{"avg_branching_factor":227.00055830255675,"nb_eval":5,"nb_expanded":1572624,"nb_generated":356986526,"nb_guide":356986533,"nb_sols_created":0,"nb_trashed":121058,"nodes_generated_per_sec":495813.9375,"time_searched":720.0009765625}