{"avg_branching_factor":464.5964138588926,"nb_eval":3,"nb_expanded":2574578,"nb_generated":1196139706,"nb_guide":1196139715,"nb_sols_created":0,"nb_trashed":5991,"nodes_generated_per_sec":1661301.625,"time_searched":720.00146484375}