{"avg_branching_factor":108.96726447531792,"nb_eval":8,"nb_expanded":1640603,"nb_generated":178772021,"nb_guide":178772026,"nb_sols_created":0,"nb_trashed":20606,"nodes_generated_per_sec":496587.46875,"time_searched":360.0010681152344}