{"avg_branching_factor":419.61844971891423,"nb_eval":9,"nb_expanded":1852993,"nb_generated":777550050,"nb_guide":777550053,"nb_sols_created":0,"nb_trashed":4683,"nodes_generated_per_sec":617102.4375,"time_searched":1260.0015869140625}