{"avg_branching_factor":264.1061951356039,"nb_eval":20,"nb_expanded":4351866,"nb_generated":1149354771,"nb_guide":1149354765,"nb_sols_created":0,"nb_trashed":8223,"nodes_generated_per_sec":1277053.0,"time_searched":900.0054931640625}