{"avg_branching_factor":230.22463349437623,"nb_eval":8,"nb_expanded":1779236,"nb_generated":409623956,"nb_guide":409623961,"nb_sols_created":0,"nb_trashed":8842,"nodes_generated_per_sec":568918.6875,"time_searched":720.00439453125}