{"avg_branching_factor":156.63418119317967,"nb_eval":39,"nb_expanded":2566973,"nb_generated":402075714,"nb_guide":402075689,"nb_sols_created":0,"nb_trashed":8873,"nodes_generated_per_sec":496383.3125,"time_searched":810.0105590820312}