{"avg_branching_factor":532.9215748992975,"nb_eval":7,"nb_expanded":1644448,"nb_generated":876361818,"nb_guide":876361823,"nb_sols_created":0,"nb_trashed":9722,"nodes_generated_per_sec":608583.875,"time_searched":1440.001708984375}