{"avg_branching_factor":207.63732978709396,"nb_eval":12,"nb_expanded":1898725,"nb_generated":394246189,"nb_guide":394246190,"nb_sols_created":0,"nb_trashed":14046,"nodes_generated_per_sec":547561.875,"time_searched":720.0029296875}