{"avg_branching_factor":230.0109438173737,"nb_eval":7,"nb_expanded":5194257,"nb_generated":1194735955,"nb_guide":1194735962,"nb_sols_created":0,"nb_trashed":11104,"nodes_generated_per_sec":1106227.0,"time_searched":1080.009765625}