{"avg_branching_factor":175.94242198937718,"nb_eval":16,"nb_expanded":1740404,"nb_generated":306210895,"nb_guide":306210892,"nb_sols_created":0,"nb_trashed":5220,"nodes_generated_per_sec":567053.8125,"time_searched":540.0032348632812}