{"avg_branching_factor":388.6063208882646,"nb_eval":22,"nb_expanded":2487277,"nb_generated":966571564,"nb_guide":966571554,"nb_sols_created":0,"nb_trashed":2598,"nodes_generated_per_sec":511413.28125,"time_searched":1890.0009765625}