{"avg_branching_factor":165.8674934293427,"nb_eval":13,"nb_expanded":2868054,"nb_generated":475716928,"nb_guide":475716929,"nb_sols_created":0,"nb_trashed":28612,"nodes_generated_per_sec":1761875.75,"time_searched":270.0059509277344}