{"avg_branching_factor":233.4972663462603,"nb_eval":31,"nb_expanded":4751882,"nb_generated":1109551457,"nb_guide":1109551440,"nb_sols_created":0,"nb_trashed":8241,"nodes_generated_per_sec":1027354.9375,"time_searched":1080.0079345703125}