{"avg_branching_factor":172.03853812856798,"nb_eval":35,"nb_expanded":3905405,"nb_generated":671880167,"nb_guide":671880146,"nb_sols_created":0,"nb_trashed":8635,"nodes_generated_per_sec":1244207.625,"time_searched":540.0064697265625}