{"avg_branching_factor":267.61742499366306,"nb_eval":10,"nb_expanded":1885774,"nb_generated":504665982,"nb_guide":504665984,"nb_sols_created":0,"nb_trashed":3162,"nodes_generated_per_sec":560739.3125,"time_searched":900.0010375976562}