{"avg_branching_factor":111.14382152634843,"nb_eval":17,"nb_expanded":1824852,"nb_generated":202821025,"nb_guide":202821022,"nb_sols_created":0,"nb_trashed":14477,"nodes_generated_per_sec":563376.375,"time_searched":360.00982666015625}