{"avg_branching_factor":376.90796234304315,"nb_eval":8,"nb_expanded":2129009,"nb_generated":802440444,"nb_guide":802440448,"nb_sols_created":0,"nb_trashed":13611,"nodes_generated_per_sec":557250.0,"time_searched":1440.0008544921875}