{"avg_branching_factor":101.61546090939146,"nb_eval":30,"nb_expanded":3299987,"nb_generated":335329700,"nb_guide":335329685,"nb_sols_created":0,"nb_trashed":18858,"nodes_generated_per_sec":1862833.375,"time_searched":180.0105743408203}