{"avg_branching_factor":57.16742896731734,"nb_eval":13,"nb_expanded":4966763,"nb_generated":283937071,"nb_guide":283937074,"nb_sols_created":0,"nb_trashed":87224,"nodes_generated_per_sec":1051524.375,"time_searched":270.02423095703125}