{"avg_branching_factor":454.1796089591421,"nb_eval":8,"nb_expanded":1722531,"nb_generated":782338456,"nb_guide":782338460,"nb_sols_created":0,"nb_trashed":4109,"nodes_generated_per_sec":413935.34375,"time_searched":1890.0015869140625}