{"avg_branching_factor":408.3156889110161,"nb_eval":42,"nb_expanded":3826365,"nb_generated":1562364861,"nb_guide":1562364832,"nb_sols_created":0,"nb_trashed":4629,"nodes_generated_per_sec":1239967.125,"time_searched":1260.0050048828125}