{"avg_branching_factor":290.16337530864104,"nb_eval":23,"nb_expanded":2664503,"nb_generated":773141184,"nb_guide":773141174,"nb_sols_created":0,"nb_trashed":4074,"nodes_generated_per_sec":1718078.375,"time_searched":450.0034484863281}