{"avg_branching_factor":121.39310946434897,"nb_eval":7,"nb_expanded":799009,"nb_generated":96994187,"nb_guide":96994192,"nb_sols_created":0,"nb_trashed":22576,"nodes_generated_per_sec":436284.625,"time_searched":222.31858825683594}