{"avg_branching_factor":172.21542784410786,"nb_eval":19,"nb_expanded":1983012,"nb_generated":341505260,"nb_guide":341505254,"nb_sols_created":0,"nb_trashed":5632,"nodes_generated_per_sec":421608.875,"time_searched":810.0048828125}