{"avg_branching_factor":56.903958440012474,"nb_eval":33,"nb_expanded":4005391,"nb_generated":227922603,"nb_guide":227922586,"nb_sols_created":0,"nb_trashed":38126,"nodes_generated_per_sec":1265858.625,"time_searched":180.0537567138672}