{"avg_branching_factor":116.70054455848535,"nb_eval":12,"nb_expanded":1179304,"nb_generated":137625419,"nb_guide":137625420,"nb_sols_created":0,"nb_trashed":14868,"nodes_generated_per_sec":764574.75,"time_searched":180.00257873535156}