{"avg_branching_factor":169.27354939436808,"nb_eval":20,"nb_expanded":1446258,"nb_generated":244813225,"nb_guide":244813218,"nb_sols_created":0,"nb_trashed":5599,"nodes_generated_per_sec":906707.375,"time_searched":270.0024719238281}