{"avg_branching_factor":70.81931747277929,"nb_eval":8,"nb_expanded":1601079,"nb_generated":113387322,"nb_guide":113387327,"nb_sols_created":0,"nb_trashed":75997,"nodes_generated_per_sec":419948.53125,"time_searched":270.0028991699219}