{"avg_branching_factor":346.9272642941131,"nb_eval":11,"nb_expanded":2457830,"nb_generated":852688238,"nb_guide":852688239,"nb_sols_created":0,"nb_trashed":8912,"nodes_generated_per_sec":451157.34375,"time_searched":1890.001953125}