{"avg_branching_factor":466.40418267543873,"nb_eval":17,"nb_expanded":4910589,"nb_generated":2290319249,"nb_guide":2290319245,"nb_sols_created":0,"nb_trashed":5598,"nodes_generated_per_sec":1060330.875,"time_searched":2160.00439453125}