{"avg_branching_factor":318.03670507960953,"nb_eval":11,"nb_expanded":5245541,"nb_generated":1668274576,"nb_guide":1668274579,"nb_sols_created":0,"nb_trashed":8330,"nodes_generated_per_sec":1029791.4375,"time_searched":1620.0120849609375}