{"avg_branching_factor":95.78496233576922,"nb_eval":9,"nb_expanded":1669754,"nb_generated":159937324,"nb_guide":159937328,"nb_sols_created":0,"nb_trashed":31477,"nodes_generated_per_sec":360674.1875,"time_searched":443.4399108886719}