{"avg_branching_factor":277.525439104918,"nb_eval":21,"nb_expanded":2170438,"nb_generated":602351759,"nb_guide":602351751,"nb_sols_created":0,"nb_trashed":14424,"nodes_generated_per_sec":446184.9375,"time_searched":1350.004638671875}