{"avg_branching_factor":50.1068428609776,"nb_eval":20,"nb_expanded":3159088,"nb_generated":158291926,"nb_guide":158291921,"nb_sols_created":0,"nb_trashed":17979,"nodes_generated_per_sec":1758525.0,"time_searched":90.01403045654297}