{"avg_branching_factor":158.59218625057062,"nb_eval":46,"nb_expanded":5222384,"nb_generated":828229296,"nb_guide":828229265,"nb_sols_created":0,"nb_trashed":17329,"nodes_generated_per_sec":1022481.0,"time_searched":810.019287109375}