{"avg_branching_factor":389.16785839395,"nb_eval":13,"nb_expanded":2086747,"nb_generated":812094861,"nb_guide":812094860,"nb_sols_created":0,"nb_trashed":5790,"nodes_generated_per_sec":644518.75,"time_searched":1260.001953125}