{"avg_branching_factor":195.26103258472665,"nb_eval":13,"nb_expanded":2156317,"nb_generated":421044684,"nb_guide":421044684,"nb_sols_created":0,"nb_trashed":23280,"nodes_generated_per_sec":467825.34375,"time_searched":900.0039672851562}