{"avg_branching_factor":48.69473713904334,"nb_eval":13,"nb_expanded":1666128,"nb_generated":81131665,"nb_guide":81131666,"nb_sols_created":0,"nb_trashed":11596,"nodes_generated_per_sec":450736.9375,"time_searched":179.99781799316406}