{"avg_branching_factor":451.8389126113411,"nb_eval":34,"nb_expanded":3899728,"nb_generated":1762048859,"nb_guide":1762048838,"nb_sols_created":0,"nb_trashed":4179,"nodes_generated_per_sec":1223642.5,"time_searched":1440.0030517578125}