{"avg_branching_factor":217.38808213170927,"nb_eval":17,"nb_expanded":1468568,"nb_generated":319249181,"nb_guide":319249176,"nb_sols_created":0,"nb_trashed":2048,"nodes_generated_per_sec":886801.1875,"time_searched":360.0008544921875}