{"avg_branching_factor":211.18084070368442,"nb_eval":23,"nb_expanded":3060008,"nb_generated":646215062,"nb_guide":646215052,"nb_sols_created":0,"nb_trashed":4206,"nodes_generated_per_sec":1795026.5,"time_searched":360.0030517578125}