{"avg_branching_factor":424.74550974492723,"nb_eval":10,"nb_expanded":1797448,"nb_generated":763457967,"nb_guide":763457969,"nb_sols_created":0,"nb_trashed":5374,"nodes_generated_per_sec":605918.375,"time_searched":1260.0013427734375}