{"avg_branching_factor":408.110678175028,"nb_eval":38,"nb_expanded":3825045,"nb_generated":1561041709,"nb_guide":1561041684,"nb_sols_created":0,"nb_trashed":4164,"nodes_generated_per_sec":1238918.375,"time_searched":1260.003662109375}