{"avg_branching_factor":169.1448179204869,"nb_eval":23,"nb_expanded":2849744,"nb_generated":482019430,"nb_guide":482019421,"nb_sols_created":0,"nb_trashed":14344,"nodes_generated_per_sec":1785234.5,"time_searched":270.00341796875}