{"avg_branching_factor":311.43754560710437,"nb_eval":11,"nb_expanded":1549923,"nb_generated":482704215,"nb_guide":482704216,"nb_sols_created":0,"nb_trashed":2397,"nodes_generated_per_sec":766196.8125,"time_searched":630.0003051757812}