{"avg_branching_factor":268.62661802021853,"nb_eval":8,"nb_expanded":4424852,"nb_generated":1188633028,"nb_guide":1188633034,"nb_sols_created":0,"nb_trashed":8186,"nodes_generated_per_sec":1320689.25,"time_searched":900.0096435546875}