{"avg_branching_factor":100.44141280645556,"nb_eval":29,"nb_expanded":3261933,"nb_generated":327633159,"nb_guide":327633145,"nb_sols_created":0,"nb_trashed":17187,"nodes_generated_per_sec":1820091.0,"time_searched":180.00921630859375}