{"avg_branching_factor":115.3291839192051,"nb_eval":13,"nb_expanded":2460749,"nb_generated":283796174,"nb_guide":283796175,"nb_sols_created":0,"nb_trashed":8606,"nodes_generated_per_sec":525537.5625,"time_searched":540.0111694335938}