{"avg_branching_factor":47.161127291416825,"nb_eval":26,"nb_expanded":1669382,"nb_generated":78729937,"nb_guide":78729926,"nb_sols_created":0,"nb_trashed":46210,"nodes_generated_per_sec":874610.1875,"time_searched":90.01717376708984}