{"avg_branching_factor":411.1828542921925,"nb_eval":16,"nb_expanded":4093281,"nb_generated":1683086965,"nb_guide":1683086962,"nb_sols_created":0,"nb_trashed":9058,"nodes_generated_per_sec":1335780.75,"time_searched":1260.00244140625}