{"avg_branching_factor":152.06588572552053,"nb_eval":4,"nb_expanded":4730190,"nb_generated":719300532,"nb_guide":719300542,"nb_sols_created":0,"nb_trashed":23863,"nodes_generated_per_sec":1332025.125,"time_searched":540.0052490234375}