{"avg_branching_factor":319.46356673260595,"nb_eval":14,"nb_expanded":2281898,"nb_generated":728983274,"nb_guide":728983272,"nb_sols_created":0,"nb_trashed":2971,"nodes_generated_per_sec":449989.25,"time_searched":1620.0015869140625}