{"avg_branching_factor":359.5681588790292,"nb_eval":5,"nb_expanded":2939595,"nb_generated":1056984762,"nb_guide":1056984770,"nb_sols_created":0,"nb_trashed":6313,"nodes_generated_per_sec":1677748.875,"time_searched":630.0017700195312}