{"avg_branching_factor":302.8705221769088,"nb_eval":12,"nb_expanded":2187726,"nb_generated":662597716,"nb_guide":662597716,"nb_sols_created":0,"nb_trashed":14250,"nodes_generated_per_sec":613515.625,"time_searched":1080.0013427734375}