{"avg_branching_factor":176.26636378099084,"nb_eval":17,"nb_expanded":1734868,"nb_generated":305798874,"nb_guide":305798870,"nb_sols_created":0,"nb_trashed":5586,"nodes_generated_per_sec":566289.625,"time_searched":540.00439453125}