{"avg_branching_factor":86.65937287533407,"nb_eval":5,"nb_expanded":1466407,"nb_generated":127077911,"nb_guide":127077919,"nb_sols_created":0,"nb_trashed":66843,"nodes_generated_per_sec":705981.3125,"time_searched":180.00180053710938}