{"avg_branching_factor":289.84443702324285,"nb_eval":15,"nb_expanded":2650065,"nb_generated":768106598,"nb_guide":768106596,"nb_sols_created":0,"nb_trashed":4081,"nodes_generated_per_sec":1706892.0,"time_searched":450.0030517578125}