{"avg_branching_factor":234.48291680054186,"nb_eval":5,"nb_expanded":1381884,"nb_generated":324028191,"nb_guide":324028198,"nb_sols_created":0,"nb_trashed":103733,"nodes_generated_per_sec":720060.75,"time_searched":450.0011901855469}