{"avg_branching_factor":101.26496242652257,"nb_eval":16,"nb_expanded":3270392,"nb_generated":331176123,"nb_guide":331176122,"nb_sols_created":0,"nb_trashed":16367,"nodes_generated_per_sec":1839737.0,"time_searched":180.01275634765625}