{"avg_branching_factor":331.98292528580873,"nb_eval":3,"nb_expanded":2811233,"nb_generated":933281355,"nb_guide":933281365,"nb_sols_created":0,"nb_trashed":13898,"nodes_generated_per_sec":1728290.75,"time_searched":540.0025024414062}