{"avg_branching_factor":313.3853893784817,"nb_eval":33,"nb_expanded":5108667,"nb_generated":1600981597,"nb_guide":1600981578,"nb_sols_created":0,"nb_trashed":10223,"nodes_generated_per_sec":988255.0,"time_searched":1620.0086669921875}