{"avg_branching_factor":277.84873579102214,"nb_eval":12,"nb_expanded":2243300,"nb_generated":623298069,"nb_guide":623298070,"nb_sols_created":0,"nb_trashed":11051,"nodes_generated_per_sec":461701.3125,"time_searched":1350.0028076171875}