{"avg_branching_factor":117.92439017194995,"nb_eval":19,"nb_expanded":2101658,"nb_generated":247836738,"nb_guide":247836733,"nb_sols_created":0,"nb_trashed":11614,"nodes_generated_per_sec":458947.125,"time_searched":540.0115356445312}