{"avg_branching_factor":115.95835245009401,"nb_eval":61,"nb_expanded":2445498,"nb_generated":283575919,"nb_guide":283575872,"nb_sols_created":0,"nb_trashed":8176,"nodes_generated_per_sec":525130.25,"time_searched":540.0106201171875}