{"avg_branching_factor":146.61481903126554,"nb_eval":10,"nb_expanded":2643965,"nb_generated":387644450,"nb_guide":387644454,"nb_sols_created":0,"nb_trashed":30942,"nodes_generated_per_sec":478567.8125,"time_searched":810.0094604492188}