{"avg_branching_factor":57.948465866081484,"nb_eval":18,"nb_expanded":2249771,"nb_generated":130370778,"nb_guide":130370775,"nb_sols_created":0,"nb_trashed":19893,"nodes_generated_per_sec":482782.59375,"time_searched":270.04034423828125}