{"avg_branching_factor":100.495960928561,"nb_eval":30,"nb_expanded":3255575,"nb_generated":327172138,"nb_guide":327172123,"nb_sols_created":0,"nb_trashed":16690,"nodes_generated_per_sec":1817459.0,"time_searched":180.0162353515625}