{"avg_branching_factor":265.1064620102404,"nb_eval":8,"nb_expanded":1583532,"nb_generated":419804566,"nb_guide":419804570,"nb_sols_created":0,"nb_trashed":103741,"nodes_generated_per_sec":666355.875,"time_searched":630.0005493164062}