{"avg_branching_factor":115.12662181087188,"nb_eval":35,"nb_expanded":5096926,"nb_generated":586791872,"nb_guide":586791852,"nb_sols_created":0,"nb_trashed":23230,"nodes_generated_per_sec":1086610.75,"time_searched":540.0203247070312}