{"avg_branching_factor":115.35099848262568,"nb_eval":7,"nb_expanded":5086418,"nb_generated":586723395,"nb_guide":586723403,"nb_sols_created":0,"nb_trashed":18942,"nodes_generated_per_sec":1086531.625,"time_searched":539.99658203125}