{"avg_branching_factor":55.31196154068093,"nb_eval":20,"nb_expanded":1836954,"nb_generated":101605529,"nb_guide":101605524,"nb_sols_created":0,"nb_trashed":23978,"nodes_generated_per_sec":564393.125,"time_searched":180.02615356445312}