{"avg_branching_factor":114.17366486677503,"nb_eval":18,"nb_expanded":2444962,"nb_generated":279150272,"nb_guide":279150268,"nb_sols_created":0,"nb_trashed":9737,"nodes_generated_per_sec":516935.0,"time_searched":540.0103759765625}