{"avg_branching_factor":58.056951533208554,"nb_eval":24,"nb_expanded":2112498,"nb_generated":122645194,"nb_guide":122645185,"nb_sols_created":0,"nb_trashed":22972,"nodes_generated_per_sec":454197.3125,"time_searched":270.0262451171875}