{"avg_branching_factor":261.2825147349571,"nb_eval":41,"nb_expanded":4293192,"nb_generated":1121736002,"nb_guide":1121735975,"nb_sols_created":0,"nb_trashed":8265,"nodes_generated_per_sec":1246364.75,"time_searched":900.0062866210938}