{"avg_branching_factor":116.03996513265933,"nb_eval":42,"nb_expanded":2441253,"nb_generated":283282913,"nb_guide":283282885,"nb_sols_created":0,"nb_trashed":8411,"nodes_generated_per_sec":524585.6875,"time_searched":540.0126342773438}