{"avg_branching_factor":461.8309425053534,"nb_eval":16,"nb_expanded":2082333,"nb_generated":961685812,"nb_guide":961685808,"nb_sols_created":0,"nb_trashed":2241,"nodes_generated_per_sec":667836.9375,"time_searched":1440.0009765625}