{"avg_branching_factor":231.49810153451628,"nb_eval":12,"nb_expanded":4185749,"nb_generated":968992947,"nb_guide":968992949,"nb_sols_created":0,"nb_trashed":8179,"nodes_generated_per_sec":1345806.75,"time_searched":720.0089721679688}