{"avg_branching_factor":361.5582588413976,"nb_eval":25,"nb_expanded":2952333,"nb_generated":1067440379,"nb_guide":1067440367,"nb_sols_created":0,"nb_trashed":4317,"nodes_generated_per_sec":1694344.875,"time_searched":630.0018310546875}