{"avg_branching_factor":105.55697688201933,"nb_eval":9,"nb_expanded":1197942,"nb_generated":126451136,"nb_guide":126451140,"nb_sols_created":0,"nb_trashed":17514,"nodes_generated_per_sec":702495.0625,"time_searched":180.0028839111328}