{"avg_branching_factor":183.45853685675286,"nb_eval":4,"nb_expanded":1509859,"nb_generated":276996523,"nb_guide":276996532,"nb_sols_created":0,"nb_trashed":118157,"nodes_generated_per_sec":769431.625,"time_searched":360.00146484375}