{"avg_branching_factor":114.16142652519484,"nb_eval":12,"nb_expanded":2459571,"nb_generated":280788134,"nb_guide":280788136,"nb_sols_created":0,"nb_trashed":11598,"nodes_generated_per_sec":519965.4375,"time_searched":540.0130615234375}