{"avg_branching_factor":236.61452931464694,"nb_eval":14,"nb_expanded":2001815,"nb_generated":473658514,"nb_guide":473658513,"nb_sols_created":0,"nb_trashed":8379,"nodes_generated_per_sec":438570.59375,"time_searched":1080.0052490234375}