{"avg_branching_factor":185.98152976109506,"nb_eval":6,"nb_expanded":1242377,"nb_generated":231059175,"nb_guide":231059182,"nb_sols_created":0,"nb_trashed":37265,"nodes_generated_per_sec":641827.625,"time_searched":360.00189208984375}