{"avg_branching_factor":183.16828272816596,"nb_eval":8,"nb_expanded":1626382,"nb_generated":297901598,"nb_guide":297901603,"nb_sols_created":0,"nb_trashed":75423,"nodes_generated_per_sec":827500.375,"time_searched":360.00177001953125}