{"avg_branching_factor":57.020348974957685,"nb_eval":35,"nb_expanded":5043743,"nb_generated":287595986,"nb_guide":287595967,"nb_sols_created":0,"nb_trashed":38898,"nodes_generated_per_sec":1064963.875,"time_searched":270.0523681640625}