{"avg_branching_factor":341.67851838552315,"nb_eval":8,"nb_expanded":1637484,"nb_generated":559493107,"nb_guide":559493111,"nb_sols_created":0,"nb_trashed":2241,"nodes_generated_per_sec":777072.6875,"time_searched":720.0010375976562}