{"avg_branching_factor":48.961516214423575,"nb_eval":24,"nb_expanded":1673510,"nb_generated":81937587,"nb_guide":81937578,"nb_sols_created":0,"nb_trashed":22166,"nodes_generated_per_sec":910267.125,"time_searched":90.01487731933594}