{"avg_branching_factor":149.23223132735967,"nb_eval":23,"nb_expanded":4888449,"nb_generated":729514152,"nb_guide":729514144,"nb_sols_created":0,"nb_trashed":26668,"nodes_generated_per_sec":1350928.25,"time_searched":540.0095825195312}