{"avg_branching_factor":408.5161015022989,"nb_eval":42,"nb_expanded":3858553,"nb_generated":1576281029,"nb_guide":1576281000,"nb_sols_created":0,"nb_trashed":4053,"nodes_generated_per_sec":1251013.375,"time_searched":1260.00341796875}