{"avg_branching_factor":463.8565217763633,"nb_eval":2,"nb_expanded":2569024,"nb_generated":1191658537,"nb_guide":1191658547,"nb_sols_created":0,"nb_trashed":5430,"nodes_generated_per_sec":1655078.625,"time_searched":720.0011596679688}