{"avg_branching_factor":107.97276030653035,"nb_eval":7,"nb_expanded":1402145,"nb_generated":151393466,"nb_guide":151393471,"nb_sols_created":0,"nb_trashed":133582,"nodes_generated_per_sec":240306.5625,"time_searched":630.0014038085938}