{"avg_branching_factor":232.6766180222524,"nb_eval":9,"nb_expanded":4283671,"nb_generated":996710081,"nb_guide":996710086,"nb_sols_created":0,"nb_trashed":12854,"nodes_generated_per_sec":1384310.25,"time_searched":720.0048217773438}