{"avg_branching_factor":306.48638185897727,"nb_eval":9,"nb_expanded":2068858,"nb_generated":634076803,"nb_guide":634076806,"nb_sols_created":0,"nb_trashed":14544,"nodes_generated_per_sec":587107.5625,"time_searched":1080.0010986328125}