{"avg_branching_factor":113.25983831973664,"nb_eval":17,"nb_expanded":1756677,"nb_generated":198960953,"nb_guide":198960950,"nb_sols_created":0,"nb_trashed":23188,"nodes_generated_per_sec":552654.0,"time_searched":360.0099792480469}