{"avg_branching_factor":210.3405612750884,"nb_eval":28,"nb_expanded":3075426,"nb_generated":646886831,"nb_guide":646886816,"nb_sols_created":0,"nb_trashed":4615,"nodes_generated_per_sec":1796896.125,"time_searched":360.0023498535156}