{"avg_branching_factor":463.383052502554,"nb_eval":28,"nb_expanded":4212976,"nb_generated":1952221679,"nb_guide":1952221664,"nb_sols_created":0,"nb_trashed":4128,"nodes_generated_per_sec":903803.5625,"time_searched":2160.006591796875}