{"avg_branching_factor":351.4340668512976,"nb_eval":8,"nb_expanded":5726740,"nb_generated":2012571528,"nb_guide":2012571534,"nb_sols_created":0,"nb_trashed":16009,"nodes_generated_per_sec":1064848.625,"time_searched":1890.0072021484375}