{"avg_branching_factor":115.43593317031853,"nb_eval":45,"nb_expanded":4174672,"nb_generated":481907158,"nb_guide":481907128,"nb_sols_created":0,"nb_trashed":18418,"nodes_generated_per_sec":1338529.875,"time_searched":360.0271911621094}