{"avg_branching_factor":115.59978162779588,"nb_eval":52,"nb_expanded":5038187,"nb_generated":582413317,"nb_guide":582413280,"nb_sols_created":0,"nb_trashed":18512,"nodes_generated_per_sec":1078497.5,"time_searched":540.0228881835938}