{"avg_branching_factor":270.1097571850227,"nb_eval":23,"nb_expanded":2242860,"nb_generated":605818370,"nb_guide":605818360,"nb_sols_created":0,"nb_trashed":4658,"nodes_generated_per_sec":448752.84375,"time_searched":1350.0045166015625}