{"avg_branching_factor":229.78010285129642,"nb_eval":17,"nb_expanded":2042755,"nb_generated":469384454,"nb_guide":469384450,"nb_sols_created":0,"nb_trashed":5618,"nodes_generated_per_sec":434613.65625,"time_searched":1080.00390625}