{"avg_branching_factor":362.4542724941702,"nb_eval":20,"nb_expanded":2962801,"nb_generated":1073879881,"nb_guide":1073879874,"nb_sols_created":0,"nb_trashed":4387,"nodes_generated_per_sec":1704565.75,"time_searched":630.0020751953125}