{"avg_branching_factor":53.89200973270644,"nb_eval":17,"nb_expanded":2866212,"nb_generated":154465925,"nb_guide":154465923,"nb_sols_created":0,"nb_trashed":24595,"nodes_generated_per_sec":1716119.25,"time_searched":90.00885009765625}