{"avg_branching_factor":327.8093527298208,"nb_eval":11,"nb_expanded":5365920,"nb_generated":1758998762,"nb_guide":1758998765,"nb_sols_created":0,"nb_trashed":23085,"nodes_generated_per_sec":1085795.375,"time_searched":1620.0093994140625}