{"avg_branching_factor":161.61306918588107,"nb_eval":11,"nb_expanded":1423195,"nb_generated":230006912,"nb_guide":230006913,"nb_sols_created":0,"nb_trashed":4225,"nodes_generated_per_sec":638906.375,"time_searched":360.0009765625}