{"avg_branching_factor":293.31132602489083,"nb_eval":4,"nb_expanded":5078419,"nb_generated":1489557811,"nb_guide":1489557821,"nb_sols_created":0,"nb_trashed":23496,"nodes_generated_per_sec":1103369.75,"time_searched":1350.0078125}