{"avg_branching_factor":410.17629487096156,"nb_eval":3,"nb_expanded":4123268,"nb_generated":1691266791,"nb_guide":1691266801,"nb_sols_created":0,"nb_trashed":10213,"nodes_generated_per_sec":1342272.0,"time_searched":1260.0030517578125}