{"avg_branching_factor":463.81857949885347,"nb_eval":15,"nb_expanded":5040362,"nb_generated":2337813543,"nb_guide":2337813541,"nb_sols_created":0,"nb_trashed":10054,"nodes_generated_per_sec":1082319.25,"time_searched":2160.003662109375}