{"avg_branching_factor":233.60632273191868,"nb_eval":15,"nb_expanded":4711824,"nb_generated":1100711878,"nb_guide":1100711877,"nb_sols_created":0,"nb_trashed":8176,"nodes_generated_per_sec":1019170.375,"time_searched":1080.0078125}