{"avg_branching_factor":57.364134738059214,"nb_eval":46,"nb_expanded":2082589,"nb_generated":119465916,"nb_guide":119465885,"nb_sols_created":0,"nb_trashed":21503,"nodes_generated_per_sec":663616.4375,"time_searched":180.0225372314453}