{"avg_branching_factor":467.9882866859707,"nb_eval":22,"nb_expanded":4377668,"nb_generated":2048697347,"nb_guide":2048697338,"nb_sols_created":0,"nb_trashed":5262,"nodes_generated_per_sec":948468.625,"time_searched":2160.00537109375}