{"avg_branching_factor":132.4948404546346,"nb_eval":8,"nb_expanded":968690,"nb_generated":128346427,"nb_guide":128346433,"nb_sols_created":0,"nb_trashed":64693,"nodes_generated_per_sec":357317.90625,"time_searched":359.1939392089844}