{"avg_branching_factor":101.0981441238187,"nb_eval":24,"nb_expanded":3289713,"nb_generated":332583879,"nb_guide":332583870,"nb_sols_created":0,"nb_trashed":16541,"nodes_generated_per_sec":1847597.375,"time_searched":180.00885009765625}