{"avg_branching_factor":139.6468813178398,"nb_eval":6,"nb_expanded":1603594,"nb_generated":223936901,"nb_guide":223936908,"nb_sols_created":0,"nb_trashed":182994,"nodes_generated_per_sec":622043.6875,"time_searched":360.00189208984375}