{"avg_branching_factor":334.0386558221915,"nb_eval":18,"nb_expanded":2815074,"nb_generated":940343535,"nb_guide":940343530,"nb_sols_created":0,"nb_trashed":4327,"nodes_generated_per_sec":1741369.25,"time_searched":540.0023803710938}