{"avg_branching_factor":117.7309159501777,"nb_eval":16,"nb_expanded":2232414,"nb_generated":262824145,"nb_guide":262824143,"nb_sols_created":0,"nb_trashed":11295,"nodes_generated_per_sec":486701.09375,"time_searched":540.0114135742188}