{"avg_branching_factor":410.8973720143113,"nb_eval":19,"nb_expanded":4088797,"nb_generated":1680075942,"nb_guide":1680075936,"nb_sols_created":0,"nb_trashed":19534,"nodes_generated_per_sec":1333391.0,"time_searched":1260.00244140625}