{"avg_branching_factor":123.02087699689626,"nb_eval":20,"nb_expanded":2085549,"nb_generated":256566067,"nb_guide":256566061,"nb_sols_created":0,"nb_trashed":15365,"nodes_generated_per_sec":475114.34375,"time_searched":540.0090942382812}