{"avg_branching_factor":161.06157946437295,"nb_eval":16,"nb_expanded":2640718,"nb_generated":425318212,"nb_guide":425318210,"nb_sols_created":0,"nb_trashed":12446,"nodes_generated_per_sec":525078.8125,"time_searched":810.0083618164062}