{"avg_branching_factor":228.8761784634092,"nb_eval":36,"nb_expanded":4033006,"nb_generated":923059001,"nb_guide":923058979,"nb_sols_created":0,"nb_trashed":8707,"nodes_generated_per_sec":1282009.625,"time_searched":720.0093994140625}