{"avg_branching_factor":458.3839871681664,"nb_eval":14,"nb_expanded":2640932,"nb_generated":1210560940,"nb_guide":1210560938,"nb_sols_created":0,"nb_trashed":2035,"nodes_generated_per_sec":1681386.625,"time_searched":719.9777221679688}