{"avg_branching_factor":233.3337121843004,"nb_eval":13,"nb_expanded":4809279,"nb_generated":1122166922,"nb_guide":1122166923,"nb_sols_created":0,"nb_trashed":8178,"nodes_generated_per_sec":1039028.875,"time_searched":1080.01513671875}