{"avg_branching_factor":57.02300575797929,"nb_eval":24,"nb_expanded":4052116,"nb_generated":231063834,"nb_guide":231063826,"nb_sols_created":0,"nb_trashed":50470,"nodes_generated_per_sec":1283507.75,"time_searched":180.02528381347656}