{"avg_branching_factor":105.94420912541717,"nb_eval":4,"nb_expanded":3010098,"nb_generated":318902452,"nb_guide":318902462,"nb_sols_created":0,"nb_trashed":23782,"nodes_generated_per_sec":1771620.125,"time_searched":180.00611877441406}