{"avg_branching_factor":467.2155333714628,"nb_eval":41,"nb_expanded":4418281,"nb_generated":2064289514,"nb_guide":2064289486,"nb_sols_created":0,"nb_trashed":4305,"nodes_generated_per_sec":955687.75,"time_searched":2160.004150390625}