{"avg_branching_factor":409.2389362861209,"nb_eval":18,"nb_expanded":2083455,"nb_generated":852630908,"nb_guide":852630902,"nb_sols_created":0,"nb_trashed":2067,"nodes_generated_per_sec":451127.15625,"time_searched":1890.0013427734375}