{"avg_branching_factor":320.4159771445322,"nb_eval":21,"nb_expanded":5294488,"nb_generated":1696438546,"nb_guide":1696438539,"nb_sols_created":0,"nb_trashed":8170,"nodes_generated_per_sec":1047177.75,"time_searched":1620.0101318359375}