{"avg_branching_factor":87.22641475519656,"nb_eval":12,"nb_expanded":1446487,"nb_generated":126171875,"nb_guide":126171876,"nb_sols_created":0,"nb_trashed":5252,"nodes_generated_per_sec":467298.90625,"time_searched":270.00250244140625}