{"avg_branching_factor":57.19995241046199,"nb_eval":16,"nb_expanded":4047108,"nb_generated":231494385,"nb_guide":231494385,"nb_sols_created":0,"nb_trashed":77707,"nodes_generated_per_sec":1285919.5,"time_searched":180.02244567871094}