{"avg_branching_factor":176.8193059740913,"nb_eval":6,"nb_expanded":1622389,"nb_generated":286869697,"nb_guide":286869704,"nb_sols_created":0,"nb_trashed":77309,"nodes_generated_per_sec":796857.0,"time_searched":360.00146484375}