{"avg_branching_factor":408.154900439685,"nb_eval":39,"nb_expanded":3818188,"nb_generated":1558412143,"nb_guide":1558412117,"nb_sols_created":0,"nb_trashed":4167,"nodes_generated_per_sec":1236832.5,"time_searched":1260.0025634765625}