{"avg_branching_factor":166.06519839419275,"nb_eval":10,"nb_expanded":5236494,"nb_generated":869599415,"nb_guide":869599420,"nb_sols_created":0,"nb_trashed":49641,"nodes_generated_per_sec":1073567.75,"time_searched":810.0089111328125}