{"avg_branching_factor":455.91395096608215,"nb_eval":10,"nb_expanded":2319782,"nb_generated":1057620977,"nb_guide":1057620979,"nb_sols_created":0,"nb_trashed":6811,"nodes_generated_per_sec":489639.03125,"time_searched":2160.00146484375}