{"avg_branching_factor":58.117697395220425,"nb_eval":32,"nb_expanded":2121024,"nb_generated":123269031,"nb_guide":123269014,"nb_sols_created":0,"nb_trashed":21532,"nodes_generated_per_sec":456497.78125,"time_searched":270.03204345703125}