{"avg_branching_factor":463.09358384504907,"nb_eval":32,"nb_expanded":4203343,"nb_generated":1946541174,"nb_guide":1946541155,"nb_sols_created":0,"nb_trashed":4064,"nodes_generated_per_sec":901175.25,"time_searched":2160.0029296875}