{"avg_branching_factor":231.55084675718072,"nb_eval":10,"nb_expanded":2310875,"nb_generated":535085063,"nb_guide":535085066,"nb_sols_created":0,"nb_trashed":41066,"nodes_generated_per_sec":594537.375,"time_searched":900.0023803710938}