{"avg_branching_factor":426.75183371711523,"nb_eval":10,"nb_expanded":1701053,"nb_generated":725927487,"nb_guide":725927489,"nb_sols_created":0,"nb_trashed":4989,"nodes_generated_per_sec":576132.4375,"time_searched":1260.0010986328125}