{"avg_branching_factor":263.28379916869824,"nb_eval":31,"nb_expanded":4312754,"nb_generated":1135478258,"nb_guide":1135478241,"nb_sols_created":0,"nb_trashed":9680,"nodes_generated_per_sec":1261631.0,"time_searched":900.0082397460938}