{"avg_branching_factor":115.3088586941624,"nb_eval":43,"nb_expanded":5034286,"nb_generated":580497773,"nb_guide":580497745,"nb_sols_created":0,"nb_trashed":21049,"nodes_generated_per_sec":1074938.75,"time_searched":540.0286865234375}