{"avg_branching_factor":168.39292871536932,"nb_eval":19,"nb_expanded":4129179,"nb_generated":695324545,"nb_guide":695324540,"nb_sols_created":0,"nb_trashed":8181,"nodes_generated_per_sec":1287622.625,"time_searched":540.0064697265625}