{"avg_branching_factor":167.5310630945007,"nb_eval":15,"nb_expanded":2846191,"nb_generated":476825404,"nb_guide":476825403,"nb_sols_created":0,"nb_trashed":35101,"nodes_generated_per_sec":1765991.25,"time_searched":270.00439453125}