{"avg_branching_factor":261.0047008051423,"nb_eval":5,"nb_expanded":1207240,"nb_generated":315095315,"nb_guide":315095322,"nb_sols_created":0,"nb_trashed":9981,"nodes_generated_per_sec":700208.875,"time_searched":450.00189208984375}