{"avg_branching_factor":116.07934434312219,"nb_eval":27,"nb_expanded":4283582,"nb_generated":497235390,"nb_guide":497235378,"nb_sols_created":0,"nb_trashed":16787,"nodes_generated_per_sec":1381225.25,"time_searched":359.9958801269531}