{"avg_branching_factor":276.1407250233265,"nb_eval":15,"nb_expanded":2170275,"nb_generated":599301312,"nb_guide":599301310,"nb_sols_created":0,"nb_trashed":13365,"nodes_generated_per_sec":443925.125,"time_searched":1350.00537109375}