{"avg_branching_factor":349.86940992861645,"nb_eval":30,"nb_expanded":3650982,"nb_generated":1277366918,"nb_guide":1277366901,"nb_sols_created":0,"nb_trashed":4065,"nodes_generated_per_sec":1182744.5,"time_searched":1080.00244140625}