{"avg_branching_factor":389.50983786087016,"nb_eval":11,"nb_expanded":2074638,"nb_generated":808091911,"nb_guide":808091912,"nb_sols_created":0,"nb_trashed":10493,"nodes_generated_per_sec":641342.0,"time_searched":1260.0015869140625}