{"avg_branching_factor":101.75226921591349,"nb_eval":4,"nb_expanded":3168936,"nb_generated":322446429,"nb_guide":322446440,"nb_sols_created":0,"nb_trashed":39387,"nodes_generated_per_sec":1791287.875,"time_searched":180.00816345214844}