{"avg_branching_factor":115.85643584018128,"nb_eval":23,"nb_expanded":4204789,"nb_generated":487151867,"nb_guide":487151859,"nb_sols_created":0,"nb_trashed":19212,"nodes_generated_per_sec":1353108.625,"time_searched":360.02423095703125}