{"avg_branching_factor":332.48451261152303,"nb_eval":22,"nb_expanded":2807155,"nb_generated":933335562,"nb_guide":933335553,"nb_sols_created":0,"nb_trashed":4205,"nodes_generated_per_sec":1728390.75,"time_searched":540.0026245117188}