{"avg_branching_factor":55.63890451499746,"nb_eval":22,"nb_expanded":1342127,"nb_generated":74674476,"nb_guide":74674468,"nb_sols_created":0,"nb_trashed":18482,"nodes_generated_per_sec":829625.5625,"time_searched":90.00985717773438}