{"avg_branching_factor":331.2704666808234,"nb_eval":12,"nb_expanded":2792551,"nb_generated":925089673,"nb_guide":925089674,"nb_sols_created":0,"nb_trashed":5138,"nodes_generated_per_sec":1713122.75,"time_searched":540.001953125}