{"avg_branching_factor":117.72539718138674,"nb_eval":13,"nb_expanded":1382240,"nb_generated":162724753,"nb_guide":162724753,"nb_sols_created":0,"nb_trashed":4737,"nodes_generated_per_sec":602675.8125,"time_searched":270.0037841796875}