{"avg_branching_factor":159.96092749307556,"nb_eval":11,"nb_expanded":1918203,"nb_generated":306837531,"nb_guide":306837533,"nb_sols_created":0,"nb_trashed":14487,"nodes_generated_per_sec":568213.75,"time_searched":540.0037231445312}