{"avg_branching_factor":388.0341399119265,"nb_eval":12,"nb_expanded":4987652,"nb_generated":1935379254,"nb_guide":1935379255,"nb_sols_created":0,"nb_trashed":4343,"nodes_generated_per_sec":1024007.75,"time_searched":1890.00439453125}