{"avg_branching_factor":280.0047362716709,"nb_eval":10,"nb_expanded":1326782,"nb_generated":371505244,"nb_guide":371505246,"nb_sols_created":0,"nb_trashed":6838,"nodes_generated_per_sec":687972.0625,"time_searched":540.00048828125}