{"avg_branching_factor":457.97400801781066,"nb_eval":14,"nb_expanded":2647855,"nb_generated":1212648767,"nb_guide":1212648765,"nb_sols_created":0,"nb_trashed":2033,"nodes_generated_per_sec":1684232.75,"time_searched":720.0006713867188}