{"avg_branching_factor":101.2859260875235,"nb_eval":20,"nb_expanded":3282044,"nb_generated":332424866,"nb_guide":332424861,"nb_sols_created":0,"nb_trashed":17789,"nodes_generated_per_sec":1846703.5,"time_searched":180.00987243652344}