{"avg_branching_factor":168.87013511199254,"nb_eval":37,"nb_expanded":2896264,"nb_generated":489092493,"nb_guide":489092470,"nb_sols_created":0,"nb_trashed":10017,"nodes_generated_per_sec":1811415.75,"time_searched":270.0056457519531}