{"avg_branching_factor":115.36694659700802,"nb_eval":35,"nb_expanded":4177706,"nb_generated":481969185,"nb_guide":481969165,"nb_sols_created":0,"nb_trashed":17511,"nodes_generated_per_sec":1338702.25,"time_searched":360.02716064453125}