{"avg_branching_factor":330.24594727266805,"nb_eval":11,"nb_expanded":4298340,"nb_generated":1419509365,"nb_guide":1419509367,"nb_sols_created":0,"nb_trashed":15575,"nodes_generated_per_sec":1314357.5,"time_searched":1080.00244140625}