{"avg_branching_factor":410.55728421172915,"nb_eval":5,"nb_expanded":4060508,"nb_generated":1667071137,"nb_guide":1667071145,"nb_sols_created":0,"nb_trashed":7714,"nodes_generated_per_sec":1323070.0,"time_searched":1260.002197265625}