{"avg_branching_factor":214.17047262486093,"nb_eval":4,"nb_expanded":2975510,"nb_generated":637266383,"nb_guide":637266392,"nb_sols_created":0,"nb_trashed":10216,"nodes_generated_per_sec":1770174.125,"time_searched":360.0020751953125}