{"avg_branching_factor":113.77781773649532,"nb_eval":19,"nb_expanded":1893621,"nb_generated":215452065,"nb_guide":215452060,"nb_sols_created":0,"nb_trashed":13259,"nodes_generated_per_sec":598464.5625,"time_searched":360.008056640625}