{"avg_branching_factor":453.54255898612126,"nb_eval":26,"nb_expanded":3917786,"nb_generated":1776882688,"nb_guide":1776882675,"nb_sols_created":0,"nb_trashed":4411,"nodes_generated_per_sec":1233942.875,"time_searched":1440.0040283203125}