{"avg_branching_factor":314.1647247661404,"nb_eval":11,"nb_expanded":2435329,"nb_generated":765094465,"nb_guide":765094467,"nb_sols_created":0,"nb_trashed":7621,"nodes_generated_per_sec":472279.59375,"time_searched":1620.003173828125}