{"avg_branching_factor":261.9780974537592,"nb_eval":44,"nb_expanded":4295391,"nb_generated":1125298362,"nb_guide":1125298332,"nb_sols_created":0,"nb_trashed":10694,"nodes_generated_per_sec":1250322.25,"time_searched":900.006591796875}