{"avg_branching_factor":290.89415166228025,"nb_eval":9,"nb_expanded":2690491,"nb_generated":782648097,"nb_guide":782648101,"nb_sols_created":0,"nb_trashed":4973,"nodes_generated_per_sec":1739209.75,"time_searched":450.0021667480469}