{"avg_branching_factor":464.78017770053594,"nb_eval":12,"nb_expanded":5017430,"nb_generated":2332002007,"nb_guide":2332002008,"nb_sols_created":0,"nb_trashed":7170,"nodes_generated_per_sec":1079628.625,"time_searched":2160.00390625}