{"avg_branching_factor":310.8084816233716,"nb_eval":30,"nb_expanded":5098623,"nb_generated":1584695273,"nb_guide":1584695257,"nb_sols_created":0,"nb_trashed":8184,"nodes_generated_per_sec":978199.625,"time_searched":1620.01220703125}