{"avg_branching_factor":332.20748605668774,"nb_eval":21,"nb_expanded":2821245,"nb_generated":937238709,"nb_guide":937238701,"nb_sols_created":0,"nb_trashed":5079,"nodes_generated_per_sec":1735616.125,"time_searched":540.0034790039062}