{"avg_branching_factor":113.60003166347033,"nb_eval":21,"nb_expanded":5280533,"nb_generated":599868716,"nb_guide":599868710,"nb_sols_created":0,"nb_trashed":33688,"nodes_generated_per_sec":1110831.0,"time_searched":540.0180053710938}