{"avg_branching_factor":288.31100297321126,"nb_eval":10,"nb_expanded":5163777,"nb_generated":1488773726,"nb_guide":1488773730,"nb_sols_created":0,"nb_trashed":24671,"nodes_generated_per_sec":1102790.25,"time_searched":1350.00634765625}