{"avg_branching_factor":388.6275485689158,"nb_eval":13,"nb_expanded":2208151,"nb_generated":858148310,"nb_guide":858148309,"nb_sols_created":0,"nb_trashed":25892,"nodes_generated_per_sec":595935.6875,"time_searched":1440.00146484375}