{"avg_branching_factor":159.64720240170126,"nb_eval":49,"nb_expanded":5269931,"nb_generated":841329741,"nb_guide":841329707,"nb_sols_created":0,"nb_trashed":18557,"nodes_generated_per_sec":1038651.0625,"time_searched":810.0215454101562}