{"avg_branching_factor":154.4643208670626,"nb_eval":20,"nb_expanded":2404809,"nb_generated":371457189,"nb_guide":371457183,"nb_sols_created":0,"nb_trashed":12588,"nodes_generated_per_sec":458585.875,"time_searched":810.0057373046875}