{"avg_branching_factor":103.61857044108265,"nb_eval":14,"nb_expanded":3078516,"nb_generated":318991427,"nb_guide":318991427,"nb_sols_created":0,"nb_trashed":13415,"nodes_generated_per_sec":1772303.125,"time_searched":179.9869384765625}