{"avg_branching_factor":117.21533258414686,"nb_eval":31,"nb_expanded":4209010,"nb_generated":493360507,"nb_guide":493360491,"nb_sols_created":0,"nb_trashed":41058,"nodes_generated_per_sec":1370395.625,"time_searched":360.01318359375}