{"avg_branching_factor":395.6098937203321,"nb_eval":10,"nb_expanded":2133616,"nb_generated":844079599,"nb_guide":844079601,"nb_sols_created":0,"nb_trashed":10328,"nodes_generated_per_sec":390777.375,"time_searched":2160.001220703125}