{"avg_branching_factor":169.55197939004435,"nb_eval":18,"nb_expanded":2931787,"nb_generated":497090289,"nb_guide":497090285,"nb_sols_created":0,"nb_trashed":8173,"nodes_generated_per_sec":1841037.375,"time_searched":270.00555419921875}