{"avg_branching_factor":55.70959697950638,"nb_eval":35,"nb_expanded":1990668,"nb_generated":110899312,"nb_guide":110899292,"nb_sols_created":0,"nb_trashed":33836,"nodes_generated_per_sec":616035.1875,"time_searched":180.0210723876953}