{"avg_branching_factor":210.27139260836373,"nb_eval":14,"nb_expanded":1892815,"nb_generated":398004846,"nb_guide":398004845,"nb_sols_created":0,"nb_trashed":16174,"nodes_generated_per_sec":552781.1875,"time_searched":720.0043334960938}