{"avg_branching_factor":57.32661463046875,"nb_eval":22,"nb_expanded":1925967,"nb_generated":110409168,"nb_guide":110409161,"nb_sols_created":0,"nb_trashed":25001,"nodes_generated_per_sec":613297.3125,"time_searched":180.0255126953125}