{"avg_branching_factor":227.35652924382052,"nb_eval":20,"nb_expanded":1808724,"nb_generated":411225211,"nb_guide":411225204,"nb_sols_created":0,"nb_trashed":7665,"nodes_generated_per_sec":571142.8125,"time_searched":720.004150390625}