{"avg_branching_factor":284.8971989904093,"nb_eval":9,"nb_expanded":2630373,"nb_generated":749385900,"nb_guide":749385904,"nb_sols_created":0,"nb_trashed":10852,"nodes_generated_per_sec":462582.53125,"time_searched":1620.0047607421875}