{"avg_branching_factor":302.99555627997995,"nb_eval":11,"nb_expanded":2030731,"nb_generated":615302469,"nb_guide":615302470,"nb_sols_created":0,"nb_trashed":4186,"nodes_generated_per_sec":427293.0625,"time_searched":1440.0010986328125}