{"avg_branching_factor":110.33404236882163,"nb_eval":18,"nb_expanded":1834887,"nb_generated":202450500,"nb_guide":202450496,"nb_sols_created":0,"nb_trashed":12428,"nodes_generated_per_sec":562347.125,"time_searched":360.00982666015625}