{"avg_branching_factor":276.1335160559893,"nb_eval":10,"nb_expanded":2715591,"nb_generated":749865691,"nb_guide":749865694,"nb_sols_created":0,"nb_trashed":26787,"nodes_generated_per_sec":462878.75,"time_searched":1620.0045166015625}