{"avg_branching_factor":314.1723155448178,"nb_eval":34,"nb_expanded":5166011,"nb_generated":1623017638,"nb_guide":1623017618,"nb_sols_created":0,"nb_trashed":8157,"nodes_generated_per_sec":1001856.375,"time_searched":1620.01025390625}