{"avg_branching_factor":57.29270194301096,"nb_eval":66,"nb_expanded":4863637,"nb_generated":278650905,"nb_guide":278650855,"nb_sols_created":0,"nb_trashed":42786,"nodes_generated_per_sec":1031827.4375,"time_searched":270.05572509765625}