{"avg_branching_factor":171.71970410006142,"nb_eval":45,"nb_expanded":3926868,"nb_generated":674320611,"nb_guide":674320580,"nb_sols_created":0,"nb_trashed":8714,"nodes_generated_per_sec":1248720.625,"time_searched":540.0092163085938}