{"avg_branching_factor":171.28516239471907,"nb_eval":9,"nb_expanded":1844826,"nb_generated":315991321,"nb_guide":315991325,"nb_sols_created":0,"nb_trashed":8283,"nodes_generated_per_sec":585163.3125,"time_searched":540.00537109375}