{"avg_branching_factor":496.5337336037075,"nb_eval":8,"nb_expanded":1852248,"nb_generated":919703615,"nb_guide":919703619,"nb_sols_created":0,"nb_trashed":4316,"nodes_generated_per_sec":425788.3125,"time_searched":2160.001953125}