{"avg_branching_factor":335.9672518930823,"nb_eval":12,"nb_expanded":1928997,"nb_generated":648079821,"nb_guide":648079821,"nb_sols_created":0,"nb_trashed":5800,"nodes_generated_per_sec":514348.34375,"time_searched":1260.001708984375}