{"avg_branching_factor":221.17909408583193,"nb_eval":11,"nb_expanded":2354042,"nb_generated":520664877,"nb_guide":520664879,"nb_sols_created":0,"nb_trashed":36120,"nodes_generated_per_sec":578514.625,"time_searched":900.0029296875}