{"avg_branching_factor":289.7676719538977,"nb_eval":16,"nb_expanded":2635532,"nb_generated":763691972,"nb_guide":763691969,"nb_sols_created":0,"nb_trashed":4111,"nodes_generated_per_sec":1697080.25,"time_searched":450.0034484863281}