{"avg_branching_factor":262.1652035537945,"nb_eval":45,"nb_expanded":4309647,"nb_generated":1129839483,"nb_guide":1129839452,"nb_sols_created":0,"nb_trashed":8855,"nodes_generated_per_sec":1255369.5,"time_searched":900.0055541992188}