{"avg_branching_factor":221.47872663825152,"nb_eval":18,"nb_expanded":2842146,"nb_generated":629474877,"nb_guide":629474872,"nb_sols_created":0,"nb_trashed":4078,"nodes_generated_per_sec":1748527.375,"time_searched":360.00286865234375}