{"avg_branching_factor":56.091347573352124,"nb_eval":62,"nb_expanded":2590961,"nb_generated":145330494,"nb_guide":145330447,"nb_sols_created":0,"nb_trashed":23941,"nodes_generated_per_sec":538213.4375,"time_searched":270.0238952636719}