{"avg_branching_factor":170.53539668035563,"nb_eval":6,"nb_expanded":1912976,"nb_generated":326230121,"nb_guide":326230128,"nb_sols_created":0,"nb_trashed":6845,"nodes_generated_per_sec":604125.3125,"time_searched":540.0040283203125}