{"avg_branching_factor":170.1395502190659,"nb_eval":17,"nb_expanded":4027783,"nb_generated":685285188,"nb_guide":685285185,"nb_sols_created":0,"nb_trashed":8174,"nodes_generated_per_sec":1269023.5,"time_searched":540.0098266601562}