{"avg_branching_factor":115.43542703793813,"nb_eval":35,"nb_expanded":5046191,"nb_generated":582509213,"nb_guide":582509193,"nb_sols_created":0,"nb_trashed":22569,"nodes_generated_per_sec":1078677.125,"time_searched":540.0218505859375}