{"avg_branching_factor":115.59723102808475,"nb_eval":51,"nb_expanded":4159161,"nb_generated":480787495,"nb_guide":480787459,"nb_sols_created":0,"nb_trashed":21100,"nodes_generated_per_sec":1335445.75,"time_searched":360.0202331542969}