{"avg_branching_factor":124.54633182954092,"nb_eval":9,"nb_expanded":1335734,"nb_generated":166360770,"nb_guide":166360773,"nb_sols_created":0,"nb_trashed":39862,"nodes_generated_per_sec":308202.125,"time_searched":539.7781372070312}