{"avg_branching_factor":183.96940081715445,"nb_eval":7,"nb_expanded":1620991,"nb_generated":298212743,"nb_guide":298212749,"nb_sols_created":0,"nb_trashed":58838,"nodes_generated_per_sec":828366.625,"time_searched":360.00091552734375}