{"avg_branching_factor":337.8048788817534,"nb_eval":9,"nb_expanded":2108229,"nb_generated":712170042,"nb_guide":712170045,"nb_sols_created":0,"nb_trashed":3890,"nodes_generated_per_sec":439610.5,"time_searched":1620.0023193359375}