{"avg_branching_factor":56.98593650408592,"nb_eval":11,"nb_expanded":5045616,"nb_generated":287529153,"nb_guide":287529158,"nb_sols_created":0,"nb_trashed":67353,"nodes_generated_per_sec":1064833.75,"time_searched":270.0225830078125}