{"avg_branching_factor":442.9394919292297,"nb_eval":9,"nb_expanded":1717556,"nb_generated":760773382,"nb_guide":760773385,"nb_sols_created":0,"nb_trashed":5708,"nodes_generated_per_sec":603787.6875,"time_searched":1260.00146484375}