{"avg_branching_factor":361.53964151259515,"nb_eval":8,"nb_expanded":2906713,"nb_generated":1050891976,"nb_guide":1050891981,"nb_sols_created":0,"nb_trashed":9294,"nodes_generated_per_sec":1668078.625,"time_searched":630.00146484375}