{"avg_branching_factor":170.31835694121452,"nb_eval":19,"nb_expanded":2010275,"nb_generated":342386735,"nb_guide":342386729,"nb_sols_created":0,"nb_trashed":4547,"nodes_generated_per_sec":422697.1875,"time_searched":810.0046997070312}