{"avg_branching_factor":506.07746972193735,"nb_eval":7,"nb_expanded":1600251,"nb_generated":809850977,"nb_guide":809850982,"nb_sols_created":0,"nb_trashed":6386,"nodes_generated_per_sec":562396.0,"time_searched":1440.0013427734375}