{"avg_branching_factor":56.624644993367184,"nb_eval":9,"nb_expanded":5087581,"nb_generated":288082468,"nb_guide":288082475,"nb_sols_created":0,"nb_trashed":92202,"nodes_generated_per_sec":1066866.0,"time_searched":270.02685546875}