{"avg_branching_factor":52.78069766736229,"nb_eval":27,"nb_expanded":2966170,"nb_generated":156556522,"nb_guide":156556510,"nb_sols_created":0,"nb_trashed":17539,"nodes_generated_per_sec":1739079.0,"time_searched":90.02266693115234}