{"avg_branching_factor":408.32747453065195,"nb_eval":29,"nb_expanded":3831272,"nb_generated":1564413620,"nb_guide":1564413604,"nb_sols_created":0,"nb_trashed":4251,"nodes_generated_per_sec":1241593.75,"time_searched":1260.00439453125}