{"avg_branching_factor":409.5406065269198,"nb_eval":17,"nb_expanded":4127797,"nb_generated":1690500487,"nb_guide":1690500483,"nb_sols_created":0,"nb_trashed":5346,"nodes_generated_per_sec":1341664.75,"time_searched":1260.002197265625}