{"avg_branching_factor":396.5695912652662,"nb_eval":8,"nb_expanded":2216988,"nb_generated":879190025,"nb_guide":879190029,"nb_sols_created":0,"nb_trashed":15976,"nodes_generated_per_sec":407032.03125,"time_searched":2160.001953125}