{"avg_branching_factor":100.27165860319697,"nb_eval":29,"nb_expanded":3236820,"nb_generated":324561310,"nb_guide":324561296,"nb_sols_created":0,"nb_trashed":17263,"nodes_generated_per_sec":1803022.0,"time_searched":180.00962829589844}