{"avg_branching_factor":407.94171132651746,"nb_eval":38,"nb_expanded":3815321,"nb_generated":1556428578,"nb_guide":1556428553,"nb_sols_created":0,"nb_trashed":4061,"nodes_generated_per_sec":1235258.25,"time_searched":1260.0025634765625}