{"avg_branching_factor":235.9552961922233,"nb_eval":13,"nb_expanded":2025644,"nb_generated":477961430,"nb_guide":477961430,"nb_sols_created":0,"nb_trashed":6888,"nodes_generated_per_sec":442554.84375,"time_searched":1080.0050048828125}