{"avg_branching_factor":290.0193335027784,"nb_eval":9,"nb_expanded":5189489,"nb_generated":1505052141,"nb_guide":1505052146,"nb_sols_created":0,"nb_trashed":15952,"nodes_generated_per_sec":1114846.25,"time_searched":1350.0086669921875}