{"avg_branching_factor":260.76288211622017,"nb_eval":15,"nb_expanded":2058765,"nb_generated":536849495,"nb_guide":536849493,"nb_sols_created":0,"nb_trashed":6839,"nodes_generated_per_sec":596497.625,"time_searched":900.0027465820312}