{"avg_branching_factor":347.2583945962673,"nb_eval":36,"nb_expanded":3816473,"nb_generated":1325302287,"nb_guide":1325302264,"nb_sols_created":0,"nb_trashed":4372,"nodes_generated_per_sec":1227129.0,"time_searched":1080.00244140625}