{"avg_branching_factor":325.1269366192926,"nb_eval":6,"nb_expanded":5376573,"nb_generated":1748068709,"nb_guide":1748068717,"nb_sols_created":0,"nb_trashed":20667,"nodes_generated_per_sec":1079049.375,"time_searched":1620.008056640625}