{"avg_branching_factor":271.71387234949503,"nb_eval":16,"nb_expanded":2214578,"nb_generated":601731564,"nb_guide":601731561,"nb_sols_created":0,"nb_trashed":4838,"nodes_generated_per_sec":445725.8125,"time_searched":1350.00390625}