{"avg_branching_factor":105.27375400755386,"nb_eval":8,"nb_expanded":3023353,"nb_generated":318279720,"nb_guide":318279726,"nb_sols_created":0,"nb_trashed":12625,"nodes_generated_per_sec":1768188.125,"time_searched":180.00331115722656}