{"avg_branching_factor":413.0315368626639,"nb_eval":5,"nb_expanded":1251361,"nb_generated":516851557,"nb_guide":516851563,"nb_sols_created":0,"nb_trashed":6780,"nodes_generated_per_sec":717849.0,"time_searched":720.0003662109375}