{"avg_branching_factor":352.8054759894514,"nb_eval":8,"nb_expanded":5756220,"nb_generated":2030825937,"nb_guide":2030825943,"nb_sols_created":0,"nb_trashed":13681,"nodes_generated_per_sec":1074508.375,"time_searched":1890.0048828125}