{"avg_branching_factor":175.92090191317877,"nb_eval":16,"nb_expanded":1740611,"nb_generated":306209857,"nb_guide":306209854,"nb_sols_created":0,"nb_trashed":5114,"nodes_generated_per_sec":567051.9375,"time_searched":540.003173828125}