{"avg_branching_factor":461.86079772917117,"nb_eval":23,"nb_expanded":4157777,"nb_generated":1920314202,"nb_guide":1920314192,"nb_sols_created":0,"nb_trashed":5350,"nodes_generated_per_sec":1333549.625,"time_searched":1440.0020751953125}