{"avg_branching_factor":168.7511153083284,"nb_eval":15,"nb_expanded":2892922,"nb_generated":488183814,"nb_guide":488183813,"nb_sols_created":0,"nb_trashed":35101,"nodes_generated_per_sec":1808053.625,"time_searched":270.0051574707031}