{"avg_branching_factor":219.85366572990387,"nb_eval":3,"nb_expanded":2885469,"nb_generated":634380937,"nb_guide":634380947,"nb_sols_created":0,"nb_trashed":10888,"nodes_generated_per_sec":1762156.25,"time_searched":360.0026550292969}