{"avg_branching_factor":169.96515076601935,"nb_eval":29,"nb_expanded":2916506,"nb_generated":495704382,"nb_guide":495704367,"nb_sols_created":0,"nb_trashed":9360,"nodes_generated_per_sec":1835878.875,"time_searched":270.0093078613281}