{"avg_branching_factor":290.1775691712581,"nb_eval":41,"nb_expanded":2665305,"nb_generated":773411726,"nb_guide":773411698,"nb_sols_created":0,"nb_trashed":4054,"nodes_generated_per_sec":1718678.875,"time_searched":450.0036315917969}