{"avg_branching_factor":238.43912803248702,"nb_eval":5,"nb_expanded":1480468,"nb_generated":353001499,"nb_guide":353001506,"nb_sols_created":0,"nb_trashed":133626,"nodes_generated_per_sec":653705.375,"time_searched":540.0009155273438}