{"avg_branching_factor":331.9348573058713,"nb_eval":31,"nb_expanded":2818336,"nb_generated":935503958,"nb_guide":935503940,"nb_sols_created":0,"nb_trashed":4524,"nodes_generated_per_sec":1732405.875,"time_searched":540.0027465820312}