{"avg_branching_factor":335.34047136216464,"nb_eval":6,"nb_expanded":1633224,"nb_generated":547686106,"nb_guide":547686112,"nb_sols_created":0,"nb_trashed":87491,"nodes_generated_per_sec":760674.4375,"time_searched":720.0006103515625}