{"avg_branching_factor":115.36340597050788,"nb_eval":20,"nb_expanded":2030916,"nb_generated":234293387,"nb_guide":234293381,"nb_sols_created":0,"nb_trashed":13419,"nodes_generated_per_sec":433868.375,"time_searched":540.0103149414062}