{"avg_branching_factor":360.6909195073045,"nb_eval":9,"nb_expanded":1619824,"nb_generated":584255808,"nb_guide":584255811,"nb_sols_created":0,"nb_trashed":2304,"nodes_generated_per_sec":811465.75,"time_searched":720.0005493164062}