{"avg_branching_factor":415.6110619974306,"nb_eval":16,"nb_expanded":2101700,"nb_generated":873489769,"nb_guide":873489765,"nb_sols_created":0,"nb_trashed":3002,"nodes_generated_per_sec":462163.4375,"time_searched":1890.001953125}