{"avg_branching_factor":429.0529257730425,"nb_eval":9,"nb_expanded":1855202,"nb_generated":795979846,"nb_guide":795979849,"nb_sols_created":0,"nb_trashed":4300,"nodes_generated_per_sec":421153.15625,"time_searched":1890.0008544921875}