{"avg_branching_factor":360.3607587817698,"nb_eval":38,"nb_expanded":2951626,"nb_generated":1063650185,"nb_guide":1063650160,"nb_sols_created":0,"nb_trashed":4929,"nodes_generated_per_sec":1688327.125,"time_searched":630.00244140625}