{"avg_branching_factor":57.894798677592355,"nb_eval":19,"nb_expanded":2076818,"nb_generated":120236960,"nb_guide":120236956,"nb_sols_created":0,"nb_trashed":21952,"nodes_generated_per_sec":445279.53125,"time_searched":270.0257873535156}