{"avg_branching_factor":209.48608352163743,"nb_eval":4,"nb_expanded":1054146,"nb_generated":220828917,"nb_guide":220828926,"nb_sols_created":0,"nb_trashed":61710,"nodes_generated_per_sec":306705.25,"time_searched":720.0037231445312}