{"avg_branching_factor":196.1055511989449,"nb_eval":9,"nb_expanded":785524,"nb_generated":154045617,"nb_guide":154045620,"nb_sols_created":0,"nb_trashed":29209,"nodes_generated_per_sec":458490.875,"time_searched":335.9840393066406}