{"avg_branching_factor":408.2945196157973,"nb_eval":32,"nb_expanded":3820900,"nb_generated":1560052530,"nb_guide":1560052511,"nb_sols_created":0,"nb_trashed":4961,"nodes_generated_per_sec":1238133.875,"time_searched":1260.0030517578125}