{"avg_branching_factor":263.6459683107744,"nb_eval":11,"nb_expanded":2096801,"nb_generated":552813130,"nb_guide":552813131,"nb_sols_created":0,"nb_trashed":6676,"nodes_generated_per_sec":383897.9375,"time_searched":1440.000244140625}