{"avg_branching_factor":265.6012241817113,"nb_eval":14,"nb_expanded":2037606,"nb_generated":541190648,"nb_guide":541190647,"nb_sols_created":0,"nb_trashed":7644,"nodes_generated_per_sec":601320.8125,"time_searched":900.003173828125}