{"avg_branching_factor":253.0267425447205,"nb_eval":4,"nb_expanded":1342505,"nb_generated":339689667,"nb_guide":339689675,"nb_sols_created":0,"nb_trashed":93291,"nodes_generated_per_sec":754864.125,"time_searched":450.0010681152344}