{"avg_branching_factor":240.35607187762622,"nb_eval":7,"nb_expanded":1544514,"nb_generated":371233318,"nb_guide":371233323,"nb_sols_created":0,"nb_trashed":135086,"nodes_generated_per_sec":589258.375,"time_searched":630.0009155273438}