{"avg_branching_factor":290.0075116498121,"nb_eval":19,"nb_expanded":2657339,"nb_generated":770648271,"nb_guide":770648265,"nb_sols_created":0,"nb_trashed":4077,"nodes_generated_per_sec":1712538.25,"time_searched":450.0035400390625}