{"avg_branching_factor":168.97038464349225,"nb_eval":38,"nb_expanded":4105100,"nb_generated":693640326,"nb_guide":693640302,"nb_sols_created":0,"nb_trashed":9180,"nodes_generated_per_sec":1284502.0,"time_searched":540.0072021484375}