{"avg_branching_factor":278.5388686939419,"nb_eval":14,"nb_expanded":2719052,"nb_generated":757361668,"nb_guide":757361667,"nb_sols_created":0,"nb_trashed":13028,"nodes_generated_per_sec":467505.9375,"time_searched":1620.00439453125}