{"avg_branching_factor":219.19124714183695,"nb_eval":8,"nb_expanded":1221064,"nb_generated":267646541,"nb_guide":267646545,"nb_sols_created":0,"nb_trashed":16805,"nodes_generated_per_sec":743460.8125,"time_searched":360.0008850097656}