{"avg_branching_factor":280.4150191797984,"nb_eval":7,"nb_expanded":1484635,"nb_generated":416313952,"nb_guide":416313957,"nb_sols_created":0,"nb_trashed":91399,"nodes_generated_per_sec":770951.125,"time_searched":540.0004272460938}