{"avg_branching_factor":190.9532509656452,"nb_eval":4,"nb_expanded":1253566,"nb_generated":239372503,"nb_guide":239372511,"nb_sols_created":0,"nb_trashed":9345,"nodes_generated_per_sec":531936.5,"time_searched":450.00201416015625}