{"avg_branching_factor":57.23525087338799,"nb_eval":44,"nb_expanded":2376378,"nb_generated":136012591,"nb_guide":136012562,"nb_sols_created":0,"nb_trashed":34911,"nodes_generated_per_sec":503711.96875,"time_searched":270.02056884765625}