{"avg_branching_factor":84.9292252975778,"nb_eval":10,"nb_expanded":1594793,"nb_generated":135444534,"nb_guide":135444538,"nb_sols_created":0,"nb_trashed":71250,"nodes_generated_per_sec":752446.0625,"time_searched":180.00563049316406}