{"avg_branching_factor":238.16792408189917,"nb_eval":11,"nb_expanded":2113330,"nb_generated":503327419,"nb_guide":503327421,"nb_sols_created":0,"nb_trashed":5888,"nodes_generated_per_sec":466041.6875,"time_searched":1080.005126953125}