{"avg_branching_factor":42.71305937695594,"nb_eval":20,"nb_expanded":1722318,"nb_generated":73565471,"nb_guide":73565466,"nb_sols_created":0,"nb_trashed":87022,"nodes_generated_per_sec":817243.875,"time_searched":90.01654815673828}