{"avg_branching_factor":217.18382317315425,"nb_eval":21,"nb_expanded":1444758,"nb_generated":313778066,"nb_guide":313778057,"nb_sols_created":0,"nb_trashed":2136,"nodes_generated_per_sec":871603.0625,"time_searched":360.0011291503906}