{"avg_branching_factor":57.40115101628111,"nb_eval":54,"nb_expanded":4074660,"nb_generated":233890174,"nb_guide":233890136,"nb_sols_created":0,"nb_trashed":54310,"nodes_generated_per_sec":1298976.625,"time_searched":180.05726623535156}