{"avg_branching_factor":215.9860811275604,"nb_eval":9,"nb_expanded":409947,"nb_generated":88542846,"nb_guide":88542847,"nb_sols_created":0,"nb_trashed":3661,"nodes_generated_per_sec":504125.28125,"time_searched":175.6365966796875}