{"avg_branching_factor":216.3495746530331,"nb_eval":17,"nb_expanded":2957703,"nb_generated":639897786,"nb_guide":639897782,"nb_sols_created":0,"nb_trashed":4078,"nodes_generated_per_sec":1777477.625,"time_searched":360.0032958984375}