{"avg_branching_factor":99.33813658835389,"nb_eval":12,"nb_expanded":3225868,"nb_generated":320451716,"nb_guide":320451719,"nb_sols_created":0,"nb_trashed":55520,"nodes_generated_per_sec":1780220.875,"time_searched":180.0067138671875}