{"avg_branching_factor":334.12350098896206,"nb_eval":16,"nb_expanded":1421187,"nb_generated":474851976,"nb_guide":474851972,"nb_sols_created":0,"nb_trashed":2296,"nodes_generated_per_sec":879354.375,"time_searched":540.0006713867188}