{"avg_branching_factor":414.87863010704666,"nb_eval":17,"nb_expanded":2104690,"nb_generated":873190904,"nb_guide":873190899,"nb_sols_created":0,"nb_trashed":3004,"nodes_generated_per_sec":462005.28125,"time_searched":1890.0020751953125}