{"avg_branching_factor":156.3542920124159,"nb_eval":4,"nb_expanded":1609548,"nb_generated":251659738,"nb_guide":251659747,"nb_sols_created":0,"nb_trashed":186815,"nodes_generated_per_sec":559241.125,"time_searched":450.0022277832031}