{"avg_branching_factor":426.07419509467127,"nb_eval":6,"nb_expanded":1251700,"nb_generated":533317070,"nb_guide":533317075,"nb_sols_created":0,"nb_trashed":1410,"nodes_generated_per_sec":740717.625,"time_searched":720.00048828125}