{"avg_branching_factor":228.15336755160504,"nb_eval":48,"nb_expanded":4007021,"nb_generated":914215335,"nb_guide":914215301,"nb_sols_created":0,"nb_trashed":8460,"nodes_generated_per_sec":1269732.125,"time_searched":720.0064697265625}