{"avg_branching_factor":154.17511971105154,"nb_eval":22,"nb_expanded":4701738,"nb_generated":724891019,"nb_guide":724891011,"nb_sols_created":0,"nb_trashed":14283,"nodes_generated_per_sec":1342374.625,"time_searched":540.0064697265625}