{"avg_branching_factor":139.66580291072017,"nb_eval":9,"nb_expanded":2014072,"nb_generated":281296983,"nb_guide":281296987,"nb_sols_created":0,"nb_trashed":48129,"nodes_generated_per_sec":520918.1875,"time_searched":540.0022583007812}