{"avg_branching_factor":326.51930932265117,"nb_eval":16,"nb_expanded":4407094,"nb_generated":1439001289,"nb_guide":1439001286,"nb_sols_created":0,"nb_trashed":5137,"nodes_generated_per_sec":1332405.5,"time_searched":1080.0025634765625}