{"avg_branching_factor":270.5275553169014,"nb_eval":3,"nb_expanded":1478662,"nb_generated":400018816,"nb_guide":400018825,"nb_sols_created":0,"nb_trashed":104872,"nodes_generated_per_sec":740774.5,"time_searched":540.0007934570312}