{"avg_branching_factor":159.73148045433763,"nb_eval":19,"nb_expanded":5273523,"nb_generated":842347636,"nb_guide":842347632,"nb_sols_created":0,"nb_trashed":16869,"nodes_generated_per_sec":1039910.375,"time_searched":810.0194702148438}