{"avg_branching_factor":362.43898466036796,"nb_eval":24,"nb_expanded":2970671,"nb_generated":1076686981,"nb_guide":1076686970,"nb_sols_created":0,"nb_trashed":4752,"nodes_generated_per_sec":1709022.5,"time_searched":630.0016479492188}