{"avg_branching_factor":56.36052748450703,"nb_eval":31,"nb_expanded":2010751,"nb_generated":113326987,"nb_guide":113326971,"nb_sols_created":0,"nb_trashed":35505,"nodes_generated_per_sec":629485.625,"time_searched":180.03109741210938}