{"avg_branching_factor":261.6448886316322,"nb_eval":39,"nb_expanded":4291434,"nb_generated":1122831771,"nb_guide":1122831746,"nb_sols_created":0,"nb_trashed":8355,"nodes_generated_per_sec":1247577.375,"time_searched":900.0097045898438}