{"avg_branching_factor":262.4163735669544,"nb_eval":61,"nb_expanded":4316506,"nb_generated":1132721851,"nb_guide":1132721804,"nb_sols_created":0,"nb_trashed":8146,"nodes_generated_per_sec":1258570.75,"time_searched":900.0064086914062}