{"avg_branching_factor":115.39570191297264,"nb_eval":14,"nb_expanded":5146336,"nb_generated":593865055,"nb_guide":593865056,"nb_sols_created":0,"nb_trashed":41050,"nodes_generated_per_sec":1099720.625,"time_searched":540.0144653320312}