{"avg_branching_factor":55.041746803992126,"nb_eval":22,"nb_expanded":2055846,"nb_generated":113157355,"nb_guide":113157348,"nb_sols_created":0,"nb_trashed":63710,"nodes_generated_per_sec":628598.5,"time_searched":180.0153045654297}