{"avg_branching_factor":319.9853692976734,"nb_eval":15,"nb_expanded":5291612,"nb_generated":1693238420,"nb_guide":1693238419,"nb_sols_created":0,"nb_trashed":8180,"nodes_generated_per_sec":1045203.75,"time_searched":1620.0079345703125}