{"avg_branching_factor":330.45077304520083,"nb_eval":11,"nb_expanded":1902088,"nb_generated":628546450,"nb_guide":628546451,"nb_sols_created":0,"nb_trashed":6672,"nodes_generated_per_sec":581987.0,"time_searched":1080.0008544921875}