{"avg_branching_factor":57.03826305625813,"nb_eval":45,"nb_expanded":4048997,"nb_generated":230947756,"nb_guide":230947727,"nb_sols_created":0,"nb_trashed":44634,"nodes_generated_per_sec":1282778.0,"time_searched":180.03720092773438}