{"avg_branching_factor":236.3457088208933,"nb_eval":11,"nb_expanded":4220763,"nb_generated":997559223,"nb_guide":997559226,"nb_sols_created":0,"nb_trashed":33193,"nodes_generated_per_sec":1385489.0,"time_searched":720.0051879882812}