{"avg_branching_factor":459.19796768797625,"nb_eval":4,"nb_expanded":2613083,"nb_generated":1199922403,"nb_guide":1199922411,"nb_sols_created":0,"nb_trashed":4459,"nodes_generated_per_sec":1666555.875,"time_searched":720.0013427734375}