{"avg_branching_factor":359.5828732864527,"nb_eval":15,"nb_expanded":2945352,"nb_generated":1059098135,"nb_guide":1059098133,"nb_sols_created":0,"nb_trashed":4084,"nodes_generated_per_sec":1681102.375,"time_searched":630.0021362304688}