{"avg_branching_factor":348.2333299899352,"nb_eval":38,"nb_expanded":3758651,"nb_generated":1308887554,"nb_guide":1308887529,"nb_sols_created":0,"nb_trashed":4164,"nodes_generated_per_sec":1211928.0,"time_searched":1080.00439453125}