{"avg_branching_factor":56.098564731781124,"nb_eval":40,"nb_expanded":2017811,"nb_generated":113196301,"nb_guide":113196276,"nb_sols_created":0,"nb_trashed":39522,"nodes_generated_per_sec":628798.875,"time_searched":180.0198974609375}