{"avg_branching_factor":127.87554810332345,"nb_eval":7,"nb_expanded":1464140,"nb_generated":187227705,"nb_guide":187227710,"nb_sols_created":0,"nb_trashed":50180,"nodes_generated_per_sec":346717.46875,"time_searched":540.0007934570312}