{"avg_branching_factor":227.04220774296616,"nb_eval":13,"nb_expanded":2373664,"nb_generated":538921915,"nb_guide":538921915,"nb_sols_created":0,"nb_trashed":6050,"nodes_generated_per_sec":498999.1875,"time_searched":1080.005615234375}