{"avg_branching_factor":258.6640278862697,"nb_eval":41,"nb_expanded":4241227,"nb_generated":1097052859,"nb_guide":1097052832,"nb_sols_created":0,"nb_trashed":8275,"nodes_generated_per_sec":1218936.625,"time_searched":900.008056640625}