{"avg_branching_factor":172.2013199518096,"nb_eval":13,"nb_expanded":1703244,"nb_generated":293300865,"nb_guide":293300865,"nb_sols_created":0,"nb_trashed":13995,"nodes_generated_per_sec":543145.6875,"time_searched":540.0040283203125}