{"avg_branching_factor":462.0469483950354,"nb_eval":17,"nb_expanded":4175606,"nb_generated":1929326010,"nb_guide":1929326006,"nb_sols_created":0,"nb_trashed":5285,"nodes_generated_per_sec":1339808.0,"time_searched":1440.0018310546875}