{"avg_branching_factor":229.5899938575487,"nb_eval":19,"nb_expanded":2015482,"nb_generated":462734500,"nb_guide":462734494,"nb_sols_created":0,"nb_trashed":6835,"nodes_generated_per_sec":428455.4375,"time_searched":1080.006103515625}