{"avg_branching_factor":135.1372709940908,"nb_eval":10,"nb_expanded":1339103,"nb_generated":180962725,"nb_guide":180962728,"nb_sols_created":0,"nb_trashed":25497,"nodes_generated_per_sec":670225.125,"time_searched":270.0028991699219}