{"avg_branching_factor":362.38553030264393,"nb_eval":7,"nb_expanded":1764681,"nb_generated":639494860,"nb_guide":639494865,"nb_sols_created":0,"nb_trashed":4743,"nodes_generated_per_sec":592123.625,"time_searched":1080.002197265625}