{"avg_branching_factor":335.2495515930118,"nb_eval":5,"nb_expanded":1917343,"nb_generated":642788381,"nb_guide":642788388,"nb_sols_created":0,"nb_trashed":13097,"nodes_generated_per_sec":595173.4375,"time_searched":1080.001708984375}