{"avg_branching_factor":57.637482818340125,"nb_eval":27,"nb_expanded":4197790,"nb_generated":241950049,"nb_guide":241950038,"nb_sols_created":0,"nb_trashed":38659,"nodes_generated_per_sec":1343830.375,"time_searched":180.04507446289062}