{"avg_branching_factor":168.77811377590004,"nb_eval":21,"nb_expanded":2902794,"nb_generated":489928096,"nb_guide":489928089,"nb_sols_created":0,"nb_trashed":9598,"nodes_generated_per_sec":1814490.875,"time_searched":270.0085754394531}