{"avg_branching_factor":276.57532918229134,"nb_eval":20,"nb_expanded":2289385,"nb_generated":633187410,"nb_guide":633187403,"nb_sols_created":0,"nb_trashed":5708,"nodes_generated_per_sec":469026.125,"time_searched":1350.0045166015625}