{"avg_branching_factor":117.57019201916592,"nb_eval":13,"nb_expanded":4165730,"nb_generated":489765676,"nb_guide":489765678,"nb_sols_created":0,"nb_trashed":45135,"nodes_generated_per_sec":1360429.25,"time_searched":360.0081787109375}