{"avg_branching_factor":57.369578684390895,"nb_eval":39,"nb_expanded":4126028,"nb_generated":236708488,"nb_guide":236708465,"nb_sols_created":0,"nb_trashed":41302,"nodes_generated_per_sec":1314541.25,"time_searched":180.06927490234375}