{"avg_branching_factor":114.34078029559647,"nb_eval":26,"nb_expanded":2366334,"nb_generated":270568476,"nb_guide":270568464,"nb_sols_created":0,"nb_trashed":27383,"nodes_generated_per_sec":501040.625,"time_searched":540.0130615234375}