{"avg_branching_factor":234.40247068092205,"nb_eval":3,"nb_expanded":4269916,"nb_generated":1000878860,"nb_guide":1000878871,"nb_sols_created":0,"nb_trashed":23935,"nodes_generated_per_sec":1390099.625,"time_searched":720.005126953125}