{"avg_branching_factor":168.69763354603464,"nb_eval":20,"nb_expanded":4113750,"nb_generated":693979890,"nb_guide":693979884,"nb_sols_created":0,"nb_trashed":8179,"nodes_generated_per_sec":1285118.625,"time_searched":540.0123291015625}