{"avg_branching_factor":311.28244269568864,"nb_eval":29,"nb_expanded":5098482,"nb_generated":1587067931,"nb_guide":1587067916,"nb_sols_created":0,"nb_trashed":8758,"nodes_generated_per_sec":979666.5,"time_searched":1620.00830078125}