{"avg_branching_factor":458.66221093920973,"nb_eval":18,"nb_expanded":4057624,"nb_generated":1861078795,"nb_guide":1861078790,"nb_sols_created":0,"nb_trashed":4081,"nodes_generated_per_sec":1292413.375,"time_searched":1440.002685546875}