{"avg_branching_factor":159.73471267915093,"nb_eval":41,"nb_expanded":5262253,"nb_generated":840564471,"nb_guide":840564445,"nb_sols_created":0,"nb_trashed":16930,"nodes_generated_per_sec":1037703.5,"time_searched":810.0237426757812}