{"avg_branching_factor":55.96009109412301,"nb_eval":20,"nb_expanded":1801653,"nb_generated":100820666,"nb_guide":100820661,"nb_sols_created":0,"nb_trashed":23840,"nodes_generated_per_sec":560021.875,"time_searched":180.0298614501953}