{"avg_branching_factor":57.8227892361639,"nb_eval":51,"nb_expanded":4716051,"nb_generated":272695223,"nb_guide":272695188,"nb_sols_created":0,"nb_trashed":48493,"nodes_generated_per_sec":1009836.25,"time_searched":270.0390625}