{"avg_branching_factor":179.39998532050114,"nb_eval":8,"nb_expanded":1321571,"nb_generated":237089818,"nb_guide":237089823,"nb_sols_created":0,"nb_trashed":50676,"nodes_generated_per_sec":658578.5625,"time_searched":360.0023498535156}