{"avg_branching_factor":13.630034831833406,"nb_eval":16,"nb_expanded":1495184,"nb_generated":20379410,"nb_guide":20379410,"nb_sols_created":0,"nb_trashed":104653,"nodes_generated_per_sec":452526.0625,"time_searched":45.03477478027344}