{"avg_branching_factor":7.125459936008493,"nb_eval":17,"nb_expanded":2121219,"nb_generated":15114661,"nb_guide":15114662,"nb_sols_created":0,"nb_trashed":228268,"nodes_generated_per_sec":1652276.0,"time_searched":9.147782325744629}