{"avg_branching_factor":109.8432576443358,"nb_eval":10,"nb_expanded":1844830,"nb_generated":202642137,"nb_guide":202642141,"nb_sols_created":0,"nb_trashed":8185,"nodes_generated_per_sec":2251444.25,"time_searched":90.00540161132812}