{"avg_branching_factor":7.509187539949125,"nb_eval":10,"nb_expanded":2306058,"nb_generated":17316622,"nb_guide":17316630,"nb_sols_created":0,"nb_trashed":163907,"nodes_generated_per_sec":954556.9375,"time_searched":18.14100456237793}