{"avg_branching_factor":4.340752379890174,"nb_eval":22,"nb_expanded":1524230,"nb_generated":6616305,"nb_guide":6616301,"nb_sols_created":0,"nb_trashed":270873,"nodes_generated_per_sec":366714.53125,"time_searched":18.042112350463867}