{"avg_branching_factor":27.896033828299288,"nb_eval":8,"nb_expanded":1629405,"nb_generated":45453937,"nb_guide":45453944,"nb_sols_created":0,"nb_trashed":187089,"nodes_generated_per_sec":504929.0625,"time_searched":90.02043914794922}