{"avg_branching_factor":6.227282389731343,"nb_eval":20,"nb_expanded":1204286,"nb_generated":7499429,"nb_guide":7499426,"nb_sols_created":0,"nb_trashed":117042,"nodes_generated_per_sec":413929.6875,"time_searched":18.117639541625977}