{"avg_branching_factor":291.905999527387,"nb_eval":26,"nb_expanded":2746433,"nb_generated":801700270,"nb_guide":801700257,"nb_sols_created":0,"nb_trashed":4634,"nodes_generated_per_sec":1781548.75,"time_searched":450.00189208984375}