{"avg_branching_factor":3.965250058699225,"nb_eval":13,"nb_expanded":8518,"nb_generated":33776,"nb_guide":33773,"nb_sols_created":0,"nb_trashed":1303,"nodes_generated_per_sec":724299.75,"time_searched":0.04663262888789177}