{"avg_branching_factor":3.6762443611566664,"nb_eval":12,"nb_expanded":1389026,"nb_generated":5106399,"nb_guide":5106404,"nb_sols_created":0,"nb_trashed":237969,"nodes_generated_per_sec":283406.1875,"time_searched":18.01795196533203}