{"avg_branching_factor":54.81240824738125,"nb_eval":16,"nb_expanded":1791502,"nb_generated":98196539,"nb_guide":98196538,"nb_sols_created":0,"nb_trashed":19097,"nodes_generated_per_sec":2181481.75,"time_searched":45.01368713378906}