{"avg_branching_factor":99.34798017120329,"nb_eval":12,"nb_expanded":880941,"nb_generated":87519709,"nb_guide":87519710,"nb_sols_created":0,"nb_trashed":4107,"nodes_generated_per_sec":972429.875,"time_searched":90.00105285644531}