{"avg_branching_factor":78.4721030436167,"nb_eval":12,"nb_expanded":873106,"nb_generated":68514464,"nb_guide":68514465,"nb_sols_created":0,"nb_trashed":4414,"nodes_generated_per_sec":761256.375,"time_searched":90.00182342529297}