{"avg_branching_factor":50.35740352684907,"nb_eval":34,"nb_expanded":3140537,"nb_generated":158149289,"nb_guide":158149270,"nb_sols_created":0,"nb_trashed":19911,"nodes_generated_per_sec":1756878.5,"time_searched":90.01720428466797}