{"avg_branching_factor":108.27952749850036,"nb_eval":16,"nb_expanded":1755423,"nb_generated":190076373,"nb_guide":190076371,"nb_sols_created":0,"nb_trashed":25428,"nodes_generated_per_sec":2111896.75,"time_searched":90.002685546875}