{"avg_branching_factor":53.5308645793245,"nb_eval":12,"nb_expanded":1746144,"nb_generated":93472598,"nb_guide":93472601,"nb_sols_created":0,"nb_trashed":36296,"nodes_generated_per_sec":2076714.5,"time_searched":45.00984573364258}