{"avg_branching_factor":8.041070921125666,"nb_eval":12,"nb_expanded":1129607,"nb_generated":9083250,"nb_guide":9083255,"nb_sols_created":0,"nb_trashed":73668,"nodes_generated_per_sec":1994620.0,"time_searched":4.553874969482422}