{"avg_branching_factor":24.76422172855782,"nb_eval":26,"nb_expanded":2873297,"nb_generated":71154964,"nb_guide":71154954,"nb_sols_created":0,"nb_trashed":76938,"nodes_generated_per_sec":1580597.125,"time_searched":45.01777267456055}