{"avg_branching_factor":51.946634046236916,"nb_eval":20,"nb_expanded":3030003,"nb_generated":157398457,"nb_guide":157398452,"nb_sols_created":0,"nb_trashed":19012,"nodes_generated_per_sec":1748421.5,"time_searched":90.02317810058594}