{"avg_branching_factor":43.61118753582409,"nb_eval":15,"nb_expanded":1919100,"nb_generated":83694230,"nb_guide":83694230,"nb_sols_created":0,"nb_trashed":22661,"nodes_generated_per_sec":1859299.625,"time_searched":45.01384735107422}