{"avg_branching_factor":275.20840029596746,"nb_eval":3,"nb_expanded":1351500,"nb_generated":371944153,"nb_guide":371944162,"nb_sols_created":0,"nb_trashed":66606,"nodes_generated_per_sec":826541.0,"time_searched":450.0008544921875}