{"avg_branching_factor":18.00392727272727,"nb_eval":8,"nb_expanded":123750,"nb_generated":2227986,"nb_guide":2227990,"nb_sols_created":0,"nb_trashed":19750,"nodes_generated_per_sec":473459.96875,"time_searched":4.705753803253174}