{"avg_branching_factor":26.185014598098288,"nb_eval":19,"nb_expanded":1718032,"nb_generated":44986693,"nb_guide":44986690,"nb_sols_created":0,"nb_trashed":32754,"nodes_generated_per_sec":1996355.0,"time_searched":22.534414291381836}