{"avg_branching_factor":109.69458384509358,"nb_eval":10,"nb_expanded":1838426,"nb_generated":201665375,"nb_guide":201665379,"nb_sols_created":0,"nb_trashed":8181,"nodes_generated_per_sec":2240577.25,"time_searched":90.00598907470703}