{"avg_branching_factor":5.274749596728814,"nb_eval":12,"nb_expanded":53314,"nb_generated":281218,"nb_guide":281219,"nb_sols_created":0,"nb_trashed":4290,"nodes_generated_per_sec":2043694.875,"time_searched":0.13760273158550262}