{"avg_branching_factor":5.160583941605839,"nb_eval":4,"nb_expanded":137,"nb_generated":707,"nb_guide":707,"nb_sols_created":0,"nb_trashed":12,"nodes_generated_per_sec":498588.875,"time_searched":0.00141800194978714}