{"avg_branching_factor":26.38065821999561,"nb_eval":18,"nb_expanded":2759746,"nb_generated":72803916,"nb_guide":72803914,"nb_sols_created":0,"nb_trashed":50616,"nodes_generated_per_sec":1616336.25,"time_searched":45.04255676269531}