{"avg_branching_factor":5.0628518403959175,"nb_eval":13,"nb_expanded":16165,"nb_generated":81841,"nb_guide":81839,"nb_sols_created":0,"nb_trashed":1261,"nodes_generated_per_sec":765222.4375,"time_searched":0.10695060342550278}