{"avg_branching_factor":28.145697317765478,"nb_eval":13,"nb_expanded":996669,"nb_generated":28051944,"nb_guide":28051946,"nb_sols_created":0,"nb_trashed":18291,"nodes_generated_per_sec":2492001.5,"time_searched":11.256793022155762}