{"avg_branching_factor":7.66093060430544,"nb_eval":21,"nb_expanded":2048153,"nb_generated":15690758,"nb_guide":15690755,"nb_sols_created":0,"nb_trashed":282970,"nodes_generated_per_sec":1720528.125,"time_searched":9.119733810424805}