{"avg_branching_factor":26.820846412457826,"nb_eval":16,"nb_expanded":2682073,"nb_generated":71935468,"nb_guide":71935468,"nb_sols_created":0,"nb_trashed":33190,"nodes_generated_per_sec":1597480.375,"time_searched":45.030582427978516}