{"avg_branching_factor":36.41895073583339,"nb_eval":12,"nb_expanded":557667,"nb_generated":20309647,"nb_guide":20309648,"nb_sols_created":0,"nb_trashed":5688,"nodes_generated_per_sec":902609.5,"time_searched":22.501035690307617}