{"avg_branching_factor":50.12013292204665,"nb_eval":19,"nb_expanded":3158543,"nb_generated":158306595,"nb_guide":158306591,"nb_sols_created":0,"nb_trashed":17653,"nodes_generated_per_sec":1758658.5,"time_searched":90.01554107666016}