{"avg_branching_factor":6.981345742584493,"nb_eval":21,"nb_expanded":1238216,"nb_generated":8644414,"nb_guide":8644410,"nb_sols_created":0,"nb_trashed":85466,"nodes_generated_per_sec":1910214.75,"time_searched":4.525362491607666}