{"avg_branching_factor":23.676850940228203,"nb_eval":13,"nb_expanded":2937372,"nb_generated":69547719,"nb_guide":69547723,"nb_sols_created":0,"nb_trashed":153010,"nodes_generated_per_sec":1544230.0,"time_searched":45.03715133666992}