{"avg_branching_factor":11.174070605775638,"nb_eval":26,"nb_expanded":1518516,"nb_generated":16968005,"nb_guide":16967995,"nb_sols_created":0,"nb_trashed":144779,"nodes_generated_per_sec":376775.5,"time_searched":45.034786224365234}