{"avg_branching_factor":24.09433962264151,"nb_eval":1,"nb_expanded":53,"nb_generated":1277,"nb_guide":1278,"nb_sols_created":0,"nb_trashed":1,"nodes_generated_per_sec":1010523.875,"time_searched":0.0012637010077014565}