{"avg_branching_factor":22.527037319116527,"nb_eval":3,"nb_expanded":1313,"nb_generated":29578,"nb_guide":29580,"nb_sols_created":0,"nb_trashed":35,"nodes_generated_per_sec":612882.0625,"time_searched":0.04826050624251366}