{"avg_branching_factor":7.880434503828311,"nb_eval":10,"nb_expanded":1325650,"nb_generated":10446698,"nb_guide":10446705,"nb_sols_created":0,"nb_trashed":87817,"nodes_generated_per_sec":576509.9375,"time_searched":18.120586395263672}