{"avg_branching_factor":20.338748592568763,"nb_eval":5,"nb_expanded":6217,"nb_generated":126446,"nb_guide":126448,"nb_sols_created":0,"nb_trashed":404,"nodes_generated_per_sec":511046.625,"time_searched":0.24742557108402252}