{"avg_branching_factor":32.182161024381685,"nb_eval":6,"nb_expanded":11402,"nb_generated":366941,"nb_guide":366943,"nb_sols_created":0,"nb_trashed":174,"nodes_generated_per_sec":829608.375,"time_searched":0.4423062801361084}