{"avg_branching_factor":55.05416509339729,"nb_eval":20,"nb_expanded":956077,"nb_generated":52636021,"nb_guide":52636015,"nb_sols_created":0,"nb_trashed":11596,"nodes_generated_per_sec":2339121.25,"time_searched":22.50247573852539}