{"avg_branching_factor":6.898838429729382,"nb_eval":23,"nb_expanded":1220503,"nb_generated":8420053,"nb_guide":8420047,"nb_sols_created":0,"nb_trashed":108023,"nodes_generated_per_sec":1860023.5,"time_searched":4.526853084564209}