{"avg_branching_factor":34.66984277875967,"nb_eval":12,"nb_expanded":1083505,"nb_generated":37564948,"nb_guide":37564949,"nb_sols_created":0,"nb_trashed":21760,"nodes_generated_per_sec":417382.9375,"time_searched":90.00115966796875}