{"avg_branching_factor":50.65728901123893,"nb_eval":24,"nb_expanded":3240611,"nb_generated":164160568,"nb_guide":164160560,"nb_sols_created":0,"nb_trashed":35797,"nodes_generated_per_sec":1823272.75,"time_searched":90.03621673583984}