{"avg_branching_factor":6.923914066748193,"nb_eval":14,"nb_expanded":2135099,"nb_generated":14783242,"nb_guide":14783246,"nb_sols_created":0,"nb_trashed":356996,"nodes_generated_per_sec":1623777.125,"time_searched":9.104230880737305}