{"avg_branching_factor":52.653420990807284,"nb_eval":8,"nb_expanded":2898707,"nb_generated":152626840,"nb_guide":152626847,"nb_sols_created":0,"nb_trashed":23505,"nodes_generated_per_sec":1695637.875,"time_searched":90.01146697998047}