{"avg_branching_factor":109.36531489443267,"nb_eval":14,"nb_expanded":1831201,"nb_generated":200269874,"nb_guide":200269874,"nb_sols_created":0,"nb_trashed":10259,"nodes_generated_per_sec":2225110.75,"time_searched":90.00445556640625}