{"avg_branching_factor":1.9748858447488584,"nb_eval":14,"nb_expanded":36792,"nb_generated":72660,"nb_guide":72658,"nb_sols_created":0,"nb_trashed":10074,"nodes_generated_per_sec":445713.3125,"time_searched":0.1630195826292038}