{"avg_branching_factor":24.729529510454892,"nb_eval":16,"nb_expanded":2844314,"nb_generated":70338547,"nb_guide":70338548,"nb_sols_created":0,"nb_trashed":150012,"nodes_generated_per_sec":1561574.875,"time_searched":45.043338775634766}