{"avg_branching_factor":4.182072829131653,"nb_eval":6,"nb_expanded":1071,"nb_generated":4479,"nb_guide":4480,"nb_sols_created":0,"nb_trashed":111,"nodes_generated_per_sec":580077.1875,"time_searched":0.007721385918557644}