{"avg_branching_factor":240.71305983422792,"nb_eval":10,"nb_expanded":1329657,"nb_generated":320065805,"nb_guide":320065807,"nb_sols_created":0,"nb_trashed":2405,"nodes_generated_per_sec":711255.0,"time_searched":450.00146484375}