{"avg_branching_factor":102.05919850188396,"nb_eval":16,"nb_expanded":3316165,"nb_generated":338445142,"nb_guide":338445141,"nb_sols_created":0,"nb_trashed":16369,"nodes_generated_per_sec":1880117.625,"time_searched":180.01275634765625}