{"avg_branching_factor":92.9101976103579,"nb_eval":10,"nb_expanded":864732,"nb_generated":80342421,"nb_guide":80342424,"nb_sols_created":0,"nb_trashed":4299,"nodes_generated_per_sec":892673.875,"time_searched":90.00199127197266}