{"avg_branching_factor":2.76547346147064,"nb_eval":11,"nb_expanded":5671,"nb_generated":15683,"nb_guide":15682,"nb_sols_created":0,"nb_trashed":864,"nodes_generated_per_sec":573545.625,"time_searched":0.02734394371509552}