{"avg_branching_factor":96.36712224764935,"nb_eval":19,"nb_expanded":3242819,"nb_generated":312501135,"nb_guide":312501131,"nb_sols_created":0,"nb_trashed":87358,"nodes_generated_per_sec":1736054.625,"time_searched":180.00650024414062}