{"avg_branching_factor":104.28750744595857,"nb_eval":15,"nb_expanded":1771095,"nb_generated":184703083,"nb_guide":184703082,"nb_sols_created":0,"nb_trashed":10927,"nodes_generated_per_sec":2052155.5,"time_searched":90.00443267822266}