{"avg_branching_factor":9.968815994397657,"nb_eval":28,"nb_expanded":1096684,"nb_generated":10932641,"nb_guide":10932628,"nb_sols_created":0,"nb_trashed":123303,"nodes_generated_per_sec":485607.75,"time_searched":22.513317108154297}