{"avg_branching_factor":291.78011883906026,"nb_eval":9,"nb_expanded":2733613,"nb_generated":797613926,"nb_guide":797613930,"nb_sols_created":0,"nb_trashed":5871,"nodes_generated_per_sec":1772464.875,"time_searched":450.002685546875}