{"avg_branching_factor":9.447547068235163,"nb_eval":5,"nb_expanded":861887,"nb_generated":8142718,"nb_guide":8142729,"nb_sols_created":0,"nb_trashed":32852,"nodes_generated_per_sec":1792389.5,"time_searched":4.542940139770508}