{"avg_branching_factor":45.179285552854594,"nb_eval":12,"nb_expanded":942463,"nb_generated":42579805,"nb_guide":42579807,"nb_sols_created":0,"nb_trashed":8376,"nodes_generated_per_sec":946122.75,"time_searched":45.00452423095703}