{"avg_branching_factor":9.65063478619139,"nb_eval":20,"nb_expanded":1305794,"nb_generated":12601741,"nb_guide":12601738,"nb_sols_created":0,"nb_trashed":78940,"nodes_generated_per_sec":1380619.125,"time_searched":9.127601623535156}