{"avg_branching_factor":38.963541666666664,"nb_eval":6,"nb_expanded":6144,"nb_generated":239392,"nb_guide":239393,"nb_sols_created":0,"nb_trashed":78,"nodes_generated_per_sec":1996382.75,"time_searched":0.11991287767887115}