{"avg_branching_factor":203.62759713765615,"nb_eval":7,"nb_expanded":63724,"nb_generated":12975965,"nb_guide":12975966,"nb_sols_created":0,"nb_trashed":431,"nodes_generated_per_sec":748228.125,"time_searched":17.34225845336914}