{"avg_branching_factor":90.67092445176442,"nb_eval":11,"nb_expanded":1639350,"nb_generated":148641380,"nb_guide":148641383,"nb_sols_created":0,"nb_trashed":30736,"nodes_generated_per_sec":825760.125,"time_searched":180.00550842285156}