{"avg_branching_factor":50.96440909433394,"nb_eval":5,"nb_expanded":1061760,"nb_generated":54111971,"nb_guide":54111980,"nb_sols_created":0,"nb_trashed":10674,"nodes_generated_per_sec":2404629.75,"time_searched":22.503244400024414}