{"avg_branching_factor":28.724859732412604,"nb_eval":4,"nb_expanded":4634,"nb_generated":133111,"nb_guide":133113,"nb_sols_created":0,"nb_trashed":209,"nodes_generated_per_sec":374942.84375,"time_searched":0.3550167679786682}