{"avg_branching_factor":107.34797365039992,"nb_eval":15,"nb_expanded":1750463,"nb_generated":187908656,"nb_guide":187908655,"nb_sols_created":0,"nb_trashed":16319,"nodes_generated_per_sec":2087824.75,"time_searched":90.00212097167969}