{"avg_branching_factor":26.211649423794437,"nb_eval":22,"nb_expanded":2756308,"nb_generated":72247379,"nb_guide":72247373,"nb_sols_created":0,"nb_trashed":40974,"nodes_generated_per_sec":1604375.875,"time_searched":45.03145217895508}