{"avg_branching_factor":97.07761901598144,"nb_eval":11,"nb_expanded":1911529,"nb_generated":185566684,"nb_guide":185566687,"nb_sols_created":0,"nb_trashed":11959,"nodes_generated_per_sec":2061764.5,"time_searched":90.00382232666016}