{"avg_branching_factor":26.5678308384221,"nb_eval":7,"nb_expanded":924749,"nb_generated":24568575,"nb_guide":24568583,"nb_sols_created":0,"nb_trashed":26714,"nodes_generated_per_sec":2182630.5,"time_searched":11.256406784057617}