{"avg_branching_factor":6.75066164791756,"nb_eval":19,"nb_expanded":3277045,"nb_generated":22122222,"nb_guide":22122221,"nb_sols_created":0,"nb_trashed":513352,"nodes_generated_per_sec":1223942.75,"time_searched":18.074556350708008}