{"avg_branching_factor":26.060851926977687,"nb_eval":4,"nb_expanded":1479,"nb_generated":38544,"nb_guide":38545,"nb_sols_created":0,"nb_trashed":31,"nodes_generated_per_sec":683970.0625,"time_searched":0.05635334551334381}