{"avg_branching_factor":31.338010875285036,"nb_eval":6,"nb_expanded":11402,"nb_generated":357316,"nb_guide":357318,"nb_sols_created":0,"nb_trashed":175,"nodes_generated_per_sec":816518.125,"time_searched":0.43760940432548523}