{"avg_branching_factor":254.9838271415476,"nb_eval":10,"nb_expanded":1218523,"nb_generated":310703658,"nb_guide":310703660,"nb_sols_created":0,"nb_trashed":14665,"nodes_generated_per_sec":690450.6875,"time_searched":450.001220703125}