{"avg_branching_factor":252.6785002048797,"nb_eval":10,"nb_expanded":1320287,"nb_generated":333608139,"nb_guide":333608141,"nb_sols_created":0,"nb_trashed":2080,"nodes_generated_per_sec":741349.4375,"time_searched":450.0011901855469}