{"avg_branching_factor":3.5374149659863945,"nb_eval":5,"nb_expanded":588,"nb_generated":2080,"nb_guide":2081,"nb_sols_created":0,"nb_trashed":79,"nodes_generated_per_sec":509286.5,"time_searched":0.004084145184606314}