{"avg_branching_factor":5.9913266323715915,"nb_eval":18,"nb_expanded":1328665,"nb_generated":7960466,"nb_guide":7960465,"nb_sols_created":0,"nb_trashed":103759,"nodes_generated_per_sec":440039.9375,"time_searched":18.0903263092041}