{"avg_branching_factor":108.47011512371179,"nb_eval":7,"nb_expanded":1839760,"nb_generated":199558979,"nb_guide":199558986,"nb_sols_created":0,"nb_trashed":9164,"nodes_generated_per_sec":2217134.0,"time_searched":90.00762939453125}