{"avg_branching_factor":54.9933207928117,"nb_eval":14,"nb_expanded":1776109,"nb_generated":97674132,"nb_guide":97674133,"nb_sols_created":0,"nb_trashed":19665,"nodes_generated_per_sec":2169620.5,"time_searched":45.01898956298828}