{"avg_branching_factor":21.059465381522035,"nb_eval":12,"nb_expanded":631628,"nb_generated":13301748,"nb_guide":13301749,"nb_sols_created":0,"nb_trashed":18848,"nodes_generated_per_sec":591164.6875,"time_searched":22.500917434692383}