{"avg_branching_factor":20.78243375445757,"nb_eval":18,"nb_expanded":950630,"nb_generated":19756405,"nb_guide":19756402,"nb_sols_created":0,"nb_trashed":35498,"nodes_generated_per_sec":877630.25,"time_searched":22.511079788208008}