{"avg_branching_factor":65.96640724415839,"nb_eval":11,"nb_expanded":1735136,"nb_generated":114460688,"nb_guide":114460691,"nb_sols_created":0,"nb_trashed":205647,"nodes_generated_per_sec":635866.6875,"time_searched":180.0073699951172}