{"avg_branching_factor":25.845198743575438,"nb_eval":14,"nb_expanded":1690193,"nb_generated":43683374,"nb_guide":43683376,"nb_sols_created":0,"nb_trashed":52258,"nodes_generated_per_sec":1939682.375,"time_searched":22.520891189575195}