{"avg_branching_factor":101.55594430027539,"nb_eval":14,"nb_expanded":3148310,"nb_generated":319729595,"nb_guide":319729595,"nb_sols_created":0,"nb_trashed":22580,"nodes_generated_per_sec":1776234.125,"time_searched":180.0041961669922}