{"avg_branching_factor":7.272585360509938,"nb_eval":11,"nb_expanded":2044798,"nb_generated":14870968,"nb_guide":14870975,"nb_sols_created":0,"nb_trashed":262222,"nodes_generated_per_sec":1638500.625,"time_searched":9.075961112976074}