{"avg_branching_factor":23.22248062015504,"nb_eval":3,"nb_expanded":1290,"nb_generated":29957,"nb_guide":29959,"nb_sols_created":0,"nb_trashed":32,"nodes_generated_per_sec":628126.5,"time_searched":0.04769262298941612}