{"avg_branching_factor":3.858315165744312,"nb_eval":9,"nb_expanded":89445,"nb_generated":345107,"nb_guide":345110,"nb_sols_created":0,"nb_trashed":16309,"nodes_generated_per_sec":236156.875,"time_searched":1.4613463878631592}