{"avg_branching_factor":46.26163349461233,"nb_eval":16,"nb_expanded":3272383,"nb_generated":151385783,"nb_guide":151385783,"nb_sols_created":0,"nb_trashed":43163,"nodes_generated_per_sec":1681595.0,"time_searched":90.02510833740234}