{"avg_branching_factor":48.56417877383743,"nb_eval":28,"nb_expanded":1679239,"nb_generated":81550863,"nb_guide":81550850,"nb_sols_created":0,"nb_trashed":18699,"nodes_generated_per_sec":906011.625,"time_searched":90.01083374023438}