{"avg_branching_factor":49.67220243632753,"nb_eval":28,"nb_expanded":3192510,"nb_generated":158579003,"nb_guide":158578991,"nb_sols_created":0,"nb_trashed":40289,"nodes_generated_per_sec":1761623.75,"time_searched":90.01866149902344}