{"avg_branching_factor":6.7618277172556835,"nb_eval":18,"nb_expanded":1466682,"nb_generated":9917451,"nb_guide":9917450,"nb_sols_created":0,"nb_trashed":131362,"nodes_generated_per_sec":1088090.875,"time_searched":9.114542961120605}