{"avg_branching_factor":4.527068214194754,"nb_eval":27,"nb_expanded":1786505,"nb_generated":8087630,"nb_guide":8087621,"nb_sols_created":0,"nb_trashed":199747,"nodes_generated_per_sec":1762429.0,"time_searched":4.588911056518555}