{"avg_branching_factor":261.698949389692,"nb_eval":12,"nb_expanded":1308192,"nb_generated":342352472,"nb_guide":342352472,"nb_sols_created":0,"nb_trashed":2978,"nodes_generated_per_sec":760781.125,"time_searched":450.00128173828125}