{"avg_branching_factor":23.80551514265478,"nb_eval":19,"nb_expanded":1409066,"nb_generated":33543542,"nb_guide":33543539,"nb_sols_created":0,"nb_trashed":65798,"nodes_generated_per_sec":745155.5625,"time_searched":45.01548767089844}