{"avg_branching_factor":40.03388704318937,"nb_eval":4,"nb_expanded":1505,"nb_generated":60251,"nb_guide":60252,"nb_sols_created":0,"nb_trashed":28,"nodes_generated_per_sec":868923.3125,"time_searched":0.06933983415365219}