{"avg_branching_factor":54.22796613666333,"nb_eval":15,"nb_expanded":1720681,"nb_generated":93309031,"nb_guide":93309031,"nb_sols_created":0,"nb_trashed":39361,"nodes_generated_per_sec":2073151.125,"time_searched":45.0083122253418}