{"avg_branching_factor":22.314551905903922,"nb_eval":8,"nb_expanded":977384,"nb_generated":21809886,"nb_guide":21809893,"nb_sols_created":0,"nb_trashed":30528,"nodes_generated_per_sec":1937652.25,"time_searched":11.255830764770508}