{"avg_branching_factor":16.076582309239022,"nb_eval":8,"nb_expanded":658468,"nb_generated":10585915,"nb_guide":10585922,"nb_sols_created":0,"nb_trashed":18073,"nodes_generated_per_sec":940449.0625,"time_searched":11.256234169006348}