{"avg_branching_factor":14.73076923076923,"nb_eval":2,"nb_expanded":156,"nb_generated":2298,"nb_guide":2299,"nb_sols_created":0,"nb_trashed":7,"nodes_generated_per_sec":707508.1875,"time_searched":0.0032480189111083746}