{"avg_branching_factor":23.17287652930363,"nb_eval":9,"nb_expanded":1025385,"nb_generated":23761120,"nb_guide":23761126,"nb_sols_created":0,"nb_trashed":17530,"nodes_generated_per_sec":2109884.0,"time_searched":11.261813163757324}