{"avg_branching_factor":291.8298412533804,"nb_eval":6,"nb_expanded":2738578,"nb_generated":799198783,"nb_guide":799198790,"nb_sols_created":0,"nb_trashed":6966,"nodes_generated_per_sec":1775988.75,"time_searched":450.0021667480469}