{"avg_branching_factor":55.62566382341575,"nb_eval":12,"nb_expanded":1834637,"nb_generated":102052901,"nb_guide":102052904,"nb_sols_created":0,"nb_trashed":18892,"nodes_generated_per_sec":2267328.5,"time_searched":45.010196685791016}