{"avg_branching_factor":29.320709627769453,"nb_eval":8,"nb_expanded":24689,"nb_generated":723899,"nb_guide":723900,"nb_sols_created":0,"nb_trashed":495,"nodes_generated_per_sec":784624.1875,"time_searched":0.9226059913635254}