{"avg_branching_factor":5.641379310344828,"nb_eval":3,"nb_expanded":145,"nb_generated":818,"nb_guide":819,"nb_sols_created":0,"nb_trashed":9,"nodes_generated_per_sec":590821.875,"time_searched":0.0013845120556652546}