{"avg_branching_factor":50.15952151536526,"nb_eval":33,"nb_expanded":3253605,"nb_generated":163199270,"nb_guide":163199253,"nb_sols_created":0,"nb_trashed":36380,"nodes_generated_per_sec":1812485.625,"time_searched":90.04168701171875}