{"avg_branching_factor":189.54502681085808,"nb_eval":5,"nb_expanded":1555340,"nb_generated":294806962,"nb_guide":294806969,"nb_sols_created":0,"nb_trashed":116609,"nodes_generated_per_sec":655125.6875,"time_searched":450.0006408691406}