{"avg_branching_factor":13.305084745762711,"nb_eval":3,"nb_expanded":354,"nb_generated":4710,"nb_guide":4711,"nb_sols_created":0,"nb_trashed":8,"nodes_generated_per_sec":672712.0625,"time_searched":0.007001509889960289}