{"avg_branching_factor":26.25448595084972,"nb_eval":6,"nb_expanded":954257,"nb_generated":25053527,"nb_guide":25053536,"nb_sols_created":0,"nb_trashed":22356,"nodes_generated_per_sec":2225674.75,"time_searched":11.256598472595215}