{"avg_branching_factor":102.53646335320607,"nb_eval":20,"nb_expanded":3325325,"nb_generated":340967065,"nb_guide":340967060,"nb_sols_created":0,"nb_trashed":16917,"nodes_generated_per_sec":1894103.0,"time_searched":180.0150604248047}