{"avg_branching_factor":9.841830661758069,"nb_eval":19,"nb_expanded":1429057,"nb_generated":14064537,"nb_guide":14064535,"nb_sols_created":0,"nb_trashed":76016,"nodes_generated_per_sec":1544542.0,"time_searched":9.10595989227295}