{"avg_branching_factor":6.110317266828603,"nb_eval":31,"nb_expanded":2469278,"nb_generated":15088072,"nb_guide":15088059,"nb_sols_created":0,"nb_trashed":210908,"nodes_generated_per_sec":828732.875,"time_searched":18.206193923950195}