{"avg_branching_factor":9.210885106517091,"nb_eval":33,"nb_expanded":2855645,"nb_generated":26303018,"nb_guide":26303003,"nb_sols_created":0,"nb_trashed":219408,"nodes_generated_per_sec":1453521.125,"time_searched":18.0960693359375}