{"avg_branching_factor":11.377832326283988,"nb_eval":9,"nb_expanded":21184,"nb_generated":241028,"nb_guide":241029,"nb_sols_created":0,"nb_trashed":802,"nodes_generated_per_sec":738731.4375,"time_searched":0.3262728452682495}