{"avg_branching_factor":5.969571821429907,"nb_eval":19,"nb_expanded":1229814,"nb_generated":7341463,"nb_guide":7341461,"nb_sols_created":0,"nb_trashed":103224,"nodes_generated_per_sec":405079.0625,"time_searched":18.123531341552734}