{"avg_branching_factor":6.8198926719162465,"nb_eval":14,"nb_expanded":1555045,"nb_generated":10605240,"nb_guide":10605243,"nb_sols_created":0,"nb_trashed":133058,"nodes_generated_per_sec":1167527.5,"time_searched":9.083503723144531}