{"avg_branching_factor":87.74617685669105,"nb_eval":15,"nb_expanded":1459532,"nb_generated":128068353,"nb_guide":128068352,"nb_sols_created":0,"nb_trashed":17818,"nodes_generated_per_sec":711470.1875,"time_searched":180.00523376464844}