{"avg_branching_factor":83.80738228526913,"nb_eval":12,"nb_expanded":1379925,"nb_generated":115647902,"nb_guide":115647903,"nb_sols_created":0,"nb_trashed":5147,"nodes_generated_per_sec":642479.5625,"time_searched":180.00245666503906}