{"avg_branching_factor":291.3115324331378,"nb_eval":23,"nb_expanded":2697488,"nb_generated":785809363,"nb_guide":785809353,"nb_sols_created":0,"nb_trashed":4553,"nodes_generated_per_sec":1746231.75,"time_searched":450.0028991699219}