{"avg_branching_factor":49.88880706921944,"nb_eval":13,"nb_expanded":1655402,"nb_generated":82586031,"nb_guide":82586033,"nb_sols_created":0,"nb_trashed":16484,"nodes_generated_per_sec":917479.875,"time_searched":90.01399993896484}