{"avg_branching_factor":9.441117991749074,"nb_eval":13,"nb_expanded":342507,"nb_generated":3233649,"nb_guide":3233650,"nb_sols_created":0,"nb_trashed":12221,"nodes_generated_per_sec":618241.0625,"time_searched":5.230401515960693}