{"avg_branching_factor":8.56262128179909,"nb_eval":14,"nb_expanded":1053332,"nb_generated":9019283,"nb_guide":9019285,"nb_sols_created":0,"nb_trashed":74901,"nodes_generated_per_sec":1999465.0,"time_searched":4.510848045349121}