{"avg_branching_factor":22.378660807751295,"nb_eval":8,"nb_expanded":985848,"nb_generated":22061958,"nb_guide":22061965,"nb_sols_created":0,"nb_trashed":30528,"nodes_generated_per_sec":1960249.0,"time_searched":11.254671096801758}