{"avg_branching_factor":60.78901360932745,"nb_eval":12,"nb_expanded":980504,"nb_generated":59603871,"nb_guide":59603872,"nb_sols_created":0,"nb_trashed":19285,"nodes_generated_per_sec":662250.4375,"time_searched":90.00201416015625}