{"avg_branching_factor":17.10327094212872,"nb_eval":13,"nb_expanded":603771,"nb_generated":10326459,"nb_guide":10326460,"nb_sols_created":0,"nb_trashed":10861,"nodes_generated_per_sec":917676.1875,"time_searched":11.252835273742676}