{"avg_branching_factor":291.3519571316731,"nb_eval":22,"nb_expanded":2713052,"nb_generated":790453010,"nb_guide":790453001,"nb_sols_created":0,"nb_trashed":5343,"nodes_generated_per_sec":1756550.875,"time_searched":450.0028991699219}