{"avg_branching_factor":102.10307849948707,"nb_eval":42,"nb_expanded":3311321,"nb_generated":338096068,"nb_guide":338096041,"nb_sols_created":0,"nb_trashed":24523,"nodes_generated_per_sec":1878185.5,"time_searched":180.01206970214844}