{"avg_branching_factor":26.858710251512008,"nb_eval":4,"nb_expanded":895663,"nb_generated":24056353,"nb_guide":24056364,"nb_sols_created":0,"nb_trashed":25234,"nodes_generated_per_sec":2137154.75,"time_searched":11.256251335144043}