{"avg_branching_factor":8.20487471367368,"nb_eval":32,"nb_expanded":3097864,"nb_generated":25417586,"nb_guide":25417572,"nb_sols_created":0,"nb_trashed":200372,"nodes_generated_per_sec":1406224.125,"time_searched":18.07505989074707}