{"avg_branching_factor":26.793140914883697,"nb_eval":25,"nb_expanded":2576087,"nb_generated":69021462,"nb_guide":69021453,"nb_sols_created":0,"nb_trashed":38809,"nodes_generated_per_sec":1532246.625,"time_searched":45.04592514038086}