{"avg_branching_factor":43.86938949159753,"nb_eval":4,"nb_expanded":4701,"nb_generated":206230,"nb_guide":206232,"nb_sols_created":0,"nb_trashed":109,"nodes_generated_per_sec":535214.3125,"time_searched":0.3853222727775574}