{"avg_branching_factor":50.18443124493559,"nb_eval":25,"nb_expanded":3250626,"nb_generated":163130817,"nb_guide":163130808,"nb_sols_created":0,"nb_trashed":33631,"nodes_generated_per_sec":1811848.75,"time_searched":90.03556060791016}