{"avg_branching_factor":101.36642370048952,"nb_eval":21,"nb_expanded":3300185,"nb_generated":334527951,"nb_guide":334527945,"nb_sols_created":0,"nb_trashed":16734,"nodes_generated_per_sec":1858352.375,"time_searched":180.01318359375}