{"avg_branching_factor":9.10509360311713,"nb_eval":13,"nb_expanded":2264134,"nb_generated":20615152,"nb_guide":20615157,"nb_sols_created":0,"nb_trashed":183791,"nodes_generated_per_sec":1135755.5,"time_searched":18.151046752929688}