{"avg_branching_factor":43.87357954545455,"nb_eval":3,"nb_expanded":704,"nb_generated":30887,"nb_guide":30888,"nb_sols_created":0,"nb_trashed":8,"nodes_generated_per_sec":1048127.625,"time_searched":0.02946873940527439}