{"avg_branching_factor":7.018846420204223,"nb_eval":13,"nb_expanded":1357340,"nb_generated":9526961,"nb_guide":9526965,"nb_sols_created":0,"nb_trashed":105374,"nodes_generated_per_sec":526356.125,"time_searched":18.099838256835938}