{"avg_branching_factor":5.2876986978150935,"nb_eval":16,"nb_expanded":1753668,"nb_generated":9272868,"nb_guide":9272869,"nb_sols_created":0,"nb_trashed":194919,"nodes_generated_per_sec":1021056.0625,"time_searched":9.081644058227539}