{"avg_branching_factor":51.061372948784765,"nb_eval":23,"nb_expanded":2920342,"nb_generated":149116672,"nb_guide":149116664,"nb_sols_created":0,"nb_trashed":43972,"nodes_generated_per_sec":1656700.75,"time_searched":90.00820922851562}