{"avg_branching_factor":74.5487394646121,"nb_eval":12,"nb_expanded":1508962,"nb_generated":112491215,"nb_guide":112491216,"nb_sols_created":0,"nb_trashed":4337,"nodes_generated_per_sec":624940.3125,"time_searched":180.00314331054688}