{"avg_branching_factor":33.41419785553224,"nb_eval":13,"nb_expanded":192029,"nb_generated":6416495,"nb_guide":6416494,"nb_sols_created":0,"nb_trashed":3493,"nodes_generated_per_sec":890269.0625,"time_searched":7.207365989685059}