{"avg_branching_factor":1.2877695641091003,"nb_eval":10,"nb_expanded":98075,"nb_generated":126298,"nb_guide":126302,"nb_sols_created":0,"nb_trashed":35956,"nodes_generated_per_sec":215147.609375,"time_searched":0.5870295166969299}