{"avg_branching_factor":9.132605023579329,"nb_eval":20,"nb_expanded":2935198,"nb_generated":26806004,"nb_guide":26806002,"nb_sols_created":0,"nb_trashed":268766,"nodes_generated_per_sec":1480071.75,"time_searched":18.111286163330078}