{"avg_branching_factor":29.884658815938053,"nb_eval":6,"nb_expanded":6199,"nb_generated":185255,"nb_guide":185256,"nb_sols_created":0,"nb_trashed":181,"nodes_generated_per_sec":703860.8125,"time_searched":0.2631983458995819}