{"avg_branching_factor":50.79796465300431,"nb_eval":13,"nb_expanded":3212720,"nb_generated":163199637,"nb_guide":163199640,"nb_sols_created":0,"nb_trashed":43838,"nodes_generated_per_sec":1812646.375,"time_searched":90.03390502929688}