{"avg_branching_factor":97.61340164377636,"nb_eval":10,"nb_expanded":887712,"nb_generated":86652588,"nb_guide":86652591,"nb_sols_created":0,"nb_trashed":4187,"nodes_generated_per_sec":962793.375,"time_searched":90.00123596191406}