{"avg_branching_factor":291.4928074207638,"nb_eval":15,"nb_expanded":2665386,"nb_generated":776940848,"nb_guide":776940846,"nb_sols_created":0,"nb_trashed":4705,"nodes_generated_per_sec":1726526.125,"time_searched":450.00238037109375}