{"avg_branching_factor":9.975069331632751,"nb_eval":18,"nb_expanded":1357966,"nb_generated":13545805,"nb_guide":13545804,"nb_sols_created":0,"nb_trashed":91845,"nodes_generated_per_sec":1481142.75,"time_searched":9.145509719848633}