{"avg_branching_factor":24.638799390489694,"nb_eval":12,"nb_expanded":1049367,"nb_generated":25855143,"nb_guide":25855146,"nb_sols_created":0,"nb_trashed":20512,"nodes_generated_per_sec":2296138.0,"time_searched":11.260273933410645}