{"avg_branching_factor":7.275849466487764,"nb_eval":13,"nb_expanded":2347650,"nb_generated":17081148,"nb_guide":17081153,"nb_sols_created":0,"nb_trashed":184358,"nodes_generated_per_sec":937462.9375,"time_searched":18.220611572265625}