{"avg_branching_factor":23.756574523952885,"nb_eval":23,"nb_expanded":1366829,"nb_generated":32471175,"nb_guide":32471167,"nb_sols_created":0,"nb_trashed":32191,"nodes_generated_per_sec":721355.9375,"time_searched":45.01408386230469}