{"avg_branching_factor":6.193367092547707,"nb_eval":7,"nb_expanded":1040901,"nb_generated":6446682,"nb_guide":6446692,"nb_sols_created":0,"nb_trashed":83468,"nodes_generated_per_sec":1408540.375,"time_searched":4.576852798461914}