{"avg_branching_factor":26.492859837591457,"nb_eval":33,"nb_expanded":2587056,"nb_generated":68538512,"nb_guide":68538495,"nb_sols_created":0,"nb_trashed":41373,"nodes_generated_per_sec":1521508.75,"time_searched":45.04641342163086}