{"avg_branching_factor":9.251003265542186,"nb_eval":4,"nb_expanded":874893,"nb_generated":8093638,"nb_guide":8093650,"nb_sols_created":0,"nb_trashed":32763,"nodes_generated_per_sec":1783791.5,"time_searched":4.537322998046875}