{"avg_branching_factor":26.269159909857585,"nb_eval":8,"nb_expanded":1721720,"nb_generated":45228138,"nb_guide":45228146,"nb_sols_created":0,"nb_trashed":33218,"nodes_generated_per_sec":2004961.125,"time_searched":22.5581111907959}