{"avg_branching_factor":7.105580403232943,"nb_eval":14,"nb_expanded":1084832,"nb_generated":7708361,"nb_guide":7708364,"nb_sols_created":0,"nb_trashed":100463,"nodes_generated_per_sec":1681122.875,"time_searched":4.585245609283447}