{"avg_branching_factor":26.392222420179966,"nb_eval":23,"nb_expanded":1728764,"nb_generated":45625924,"nb_guide":45625917,"nb_sols_created":0,"nb_trashed":35528,"nodes_generated_per_sec":2023467.75,"time_searched":22.548381805419922}