{"avg_branching_factor":7.589621590281112,"nb_eval":24,"nb_expanded":1103830,"nb_generated":8377652,"nb_guide":8377643,"nb_sols_created":0,"nb_trashed":96016,"nodes_generated_per_sec":372112.1875,"time_searched":22.51378059387207}