{"avg_branching_factor":9.62960489400035,"nb_eval":17,"nb_expanded":1386514,"nb_generated":13351582,"nb_guide":13351582,"nb_sols_created":0,"nb_trashed":82941,"nodes_generated_per_sec":1468781.875,"time_searched":9.090241432189941}