{"avg_branching_factor":7.7728328895929515,"nb_eval":14,"nb_expanded":1215801,"nb_generated":9450218,"nb_guide":9450221,"nb_sols_created":0,"nb_trashed":85024,"nodes_generated_per_sec":522276.15625,"time_searched":18.09429359436035}