{"avg_branching_factor":21.16091758214644,"nb_eval":12,"nb_expanded":1479279,"nb_generated":31302901,"nb_guide":31302905,"nb_sols_created":0,"nb_trashed":63418,"nodes_generated_per_sec":695185.4375,"time_searched":45.02812957763672}