{"avg_branching_factor":80.20380921373922,"nb_eval":5,"nb_expanded":6143,"nb_generated":492692,"nb_guide":492693,"nb_sols_created":0,"nb_trashed":52,"nodes_generated_per_sec":888381.125,"time_searched":0.5545952916145325}