{"avg_branching_factor":35.24913336075449,"nb_eval":12,"nb_expanded":1096477,"nb_generated":38649864,"nb_guide":38649865,"nb_sols_created":0,"nb_trashed":15766,"nodes_generated_per_sec":429437.75,"time_searched":90.00108337402344}