{"avg_branching_factor":1.2520683849566443,"nb_eval":6,"nb_expanded":719281,"nb_generated":900589,"nb_guide":900600,"nb_sols_created":0,"nb_trashed":295162,"nodes_generated_per_sec":183791.984375,"time_searched":4.900044918060303}