{"avg_branching_factor":291.49880610576383,"nb_eval":25,"nb_expanded":2718415,"nb_generated":792414727,"nb_guide":792414715,"nb_sols_created":0,"nb_trashed":4306,"nodes_generated_per_sec":1760914.375,"time_searched":450.0018615722656}