{"avg_branching_factor":219.0119971299798,"nb_eval":7,"nb_expanded":1257134,"nb_generated":275327428,"nb_guide":275327433,"nb_sols_created":0,"nb_trashed":3340,"nodes_generated_per_sec":611837.125,"time_searched":450.0011901855469}