{"avg_branching_factor":41.899794097460536,"nb_eval":2,"nb_expanded":1457,"nb_generated":61048,"nb_guide":61051,"nb_sols_created":0,"nb_trashed":24,"nodes_generated_per_sec":1007084.875,"time_searched":0.06061852350831032}