{"avg_branching_factor":10.720913633119201,"nb_eval":6,"nb_expanded":2802,"nb_generated":30040,"nb_guide":30041,"nb_sols_created":0,"nb_trashed":84,"nodes_generated_per_sec":620848.5,"time_searched":0.04838539659976959}