{"avg_branching_factor":97.82958852467175,"nb_eval":18,"nb_expanded":1627631,"nb_generated":159230471,"nb_guide":159230467,"nb_sols_created":0,"nb_trashed":10998,"nodes_generated_per_sec":884593.0625,"time_searched":180.0041961669922}