{"avg_branching_factor":101.40796747873692,"nb_eval":37,"nb_expanded":3294091,"nb_generated":334047073,"nb_guide":334047051,"nb_sols_created":0,"nb_trashed":19883,"nodes_generated_per_sec":1855650.0,"time_searched":180.01620483398438}