{"avg_branching_factor":51.90144465558296,"nb_eval":16,"nb_expanded":1409817,"nb_generated":73171539,"nb_guide":73171537,"nb_sols_created":0,"nb_trashed":17149,"nodes_generated_per_sec":812922.375,"time_searched":90.01048278808594}