{"avg_branching_factor":53.39401013363099,"nb_eval":14,"nb_expanded":1736199,"nb_generated":92702627,"nb_guide":92702628,"nb_sols_created":0,"nb_trashed":32137,"nodes_generated_per_sec":2059807.25,"time_searched":45.00548553466797}