{"avg_branching_factor":109.88603747897376,"nb_eval":11,"nb_expanded":1827478,"nb_generated":200814316,"nb_guide":200814319,"nb_sols_created":0,"nb_trashed":8251,"nodes_generated_per_sec":2231163.0,"time_searched":90.00432586669922}