{"avg_branching_factor":190.670336335834,"nb_eval":11,"nb_expanded":1374965,"nb_generated":262165039,"nb_guide":262165040,"nb_sols_created":0,"nb_trashed":8121,"nodes_generated_per_sec":582588.125,"time_searched":450.00067138671875}