{"avg_branching_factor":52.85049401762707,"nb_eval":12,"nb_expanded":487432,"nb_generated":25761022,"nb_guide":25761023,"nb_sols_created":0,"nb_trashed":4156,"nodes_generated_per_sec":1144857.5,"time_searched":22.501510620117188}