{"avg_branching_factor":291.11485276736073,"nb_eval":17,"nb_expanded":2741240,"nb_generated":798015679,"nb_guide":798015675,"nb_sols_created":0,"nb_trashed":4372,"nodes_generated_per_sec":1773355.25,"time_searched":450.0032653808594}