{"avg_branching_factor":22.916486111641284,"nb_eval":7,"nb_expanded":1964775,"nb_generated":45025739,"nb_guide":45025745,"nb_sols_created":0,"nb_trashed":226855,"nodes_generated_per_sec":100056.7109375,"time_searched":450.002197265625}