{"avg_branching_factor":29.46963773461192,"nb_eval":13,"nb_expanded":976080,"nb_generated":28764724,"nb_guide":28764725,"nb_sols_created":0,"nb_trashed":12631,"nodes_generated_per_sec":639153.75,"time_searched":45.00438690185547}