{"avg_branching_factor":26.66720461329338,"nb_eval":12,"nb_expanded":935037,"nb_generated":24934823,"nb_guide":24934826,"nb_sols_created":0,"nb_trashed":19123,"nodes_generated_per_sec":2215435.75,"time_searched":11.255043029785156}