{"avg_branching_factor":100.06900148194475,"nb_eval":4,"nb_expanded":3223467,"nb_generated":322569124,"nb_guide":322569135,"nb_sols_created":0,"nb_trashed":34249,"nodes_generated_per_sec":1791952.875,"time_searched":180.00982666015625}