{"avg_branching_factor":21.89539748953975,"nb_eval":3,"nb_expanded":717,"nb_generated":15699,"nb_guide":15700,"nb_sols_created":0,"nb_trashed":23,"nodes_generated_per_sec":593965.5625,"time_searched":0.026430826634168625}