{"avg_branching_factor":51.67338888676617,"nb_eval":25,"nb_expanded":2878910,"nb_generated":148763036,"nb_guide":148763026,"nb_sols_created":0,"nb_trashed":43546,"nodes_generated_per_sec":1652722.5,"time_searched":90.01090240478516}