{"avg_branching_factor":2.5157944467111903,"nb_eval":25,"nb_expanded":232835,"nb_generated":585765,"nb_guide":585755,"nb_sols_created":0,"nb_trashed":61307,"nodes_generated_per_sec":374239.9375,"time_searched":1.565212368965149}