{"avg_branching_factor":11.42621789193977,"nb_eval":8,"nb_expanded":5645,"nb_generated":64501,"nb_guide":64501,"nb_sols_created":0,"nb_trashed":181,"nodes_generated_per_sec":657515.125,"time_searched":0.09809812158346176}