{"avg_branching_factor":24.140365439418886,"nb_eval":38,"nb_expanded":2925136,"nb_generated":70613852,"nb_guide":70613831,"nb_sols_created":0,"nb_trashed":118838,"nodes_generated_per_sec":1567541.125,"time_searched":45.04753112792969}