{"avg_branching_factor":291.83827395356076,"nb_eval":11,"nb_expanded":1368283,"nb_generated":399317349,"nb_guide":399317350,"nb_sols_created":0,"nb_trashed":2239,"nodes_generated_per_sec":887370.0625,"time_searched":450.00091552734375}