{"avg_branching_factor":290.8810387720093,"nb_eval":26,"nb_expanded":2693180,"nb_generated":783394996,"nb_guide":783394983,"nb_sols_created":0,"nb_trashed":4206,"nodes_generated_per_sec":1740867.625,"time_searched":450.00262451171875}