{"avg_branching_factor":27.776551190118926,"nb_eval":8,"nb_expanded":976331,"nb_generated":27119108,"nb_guide":27119115,"nb_sols_created":0,"nb_trashed":17466,"nodes_generated_per_sec":2409228.0,"time_searched":11.25634765625}