{"avg_branching_factor":24.091446894203504,"nb_eval":24,"nb_expanded":1426172,"nb_generated":34358547,"nb_guide":34358539,"nb_sols_created":0,"nb_trashed":66010,"nodes_generated_per_sec":763177.5625,"time_searched":45.0203857421875}