{"avg_branching_factor":26.65869792578532,"nb_eval":17,"nb_expanded":1736368,"nb_generated":46289310,"nb_guide":46289309,"nb_sols_created":0,"nb_trashed":36843,"nodes_generated_per_sec":2054972.625,"time_searched":22.5255126953125}