{"avg_branching_factor":28.76931121455082,"nb_eval":9,"nb_expanded":48767,"nb_generated":1402993,"nb_guide":1402994,"nb_sols_created":0,"nb_trashed":861,"nodes_generated_per_sec":760373.375,"time_searched":1.8451370000839233}