{"avg_branching_factor":1.428840062307839,"nb_eval":11,"nb_expanded":1053479,"nb_generated":1505253,"nb_guide":1505258,"nb_sols_created":0,"nb_trashed":408473,"nodes_generated_per_sec":95633.1171875,"time_searched":15.739871978759766}