{"avg_branching_factor":46.25978096235676,"nb_eval":17,"nb_expanded":3262179,"nb_generated":150907686,"nb_guide":150907685,"nb_sols_created":0,"nb_trashed":42943,"nodes_generated_per_sec":1676166.625,"time_searched":90.03143310546875}