{"avg_branching_factor":292.3275082560942,"nb_eval":15,"nb_expanded":2734041,"nb_generated":799235393,"nb_guide":799235391,"nb_sols_created":0,"nb_trashed":7747,"nodes_generated_per_sec":1776070.125,"time_searched":450.0021667480469}