{"avg_branching_factor":101.47171709617812,"nb_eval":10,"nb_expanded":3302861,"nb_generated":335146977,"nb_guide":335146982,"nb_sols_created":0,"nb_trashed":17584,"nodes_generated_per_sec":1861818.625,"time_searched":180.0105438232422}