{"avg_branching_factor":101.60269638966439,"nb_eval":11,"nb_expanded":3311465,"nb_generated":336453773,"nb_guide":336453777,"nb_sols_created":0,"nb_trashed":16417,"nodes_generated_per_sec":1868965.25,"time_searched":180.0214080810547}