{"avg_branching_factor":101.81274618482188,"nb_eval":15,"nb_expanded":3322453,"nb_generated":338268064,"nb_guide":338268064,"nb_sols_created":0,"nb_trashed":16370,"nodes_generated_per_sec":1879148.625,"time_searched":180.01133728027344}