{"avg_branching_factor":1.6865434490676672,"nb_eval":13,"nb_expanded":390204,"nb_generated":658096,"nb_guide":658099,"nb_sols_created":0,"nb_trashed":131840,"nodes_generated_per_sec":226890.328125,"time_searched":2.9005026817321777}