{"avg_branching_factor":43.735217101149814,"nb_eval":14,"nb_expanded":1946489,"nb_generated":85130119,"nb_guide":85130120,"nb_sols_created":0,"nb_trashed":23720,"nodes_generated_per_sec":1891099.5,"time_searched":45.016204833984375}