{"avg_branching_factor":22.295312367328794,"nb_eval":13,"nb_expanded":1601704,"nb_generated":35710491,"nb_guide":35710494,"nb_sols_created":0,"nb_trashed":35840,"nodes_generated_per_sec":793076.375,"time_searched":45.027809143066406}