{"avg_branching_factor":49.45518344346581,"nb_eval":8,"nb_expanded":1039203,"nb_generated":51393975,"nb_guide":51393981,"nb_sols_created":0,"nb_trashed":11239,"nodes_generated_per_sec":2283903.25,"time_searched":22.502695083618164}