{"avg_branching_factor":8.875605279635979,"nb_eval":17,"nb_expanded":2178332,"nb_generated":19334015,"nb_guide":19334016,"nb_sols_created":0,"nb_trashed":164363,"nodes_generated_per_sec":1066822.125,"time_searched":18.12299919128418}