{"avg_branching_factor":107.97299173706025,"nb_eval":9,"nb_expanded":1258874,"nb_generated":135924392,"nb_guide":135924396,"nb_sols_created":0,"nb_trashed":13736,"nodes_generated_per_sec":755124.25,"time_searched":180.00267028808594}