{"avg_branching_factor":4.725270424037844,"nb_eval":9,"nb_expanded":1760291,"nb_generated":8317851,"nb_guide":8317860,"nb_sols_created":0,"nb_trashed":173915,"nodes_generated_per_sec":921040.875,"time_searched":9.030924797058105}