{"avg_branching_factor":15.29559748427673,"nb_eval":2,"nb_expanded":159,"nb_generated":2432,"nb_guide":2433,"nb_sols_created":0,"nb_trashed":6,"nodes_generated_per_sec":719535.375,"time_searched":0.003379958914592862}