{"avg_branching_factor":53.15266837134491,"nb_eval":9,"nb_expanded":2909640,"nb_generated":154655130,"nb_guide":154655136,"nb_sols_created":0,"nb_trashed":44394,"nodes_generated_per_sec":1718140.5,"time_searched":90.01309204101562}