{"avg_branching_factor":225.9800404938794,"nb_eval":12,"nb_expanded":1342919,"nb_generated":303472890,"nb_guide":303472890,"nb_sols_created":0,"nb_trashed":3403,"nodes_generated_per_sec":674382.9375,"time_searched":450.0008544921875}