{"avg_branching_factor":8.910759779793567,"nb_eval":27,"nb_expanded":2366870,"nb_generated":21090610,"nb_guide":21090601,"nb_sols_created":0,"nb_trashed":156153,"nodes_generated_per_sec":1159202.875,"time_searched":18.194063186645508}