{"avg_branching_factor":13.65045342126958,"nb_eval":7,"nb_expanded":6065,"nb_generated":82790,"nb_guide":82791,"nb_sols_created":0,"nb_trashed":205,"nodes_generated_per_sec":646526.8125,"time_searched":0.1280534714460373}