{"avg_branching_factor":25.52987090004208,"nb_eval":27,"nb_expanded":2816035,"nb_generated":71893010,"nb_guide":71892999,"nb_sols_created":0,"nb_trashed":63916,"nodes_generated_per_sec":1596830.75,"time_searched":45.022308349609375}