{"avg_branching_factor":6.445468819089024,"nb_eval":4,"nb_expanded":1133049,"nb_generated":7303032,"nb_guide":7303045,"nb_sols_created":0,"nb_trashed":82366,"nodes_generated_per_sec":1590735.5,"time_searched":4.590978145599365}