{"avg_branching_factor":3.5844896996055056,"nb_eval":15,"nb_expanded":1534116,"nb_generated":5499023,"nb_guide":5499025,"nb_sols_created":0,"nb_trashed":381421,"nodes_generated_per_sec":304523.96875,"time_searched":18.057767868041992}