{"avg_branching_factor":22.770022378159435,"nb_eval":20,"nb_expanded":2765643,"nb_generated":62973753,"nb_guide":62973749,"nb_sols_created":0,"nb_trashed":81844,"nodes_generated_per_sec":1397948.125,"time_searched":45.04727554321289}