{"avg_branching_factor":23.635544419355025,"nb_eval":13,"nb_expanded":2932179,"nb_generated":69303647,"nb_guide":69303651,"nb_sols_created":0,"nb_trashed":153010,"nodes_generated_per_sec":1538736.5,"time_searched":45.03932189941406}