{"avg_branching_factor":3.8864027538726336,"nb_eval":6,"nb_expanded":581,"nb_generated":2258,"nb_guide":2258,"nb_sols_created":0,"nb_trashed":86,"nodes_generated_per_sec":488585.0,"time_searched":0.004621508996933699}