{"avg_branching_factor":21.257183701707273,"nb_eval":13,"nb_expanded":1524945,"nb_generated":32416036,"nb_guide":32416039,"nb_sols_created":0,"nb_trashed":473497,"nodes_generated_per_sec":360095.09375,"time_searched":90.02076721191406}