{"avg_branching_factor":46.51203992151755,"nb_eval":18,"nb_expanded":1687511,"nb_generated":78489579,"nb_guide":78489576,"nb_sols_created":0,"nb_trashed":93462,"nodes_generated_per_sec":871942.5,"time_searched":90.01691436767578}