{"avg_branching_factor":6.360119225839442,"nb_eval":17,"nb_expanded":1486255,"nb_generated":9452759,"nb_guide":9452759,"nb_sols_created":0,"nb_trashed":105373,"nodes_generated_per_sec":1038043.125,"time_searched":9.10632610321045}