{"avg_branching_factor":34.85019417627966,"nb_eval":10,"nb_expanded":191321,"nb_generated":6667574,"nb_guide":6667576,"nb_sols_created":0,"nb_trashed":2413,"nodes_generated_per_sec":894855.8125,"time_searched":7.451003551483154}