{"avg_branching_factor":52.91260741685837,"nb_eval":7,"nb_expanded":2865472,"nb_generated":151619595,"nb_guide":151619603,"nb_sols_created":0,"nb_trashed":38399,"nodes_generated_per_sec":1684452.625,"time_searched":90.01119995117188}