{"avg_branching_factor":31.73909787137045,"nb_eval":14,"nb_expanded":982698,"nb_generated":31189948,"nb_guide":31189948,"nb_sols_created":0,"nb_trashed":15924,"nodes_generated_per_sec":693026.0,"time_searched":45.00545120239258}