{"avg_branching_factor":30.296812749003983,"nb_eval":2,"nb_expanded":502,"nb_generated":15209,"nb_guide":15211,"nb_sols_created":0,"nb_trashed":11,"nodes_generated_per_sec":793808.5625,"time_searched":0.019159531220793724}