{"avg_branching_factor":291.6755538172773,"nb_eval":7,"nb_expanded":2735785,"nb_generated":797961605,"nb_guide":797961611,"nb_sols_created":0,"nb_trashed":13545,"nodes_generated_per_sec":1773241.125,"time_searched":450.0017395019531}