{"avg_branching_factor":7.934673150356351,"nb_eval":19,"nb_expanded":1160656,"nb_generated":9209426,"nb_guide":9209424,"nb_sols_created":0,"nb_trashed":100764,"nodes_generated_per_sec":2027102.375,"time_searched":4.543148040771484}