{"avg_branching_factor":1.5406459269305757,"nb_eval":9,"nb_expanded":35391,"nb_generated":54525,"nb_guide":54528,"nb_sols_created":0,"nb_trashed":10759,"nodes_generated_per_sec":362262.4375,"time_searched":0.1505124270915985}