{"avg_branching_factor":26.55404789810817,"nb_eval":19,"nb_expanded":1716644,"nb_generated":45583847,"nb_guide":45583844,"nb_sols_created":0,"nb_trashed":40530,"nodes_generated_per_sec":2021932.875,"time_searched":22.544689178466797}