{"avg_branching_factor":26.26396181494767,"nb_eval":12,"nb_expanded":1727587,"nb_generated":45373279,"nb_guide":45373283,"nb_sols_created":0,"nb_trashed":32965,"nodes_generated_per_sec":2011802.75,"time_searched":22.553543090820312}