{"avg_branching_factor":90.65240502159602,"nb_eval":12,"nb_expanded":862196,"nb_generated":78160141,"nb_guide":78160142,"nb_sols_created":0,"nb_trashed":4297,"nodes_generated_per_sec":868431.25,"time_searched":90.00153350830078}