{"avg_branching_factor":288.29389228358696,"nb_eval":6,"nb_expanded":1204329,"nb_generated":347200695,"nb_guide":347200701,"nb_sols_created":0,"nb_trashed":10122,"nodes_generated_per_sec":771555.1875,"time_searched":450.0011291503906}