{"avg_branching_factor":108.96637838402964,"nb_eval":15,"nb_expanded":1721690,"nb_generated":187606324,"nb_guide":187606323,"nb_sols_created":0,"nb_trashed":20664,"nodes_generated_per_sec":2084457.0,"time_searched":90.00248718261719}