{"avg_branching_factor":5.729738280617768,"nb_eval":15,"nb_expanded":1229523,"nb_generated":7044845,"nb_guide":7044847,"nb_sols_created":0,"nb_trashed":110696,"nodes_generated_per_sec":388624.125,"time_searched":18.127656936645508}