{"avg_branching_factor":52.92294621656952,"nb_eval":21,"nb_expanded":1757902,"nb_generated":93033353,"nb_guide":93033347,"nb_sols_created":0,"nb_trashed":25584,"nodes_generated_per_sec":2066992.375,"time_searched":45.0090446472168}