{"avg_branching_factor":109.26445948530366,"nb_eval":21,"nb_expanded":1819636,"nb_generated":198821544,"nb_guide":198821537,"nb_sols_created":0,"nb_trashed":8340,"nodes_generated_per_sec":2208987.0,"time_searched":90.00575256347656}