{"avg_branching_factor":35.1593387866394,"nb_eval":5,"nb_expanded":5868,"nb_generated":206315,"nb_guide":206317,"nb_sols_created":0,"nb_trashed":116,"nodes_generated_per_sec":889786.125,"time_searched":0.23187032341957092}