{"avg_branching_factor":110.43399288155594,"nb_eval":12,"nb_expanded":1838885,"nb_generated":203075413,"nb_guide":203075415,"nb_sols_created":0,"nb_trashed":8493,"nodes_generated_per_sec":2256287.5,"time_searched":90.00422668457031}