{"avg_branching_factor":31.471033321071076,"nb_eval":17,"nb_expanded":1549470,"nb_generated":48763422,"nb_guide":48763420,"nb_sols_created":0,"nb_trashed":60027,"nodes_generated_per_sec":541699.875,"time_searched":90.0192642211914}