{"avg_branching_factor":290.53836604124837,"nb_eval":16,"nb_expanded":2681512,"nb_generated":779082115,"nb_guide":779082112,"nb_sols_created":0,"nb_trashed":4080,"nodes_generated_per_sec":1731281.25,"time_searched":450.0032043457031}