{"avg_branching_factor":68.40443510775589,"nb_eval":13,"nb_expanded":1721762,"nb_generated":117776157,"nb_guide":117776158,"nb_sols_created":0,"nb_trashed":173245,"nodes_generated_per_sec":654294.625,"time_searched":180.00477600097656}