{"avg_branching_factor":28.093480322210375,"nb_eval":4,"nb_expanded":981843,"nb_generated":27583387,"nb_guide":27583398,"nb_sols_created":0,"nb_trashed":16379,"nodes_generated_per_sec":2450079.5,"time_searched":11.258160591125488}