{"avg_branching_factor":25.70130972072867,"nb_eval":14,"nb_expanded":1679442,"nb_generated":43163859,"nb_guide":43163861,"nb_sols_created":0,"nb_trashed":35864,"nodes_generated_per_sec":1914101.875,"time_searched":22.550451278686523}