{"avg_branching_factor":291.4384415788156,"nb_eval":16,"nb_expanded":2728197,"nb_generated":795101482,"nb_guide":795101479,"nb_sols_created":0,"nb_trashed":5379,"nodes_generated_per_sec":1766883.125,"time_searched":450.0023193359375}