{"avg_branching_factor":26.57377749005986,"nb_eval":7,"nb_expanded":925289,"nb_generated":24588424,"nb_guide":24588432,"nb_sols_created":0,"nb_trashed":26714,"nodes_generated_per_sec":2184506.0,"time_searched":11.255827903747559}