{"avg_branching_factor":9.38265256485371,"nb_eval":2,"nb_expanded":925082,"nb_generated":8679723,"nb_guide":8679737,"nb_sols_created":0,"nb_trashed":32765,"nodes_generated_per_sec":1913949.0,"time_searched":4.5349812507629395}