{"avg_branching_factor":4.546038761032783,"nb_eval":25,"nb_expanded":1420086,"nb_generated":6455766,"nb_guide":6455758,"nb_sols_created":0,"nb_trashed":175193,"nodes_generated_per_sec":356283.75,"time_searched":18.119731903076172}