{"avg_branching_factor":104.3765438459862,"nb_eval":15,"nb_expanded":1775841,"nb_generated":185356146,"nb_guide":185356145,"nb_sols_created":0,"nb_trashed":10761,"nodes_generated_per_sec":2059468.5,"time_searched":90.0019302368164}