{"avg_branching_factor":9.317576893222444,"nb_eval":20,"nb_expanded":2165633,"nb_generated":20178452,"nb_guide":20178450,"nb_sols_created":0,"nb_trashed":164371,"nodes_generated_per_sec":1110057.375,"time_searched":18.177845001220703}