{"avg_branching_factor":290.8198673625886,"nb_eval":36,"nb_expanded":2697429,"nb_generated":784465944,"nb_guide":784465921,"nb_sols_created":0,"nb_trashed":4377,"nodes_generated_per_sec":1743246.25,"time_searched":450.0029296875}