{"avg_branching_factor":21.876211724313542,"nb_eval":23,"nb_expanded":1763293,"nb_generated":38574171,"nb_guide":38574164,"nb_sols_created":0,"nb_trashed":50314,"nodes_generated_per_sec":1710305.125,"time_searched":22.553970336914062}