{"avg_branching_factor":9.03407647236083,"nb_eval":11,"nb_expanded":2166979,"nb_generated":19576654,"nb_guide":19576661,"nb_sols_created":0,"nb_trashed":191435,"nodes_generated_per_sec":1078843.625,"time_searched":18.145959854125977}