{"avg_branching_factor":63.31940225974973,"nb_eval":4,"nb_expanded":8231,"nb_generated":521182,"nb_guide":521185,"nb_sols_created":0,"nb_trashed":127,"nodes_generated_per_sec":708176.0625,"time_searched":0.7359497547149658}