{"avg_branching_factor":26.482777182663597,"nb_eval":13,"nb_expanded":1670081,"nb_generated":44228383,"nb_guide":44228385,"nb_sols_created":0,"nb_trashed":30680,"nodes_generated_per_sec":491342.46875,"time_searched":90.01538848876953}