{"avg_branching_factor":8.618295647290312,"nb_eval":34,"nb_expanded":3005622,"nb_generated":25903339,"nb_guide":25903323,"nb_sols_created":0,"nb_trashed":196738,"nodes_generated_per_sec":1434020.0,"time_searched":18.063444137573242}