{"avg_branching_factor":25.262723673007418,"nb_eval":12,"nb_expanded":1169788,"nb_generated":29552031,"nb_guide":29552032,"nb_sols_created":0,"nb_trashed":36347,"nodes_generated_per_sec":328348.03125,"time_searched":90.00215911865234}