{"avg_branching_factor":54.51459808276035,"nb_eval":5,"nb_expanded":941562,"nb_generated":51328874,"nb_guide":51328883,"nb_sols_created":0,"nb_trashed":13265,"nodes_generated_per_sec":2281139.25,"time_searched":22.501419067382812}