{"avg_branching_factor":290.48115797120636,"nb_eval":31,"nb_expanded":2666353,"nb_generated":774525307,"nb_guide":774525289,"nb_sols_created":0,"nb_trashed":4422,"nodes_generated_per_sec":1721153.75,"time_searched":450.0035705566406}