{"avg_branching_factor":56.627275175301385,"nb_eval":5,"nb_expanded":1028657,"nb_generated":58250043,"nb_guide":58250052,"nb_sols_created":0,"nb_trashed":8749,"nodes_generated_per_sec":2588669.75,"time_searched":22.501922607421875}