{"avg_branching_factor":33.942132639791936,"nb_eval":5,"nb_expanded":3076,"nb_generated":104406,"nb_guide":104407,"nb_sols_created":0,"nb_trashed":50,"nodes_generated_per_sec":757243.25,"time_searched":0.13787643611431122}