{"avg_branching_factor":24.484443605491155,"nb_eval":26,"nb_expanded":2908386,"nb_generated":71210213,"nb_guide":71210203,"nb_sols_created":0,"nb_trashed":82960,"nodes_generated_per_sec":1581918.25,"time_searched":45.015106201171875}