{"avg_branching_factor":54.81588688493961,"nb_eval":20,"nb_expanded":1819740,"nb_generated":99750662,"nb_guide":99750657,"nb_sols_created":0,"nb_trashed":18440,"nodes_generated_per_sec":2216084.5,"time_searched":45.012123107910156}