{"avg_branching_factor":48.43748802280458,"nb_eval":23,"nb_expanded":1669840,"nb_generated":80882855,"nb_guide":80882847,"nb_sols_created":0,"nb_trashed":19195,"nodes_generated_per_sec":898548.8125,"time_searched":90.01498413085938}