{"avg_branching_factor":6.890035444275663,"nb_eval":21,"nb_expanded":1202733,"nb_generated":8286873,"nb_guide":8286869,"nb_sols_created":0,"nb_trashed":85430,"nodes_generated_per_sec":1825608.125,"time_searched":4.539239883422852}