{"avg_branching_factor":12.148191616766468,"nb_eval":10,"nb_expanded":41750,"nb_generated":507187,"nb_guide":507188,"nb_sols_created":0,"nb_trashed":1434,"nodes_generated_per_sec":803796.9375,"time_searched":0.6309889554977417}