{"avg_branching_factor":291.4744851259855,"nb_eval":3,"nb_expanded":2695271,"nb_generated":785602727,"nb_guide":785602737,"nb_sols_created":0,"nb_trashed":9474,"nodes_generated_per_sec":1745774.125,"time_searched":450.0025329589844}