{"avg_branching_factor":18.9281045751634,"nb_eval":2,"nb_expanded":153,"nb_generated":2896,"nb_guide":2897,"nb_sols_created":0,"nb_trashed":3,"nodes_generated_per_sec":857698.1875,"time_searched":0.0033764790277928114}