{"avg_branching_factor":95.5020328930642,"nb_eval":13,"nb_expanded":1919432,"nb_generated":183309658,"nb_guide":183309659,"nb_sols_created":0,"nb_trashed":10926,"nodes_generated_per_sec":2036666.875,"time_searched":90.0047378540039}