{"avg_branching_factor":27.028533415248706,"nb_eval":10,"nb_expanded":1012427,"nb_generated":27364417,"nb_guide":27364422,"nb_sols_created":0,"nb_trashed":17837,"nodes_generated_per_sec":2431009.5,"time_searched":11.256400108337402}