{"avg_branching_factor":98.45008038456666,"nb_eval":14,"nb_expanded":1625934,"nb_generated":160073333,"nb_guide":160073333,"nb_sols_created":0,"nb_trashed":8225,"nodes_generated_per_sec":889274.6875,"time_searched":180.00436401367188}