{"avg_branching_factor":108.30043448135316,"nb_eval":9,"nb_expanded":1840125,"nb_generated":199286337,"nb_guide":199286342,"nb_sols_created":0,"nb_trashed":11300,"nodes_generated_per_sec":2214203.0,"time_searched":90.0036392211914}