{"avg_branching_factor":25.756025754617166,"nb_eval":3,"nb_expanded":930008,"nb_generated":23953310,"nb_guide":23953322,"nb_sols_created":0,"nb_trashed":26941,"nodes_generated_per_sec":2127954.75,"time_searched":11.256494522094727}