{"avg_branching_factor":27.911918467030635,"nb_eval":14,"nb_expanded":984338,"nb_generated":27474762,"nb_guide":27474762,"nb_sols_created":0,"nb_trashed":20847,"nodes_generated_per_sec":610472.6875,"time_searched":45.00571823120117}