{"avg_branching_factor":86.97549809264157,"nb_eval":7,"nb_expanded":369359,"nb_generated":32125183,"nb_guide":32125188,"nb_sols_created":0,"nb_trashed":9444,"nodes_generated_per_sec":704169.8125,"time_searched":45.621360778808594}