{"avg_branching_factor":108.70761148892788,"nb_eval":5,"nb_expanded":1751878,"nb_generated":190442473,"nb_guide":190442482,"nb_sols_created":0,"nb_trashed":16657,"nodes_generated_per_sec":2115956.25,"time_searched":90.0030288696289}