{"avg_branching_factor":14.297111416781293,"nb_eval":4,"nb_expanded":727,"nb_generated":10394,"nb_guide":10395,"nb_sols_created":0,"nb_trashed":28,"nodes_generated_per_sec":731628.5625,"time_searched":0.014206661842763424}