{"avg_branching_factor":24.427783422094297,"nb_eval":8,"nb_expanded":1733307,"nb_generated":42340848,"nb_guide":42340856,"nb_sols_created":0,"nb_trashed":59325,"nodes_generated_per_sec":1880226.375,"time_searched":22.51901626586914}