{"avg_branching_factor":38.82365921160895,"nb_eval":17,"nb_expanded":1604280,"nb_generated":62284020,"nb_guide":62284018,"nb_sols_created":0,"nb_trashed":16775,"nodes_generated_per_sec":691954.9375,"time_searched":90.01167297363281}