{"avg_branching_factor":2.030828516377649,"nb_eval":6,"nb_expanded":1038,"nb_generated":2108,"nb_guide":2109,"nb_sols_created":0,"nb_trashed":210,"nodes_generated_per_sec":367144.46875,"time_searched":0.0057416087947785854}