{"avg_branching_factor":107.7650022917173,"nb_eval":8,"nb_expanded":1773779,"nb_generated":191151298,"nb_guide":191151304,"nb_sols_created":0,"nb_trashed":13816,"nodes_generated_per_sec":2123833.75,"time_searched":90.00294494628906}