{"avg_branching_factor":25.910523725154228,"nb_eval":22,"nb_expanded":1714678,"nb_generated":44428205,"nb_guide":44428199,"nb_sols_created":0,"nb_trashed":54594,"nodes_generated_per_sec":1972910.875,"time_searched":22.519113540649414}