{"avg_branching_factor":109.53711890347503,"nb_eval":18,"nb_expanded":1839265,"nb_generated":201467789,"nb_guide":201467785,"nb_sols_created":0,"nb_trashed":9194,"nodes_generated_per_sec":2238401.25,"time_searched":90.00521850585938}