{"avg_branching_factor":4.729179733934641,"nb_eval":8,"nb_expanded":1795198,"nb_generated":8489814,"nb_guide":8489824,"nb_sols_created":0,"nb_trashed":174664,"nodes_generated_per_sec":929377.1875,"time_searched":9.134949684143066}