{"avg_branching_factor":8.582816292617832,"nb_eval":18,"nb_expanded":2909023,"nb_generated":24967610,"nb_guide":24967610,"nb_sols_created":0,"nb_trashed":204510,"nodes_generated_per_sec":1382470.375,"time_searched":18.06014060974121}