{"avg_branching_factor":27.26952144439739,"nb_eval":23,"nb_expanded":2606928,"nb_generated":71089679,"nb_guide":71089672,"nb_sols_created":0,"nb_trashed":45877,"nodes_generated_per_sec":1578252.125,"time_searched":45.043296813964844}