{"avg_branching_factor":7.869760747645617,"nb_eval":4,"nb_expanded":1042205,"nb_generated":8201904,"nb_guide":8201917,"nb_sols_created":0,"nb_trashed":65647,"nodes_generated_per_sec":1812064.875,"time_searched":4.526275157928467}