{"avg_branching_factor":29.95523612278795,"nb_eval":9,"nb_expanded":48767,"nb_generated":1460827,"nb_guide":1460828,"nb_sols_created":0,"nb_trashed":756,"nodes_generated_per_sec":788686.1875,"time_searched":1.8522284030914307}