{"avg_branching_factor":18.186979476637834,"nb_eval":13,"nb_expanded":1095532,"nb_generated":19924418,"nb_guide":19924419,"nb_sols_created":0,"nb_trashed":54076,"nodes_generated_per_sec":442703.53125,"time_searched":45.00623321533203}