{"avg_branching_factor":8.94428354152553,"nb_eval":27,"nb_expanded":2252566,"nb_generated":20147589,"nb_guide":20147580,"nb_sols_created":0,"nb_trashed":166172,"nodes_generated_per_sec":1105722.0,"time_searched":18.22120475769043}