{"avg_branching_factor":27.454123516778225,"nb_eval":9,"nb_expanded":982911,"nb_generated":26984960,"nb_guide":26984966,"nb_sols_created":0,"nb_trashed":18420,"nodes_generated_per_sec":2395943.25,"time_searched":11.262770652770996}