{"avg_branching_factor":88.82810224311356,"nb_eval":12,"nb_expanded":1642360,"nb_generated":145887722,"nb_guide":145887724,"nb_sols_created":0,"nb_trashed":43843,"nodes_generated_per_sec":810471.8125,"time_searched":180.0034637451172}