{"avg_branching_factor":57.11079137595995,"nb_eval":7,"nb_expanded":953567,"nb_generated":54458966,"nb_guide":54458973,"nb_sols_created":0,"nb_trashed":9193,"nodes_generated_per_sec":2420135.5,"time_searched":22.502445220947266}