{"avg_branching_factor":2.2205642147901297,"nb_eval":23,"nb_expanded":410801,"nb_generated":912210,"nb_guide":912203,"nb_sols_created":0,"nb_trashed":105699,"nodes_generated_per_sec":355040.03125,"time_searched":2.5693159103393555}