{"avg_branching_factor":106.56358840941024,"nb_eval":12,"nb_expanded":920954,"nb_generated":98140163,"nb_guide":98140164,"nb_sols_created":0,"nb_trashed":4275,"nodes_generated_per_sec":1090436.625,"time_searched":90.00079345703125}