{"avg_branching_factor":54.53067411703892,"nb_eval":15,"nb_expanded":945993,"nb_generated":51585636,"nb_guide":51585635,"nb_sols_created":0,"nb_trashed":16243,"nodes_generated_per_sec":2292545.0,"time_searched":22.5014705657959}