{"avg_branching_factor":18.60551014575593,"nb_eval":9,"nb_expanded":87475,"nb_generated":1627517,"nb_guide":1627520,"nb_sols_created":0,"nb_trashed":3042,"nodes_generated_per_sec":2346854.25,"time_searched":0.6934887766838074}