{"avg_branching_factor":54.87819075133025,"nb_eval":8,"nb_expanded":956397,"nb_generated":52485337,"nb_guide":52485343,"nb_sols_created":0,"nb_trashed":10503,"nodes_generated_per_sec":2332557.25,"time_searched":22.50119972229004}