{"avg_branching_factor":8.670141179480325,"nb_eval":16,"nb_expanded":1391562,"nb_generated":12065039,"nb_guide":12065040,"nb_sols_created":0,"nb_trashed":94884,"nodes_generated_per_sec":1328504.625,"time_searched":9.081668853759766}