{"avg_branching_factor":24.673673782183368,"nb_eval":10,"nb_expanded":1060874,"nb_generated":26175659,"nb_guide":26175664,"nb_sols_created":0,"nb_trashed":19342,"nodes_generated_per_sec":2324433.25,"time_searched":11.261093139648438}