{"avg_branching_factor":55.933956293801906,"nb_eval":15,"nb_expanded":1279910,"nb_generated":71590430,"nb_guide":71590429,"nb_sols_created":0,"nb_trashed":13647,"nodes_generated_per_sec":795373.25,"time_searched":90.00859832763672}