{"avg_branching_factor":96.18718257962713,"nb_eval":13,"nb_expanded":1925286,"nb_generated":185187836,"nb_guide":185187837,"nb_sols_created":0,"nb_trashed":10261,"nodes_generated_per_sec":2057515.375,"time_searched":90.00556945800781}