{"avg_branching_factor":50.32208124568608,"nb_eval":18,"nb_expanded":3222128,"nb_generated":162144187,"nb_guide":162144185,"nb_sols_created":0,"nb_trashed":33430,"nodes_generated_per_sec":1801205.625,"time_searched":90.01981353759766}