{"avg_branching_factor":1.9428743431778925,"nb_eval":33,"nb_expanded":825566,"nb_generated":1603971,"nb_guide":1603955,"nb_sols_created":0,"nb_trashed":275862,"nodes_generated_per_sec":267376.0,"time_searched":5.998934268951416}