{"avg_branching_factor":93.85482313241796,"nb_eval":12,"nb_expanded":859400,"nb_generated":80658835,"nb_guide":80658836,"nb_sols_created":0,"nb_trashed":4083,"nodes_generated_per_sec":896192.75,"time_searched":90.00165557861328}