{"avg_branching_factor":1.8826234209290253,"nb_eval":3,"nb_expanded":40451,"nb_generated":76154,"nb_guide":76163,"nb_sols_created":0,"nb_trashed":10084,"nodes_generated_per_sec":386197.09375,"time_searched":0.19718946516513824}