{"avg_branching_factor":291.1993044912531,"nb_eval":25,"nb_expanded":2713697,"nb_generated":790226679,"nb_guide":790226667,"nb_sols_created":0,"nb_trashed":4254,"nodes_generated_per_sec":1756049.0,"time_searched":450.0026550292969}