{"avg_branching_factor":6.552002222765688,"nb_eval":23,"nb_expanded":2163071,"nb_generated":14172446,"nb_guide":14172441,"nb_sols_created":0,"nb_trashed":230159,"nodes_generated_per_sec":1561092.0,"time_searched":9.078546524047852}