{"avg_branching_factor":53.71246530632006,"nb_eval":9,"nb_expanded":950101,"nb_generated":51032267,"nb_guide":51032272,"nb_sols_created":0,"nb_trashed":20492,"nodes_generated_per_sec":2267886.75,"time_searched":22.502124786376953}