{"avg_branching_factor":22.997040020198682,"nb_eval":16,"nb_expanded":1604065,"nb_generated":36888747,"nb_guide":36888747,"nb_sols_created":0,"nb_trashed":33093,"nodes_generated_per_sec":819258.9375,"time_searched":45.02696990966797}