{"avg_branching_factor":44.36370910224981,"nb_eval":10,"nb_expanded":391189,"nb_generated":17354595,"nb_guide":17354598,"nb_sols_created":0,"nb_trashed":4540,"nodes_generated_per_sec":2369739.5,"time_searched":7.323419570922852}