{"avg_branching_factor":1.5479088945611623,"nb_eval":13,"nb_expanded":20372,"nb_generated":31534,"nb_guide":31533,"nb_sols_created":0,"nb_trashed":7190,"nodes_generated_per_sec":289466.875,"time_searched":0.10893819481134415}