{"avg_branching_factor":24.78002286350117,"nb_eval":30,"nb_expanded":2789599,"nb_generated":69126327,"nb_guide":69126313,"nb_sols_created":0,"nb_trashed":48751,"nodes_generated_per_sec":1534737.25,"time_searched":45.0411491394043}