{"avg_branching_factor":35.53206729968349,"nb_eval":9,"nb_expanded":48024,"nb_generated":1706392,"nb_guide":1706393,"nb_sols_created":0,"nb_trashed":579,"nodes_generated_per_sec":893409.625,"time_searched":1.9099771976470947}