{"avg_branching_factor":5.037785260007483,"nb_eval":9,"nb_expanded":8019,"nb_generated":40398,"nb_guide":40399,"nb_sols_created":0,"nb_trashed":775,"nodes_generated_per_sec":808413.0,"time_searched":0.04997198283672333}