{"avg_branching_factor":18.40890221903458,"nb_eval":12,"nb_expanded":966231,"nb_generated":17787252,"nb_guide":17787255,"nb_sols_created":0,"nb_trashed":32031,"nodes_generated_per_sec":790038.0625,"time_searched":22.514423370361328}