{"avg_branching_factor":2.993006993006993,"nb_eval":4,"nb_expanded":286,"nb_generated":856,"nb_guide":857,"nb_sols_created":0,"nb_trashed":45,"nodes_generated_per_sec":52898.74609375,"time_searched":0.016181858256459236}