{"avg_branching_factor":27.18974953795658,"nb_eval":19,"nb_expanded":2607980,"nb_generated":70910323,"nb_guide":70910320,"nb_sols_created":0,"nb_trashed":35229,"nodes_generated_per_sec":1574336.125,"time_searched":45.041412353515625}