{"avg_branching_factor":15.540574897660528,"nb_eval":12,"nb_expanded":957353,"nb_generated":14877816,"nb_guide":14877819,"nb_sols_created":0,"nb_trashed":18831,"nodes_generated_per_sec":660720.125,"time_searched":22.517576217651367}