{"avg_branching_factor":55.212612838529395,"nb_eval":31,"nb_expanded":1810441,"nb_generated":99959178,"nb_guide":99959162,"nb_sols_created":0,"nb_trashed":18355,"nodes_generated_per_sec":2220521.0,"time_searched":45.016090393066406}