{"avg_branching_factor":101.6152743476328,"nb_eval":12,"nb_expanded":1311493,"nb_generated":133267721,"nb_guide":133267722,"nb_sols_created":0,"nb_trashed":4387,"nodes_generated_per_sec":740369.5,"time_searched":180.0016326904297}