{"avg_branching_factor":47.84173791103285,"nb_eval":12,"nb_expanded":502028,"nb_generated":24017892,"nb_guide":24017893,"nb_sols_created":0,"nb_trashed":4268,"nodes_generated_per_sec":1067408.125,"time_searched":22.50113296508789}