{"avg_branching_factor":1.456912128488781,"nb_eval":12,"nb_expanded":1601634,"nb_generated":2333440,"nb_guide":2333445,"nb_sols_created":0,"nb_trashed":628259,"nodes_generated_per_sec":103397.8984375,"time_searched":22.567577362060547}