{"avg_branching_factor":292.3385610477193,"nb_eval":19,"nb_expanded":2720118,"nb_generated":795195382,"nb_guide":795195376,"nb_sols_created":0,"nb_trashed":4602,"nodes_generated_per_sec":1767092.375,"time_searched":450.0021667480469}