{"avg_branching_factor":29.08701484937705,"nb_eval":14,"nb_expanded":983947,"nb_generated":28620081,"nb_guide":28620081,"nb_sols_created":0,"nb_trashed":19955,"nodes_generated_per_sec":635912.9375,"time_searched":45.00628662109375}