{"avg_branching_factor":5.828612573452161,"nb_eval":7,"nb_expanded":1052726,"nb_generated":6135932,"nb_guide":6135942,"nb_sols_created":0,"nb_trashed":95065,"nodes_generated_per_sec":1342019.625,"time_searched":4.572162628173828}