{"avg_branching_factor":279.0039562903698,"nb_eval":7,"nb_expanded":1213005,"nb_generated":338433194,"nb_guide":338433199,"nb_sols_created":0,"nb_trashed":13210,"nodes_generated_per_sec":752072.75,"time_searched":450.0006103515625}