{"avg_branching_factor":14.884393063583815,"nb_eval":3,"nb_expanded":346,"nb_generated":5150,"nb_guide":5151,"nb_sols_created":0,"nb_trashed":11,"nodes_generated_per_sec":742862.875,"time_searched":0.006932639051228762}