{"avg_branching_factor":2.7029415706361597,"nb_eval":12,"nb_expanded":574557,"nb_generated":1552994,"nb_guide":1552997,"nb_sols_created":0,"nb_trashed":193417,"nodes_generated_per_sec":170570.5625,"time_searched":9.104701042175293}