{"avg_branching_factor":18.179539382912175,"nb_eval":21,"nb_expanded":1455352,"nb_generated":26457629,"nb_guide":26457624,"nb_sols_created":0,"nb_trashed":82862,"nodes_generated_per_sec":587618.5,"time_searched":45.02518081665039}