{"avg_branching_factor":26.720407109986052,"nb_eval":12,"nb_expanded":1627570,"nb_generated":43489333,"nb_guide":43489337,"nb_sols_created":0,"nb_trashed":74158,"nodes_generated_per_sec":1931541.25,"time_searched":22.515352249145508}