{"avg_branching_factor":54.204317359290066,"nb_eval":15,"nb_expanded":1719477,"nb_generated":93203077,"nb_guide":93203077,"nb_sols_created":0,"nb_trashed":39362,"nodes_generated_per_sec":2070786.375,"time_searched":45.008544921875}