{"avg_branching_factor":100.24420721877327,"nb_eval":9,"nb_expanded":852915,"nb_generated":85499788,"nb_guide":85499792,"nb_sols_created":0,"nb_trashed":4407,"nodes_generated_per_sec":949979.5,"time_searched":90.00172424316406}