{"avg_branching_factor":49.1837990330828,"nb_eval":36,"nb_expanded":1675221,"nb_generated":82393733,"nb_guide":82393712,"nb_sols_created":0,"nb_trashed":17021,"nodes_generated_per_sec":915352.875,"time_searched":90.0130844116211}