{"avg_branching_factor":192.11603856689473,"nb_eval":7,"nb_expanded":1574511,"nb_generated":302488816,"nb_guide":302488821,"nb_sols_created":0,"nb_trashed":107240,"nodes_generated_per_sec":672196.3125,"time_searched":450.000732421875}