{"avg_branching_factor":2.0162727244570644,"nb_eval":19,"nb_expanded":1711207,"nb_generated":3450260,"nb_guide":3450259,"nb_sols_created":0,"nb_trashed":492264,"nodes_generated_per_sec":189372.921875,"time_searched":18.21939468383789}