{"avg_branching_factor":52.57451603873366,"nb_eval":18,"nb_expanded":2982935,"nb_generated":156826364,"nb_guide":156826361,"nb_sols_created":0,"nb_trashed":17453,"nodes_generated_per_sec":1742215.375,"time_searched":90.01548767089844}