{"avg_branching_factor":102.3640120036794,"nb_eval":24,"nb_expanded":3289658,"nb_generated":336742591,"nb_guide":336742582,"nb_sols_created":0,"nb_trashed":17250,"nodes_generated_per_sec":1870619.625,"time_searched":180.0166015625}