{"avg_branching_factor":108.14111878143328,"nb_eval":18,"nb_expanded":1797259,"nb_generated":194357599,"nb_guide":194357595,"nb_sols_created":0,"nb_trashed":8173,"nodes_generated_per_sec":2159441.25,"time_searched":90.00365447998047}