{"avg_branching_factor":50.63741398044187,"nb_eval":20,"nb_expanded":3119930,"nb_generated":157985187,"nb_guide":157985182,"nb_sols_created":0,"nb_trashed":25287,"nodes_generated_per_sec":1755115.875,"time_searched":90.01410675048828}