{"avg_branching_factor":6.184746586568516,"nb_eval":16,"nb_expanded":1582059,"nb_generated":9784634,"nb_guide":9784635,"nb_sols_created":0,"nb_trashed":103356,"nodes_generated_per_sec":1076619.25,"time_searched":9.088295936584473}