{"avg_branching_factor":1.5983013570360236,"nb_eval":23,"nb_expanded":713393,"nb_generated":1140217,"nb_guide":1140211,"nb_sols_created":0,"nb_trashed":250782,"nodes_generated_per_sec":231473.796875,"time_searched":4.925900936126709}