{"avg_branching_factor":291.49252769772465,"nb_eval":32,"nb_expanded":2728744,"nb_generated":795408486,"nb_guide":795408467,"nb_sols_created":0,"nb_trashed":4642,"nodes_generated_per_sec":1767560.125,"time_searched":450.003662109375}