{"avg_branching_factor":49.652004172112164,"nb_eval":23,"nb_expanded":1674931,"nb_generated":83163681,"nb_guide":83163673,"nb_sols_created":0,"nb_trashed":17165,"nodes_generated_per_sec":923886.5,"time_searched":90.0150375366211}