{"avg_branching_factor":54.424963146971336,"nb_eval":18,"nb_expanded":1712885,"nb_generated":93223703,"nb_guide":93223700,"nb_sols_created":0,"nb_trashed":32036,"nodes_generated_per_sec":2071288.5,"time_searched":45.007591247558594}