{"avg_branching_factor":31.61236754705045,"nb_eval":13,"nb_expanded":973742,"nb_generated":30782290,"nb_guide":30782291,"nb_sols_created":0,"nb_trashed":15015,"nodes_generated_per_sec":683970.8125,"time_searched":45.00526809692383}