{"avg_branching_factor":170.31402510147902,"nb_eval":12,"nb_expanded":1414578,"nb_generated":240922473,"nb_guide":240922473,"nb_sols_created":0,"nb_trashed":9093,"nodes_generated_per_sec":535382.0625,"time_searched":450.0010070800781}