{"avg_branching_factor":106.34431453522167,"nb_eval":19,"nb_expanded":1744466,"nb_generated":185514041,"nb_guide":185514036,"nb_sols_created":0,"nb_trashed":30671,"nodes_generated_per_sec":2061225.75,"time_searched":90.0018081665039}