{"avg_branching_factor":97.90318255883506,"nb_eval":12,"nb_expanded":921177,"nb_generated":90186160,"nb_guide":90186161,"nb_sols_created":0,"nb_trashed":4189,"nodes_generated_per_sec":1002059.25,"time_searched":90.00082397460938}