{"avg_branching_factor":27.483643998248834,"nb_eval":23,"nb_expanded":2549156,"nb_generated":70060096,"nb_guide":70060089,"nb_sols_created":0,"nb_trashed":35332,"nodes_generated_per_sec":1554825.875,"time_searched":45.05976867675781}