{"avg_branching_factor":3.292576287909042,"nb_eval":23,"nb_expanded":1064225,"nb_generated":3504042,"nb_guide":3504036,"nb_sols_created":0,"nb_trashed":198354,"nodes_generated_per_sec":420250.96875,"time_searched":8.337974548339844}