{"avg_branching_factor":3.658666607999417,"nb_eval":16,"nb_expanded":1454531,"nb_generated":5321644,"nb_guide":5321646,"nb_sols_created":0,"nb_trashed":256773,"nodes_generated_per_sec":293330.96875,"time_searched":18.142114639282227}