{"avg_branching_factor":26.1192021030167,"nb_eval":5,"nb_expanded":1722478,"nb_generated":44989751,"nb_guide":44989762,"nb_sols_created":0,"nb_trashed":32765,"nodes_generated_per_sec":1994532.875,"time_searched":22.556535720825195}