{"avg_branching_factor":8.2630188167729,"nb_eval":22,"nb_expanded":1283642,"nb_generated":10606758,"nb_guide":10606753,"nb_sols_created":0,"nb_trashed":91172,"nodes_generated_per_sec":585330.3125,"time_searched":18.12097930908203}