{"avg_branching_factor":15.54910143627486,"nb_eval":23,"nb_expanded":981010,"nb_generated":15253824,"nb_guide":15253816,"nb_sols_created":0,"nb_trashed":24637,"nodes_generated_per_sec":677336.75,"time_searched":22.520296096801758}