{"avg_branching_factor":95.76362846901651,"nb_eval":13,"nb_expanded":893589,"nb_generated":85573325,"nb_guide":85573325,"nb_sols_created":0,"nb_trashed":12733,"nodes_generated_per_sec":950803.6875,"time_searched":90.00104522705078}