{"avg_branching_factor":95.37263716988487,"nb_eval":11,"nb_expanded":1908728,"nb_generated":182040423,"nb_guide":182040426,"nb_sols_created":0,"nb_trashed":12129,"nodes_generated_per_sec":2022582.0,"time_searched":90.00397491455078}