{"avg_branching_factor":26.913236015650227,"nb_eval":15,"nb_expanded":1669241,"nb_generated":44924677,"nb_guide":44924677,"nb_sols_created":0,"nb_trashed":24616,"nodes_generated_per_sec":499079.9375,"time_searched":90.0149917602539}