{"avg_branching_factor":20.029672578444746,"nb_eval":6,"nb_expanded":2932,"nb_generated":58727,"nb_guide":58728,"nb_sols_created":0,"nb_trashed":79,"nodes_generated_per_sec":126616.9609375,"time_searched":0.46381622552871704}