{"avg_branching_factor":25.388413853428496,"nb_eval":9,"nb_expanded":946596,"nb_generated":24032571,"nb_guide":24032577,"nb_sols_created":0,"nb_trashed":21959,"nodes_generated_per_sec":2135384.25,"time_searched":11.254447937011719}