{"avg_branching_factor":26.712465689001732,"nb_eval":14,"nb_expanded":1626665,"nb_generated":43452233,"nb_guide":43452235,"nb_sols_created":0,"nb_trashed":74156,"nodes_generated_per_sec":1929802.875,"time_searched":22.516408920288086}