{"avg_branching_factor":15.988713668419336,"nb_eval":15,"nb_expanded":954163,"nb_generated":15255839,"nb_guide":15255839,"nb_sols_created":0,"nb_trashed":19259,"nodes_generated_per_sec":677584.9375,"time_searched":22.5150203704834}