{"avg_branching_factor":22.728984482300987,"nb_eval":17,"nb_expanded":1684077,"nb_generated":38277360,"nb_guide":38277358,"nb_sols_created":0,"nb_trashed":55645,"nodes_generated_per_sec":425216.90625,"time_searched":90.0184326171875}