{"avg_branching_factor":48.878094908515855,"nb_eval":10,"nb_expanded":497026,"nb_generated":24293684,"nb_guide":24293687,"nb_sols_created":0,"nb_trashed":4282,"nodes_generated_per_sec":1079674.125,"time_searched":22.50094223022461}