{"avg_branching_factor":6.966060284654108,"nb_eval":15,"nb_expanded":1233216,"nb_generated":8590657,"nb_guide":8590659,"nb_sols_created":0,"nb_trashed":93280,"nodes_generated_per_sec":1895119.25,"time_searched":4.533042907714844}