{"avg_branching_factor":101.08399121789964,"nb_eval":2,"nb_expanded":3169629,"nb_generated":320398750,"nb_guide":320398763,"nb_sols_created":0,"nb_trashed":39346,"nodes_generated_per_sec":1779890.375,"time_searched":180.01039123535156}