{"avg_branching_factor":18.069419036359488,"nb_eval":6,"nb_expanded":964260,"nb_generated":17423618,"nb_guide":17423627,"nb_sols_created":0,"nb_trashed":24790,"nodes_generated_per_sec":773825.125,"time_searched":22.51622200012207}