{"avg_branching_factor":54.50697125490302,"nb_eval":23,"nb_expanded":1296395,"nb_generated":70662565,"nb_guide":70662556,"nb_sols_created":0,"nb_trashed":12345,"nodes_generated_per_sec":785070.1875,"time_searched":90.00796508789062}