{"avg_branching_factor":17.773712737127372,"nb_eval":4,"nb_expanded":738,"nb_generated":13117,"nb_guide":13118,"nb_sols_created":0,"nb_trashed":13,"nodes_generated_per_sec":877694.875,"time_searched":0.014944829046726227}