{"avg_branching_factor":38.81612258494337,"nb_eval":4,"nb_expanded":1501,"nb_generated":58263,"nb_guide":58264,"nb_sols_created":0,"nb_trashed":43,"nodes_generated_per_sec":966826.875,"time_searched":0.060262080281972885}