{"avg_branching_factor":192.14051653967576,"nb_eval":8,"nb_expanded":1566385,"nb_generated":300966023,"nb_guide":300966027,"nb_sols_created":0,"nb_trashed":103432,"nodes_generated_per_sec":668812.4375,"time_searched":450.0006408691406}