{"avg_branching_factor":17.041263300584205,"nb_eval":22,"nb_expanded":1000332,"nb_generated":17046921,"nb_guide":17046914,"nb_sols_created":0,"nb_trashed":30956,"nodes_generated_per_sec":757146.75,"time_searched":22.514684677124023}