{"avg_branching_factor":1.3059735596539905,"nb_eval":12,"nb_expanded":61270,"nb_generated":80017,"nb_guide":80018,"nb_sols_created":0,"nb_trashed":23809,"nodes_generated_per_sec":237079.71875,"time_searched":0.33751094341278076}