{"avg_branching_factor":34.4041289732238,"nb_eval":13,"nb_expanded":952973,"nb_generated":32786206,"nb_guide":32786207,"nb_sols_created":0,"nb_trashed":9480,"nodes_generated_per_sec":728479.5,"time_searched":45.00635528564453}