{"avg_branching_factor":1.6895408624062809,"nb_eval":20,"nb_expanded":393063,"nb_generated":664096,"nb_guide":664092,"nb_sols_created":0,"nb_trashed":132143,"nodes_generated_per_sec":236284.578125,"time_searched":2.810576915740967}