{"avg_branching_factor":21.521055342769134,"nb_eval":21,"nb_expanded":1426835,"nb_generated":30706995,"nb_guide":30706990,"nb_sols_created":0,"nb_trashed":68431,"nodes_generated_per_sec":681982.5625,"time_searched":45.02607345581055}