{"avg_branching_factor":18.221700730376067,"nb_eval":13,"nb_expanded":1739241,"nb_generated":31691929,"nb_guide":31691931,"nb_sols_created":0,"nb_trashed":45724,"nodes_generated_per_sec":352048.375,"time_searched":90.02151489257812}