{"avg_branching_factor":103.43439178032638,"nb_eval":15,"nb_expanded":1542543,"nb_generated":159551997,"nb_guide":159551995,"nb_sols_created":0,"nb_trashed":4136,"nodes_generated_per_sec":886389.3125,"time_searched":180.00216674804688}