{"avg_branching_factor":4.447524752475248,"nb_eval":6,"nb_expanded":505,"nb_generated":2246,"nb_guide":2246,"nb_sols_created":0,"nb_trashed":72,"nodes_generated_per_sec":567214.3125,"time_searched":0.003959702793508768}