{"avg_branching_factor":49.3737560501589,"nb_eval":16,"nb_expanded":1883215,"nb_generated":92981398,"nb_guide":92981397,"nb_sols_created":0,"nb_trashed":19593,"nodes_generated_per_sec":2065429.5,"time_searched":45.017948150634766}