{"avg_branching_factor":52.621708378500855,"nb_eval":14,"nb_expanded":951089,"nb_generated":50047928,"nb_guide":50047928,"nb_sols_created":0,"nb_trashed":14857,"nodes_generated_per_sec":2224131.75,"time_searched":22.50223159790039}