{"avg_branching_factor":22.660032628262083,"nb_eval":26,"nb_expanded":3023146,"nb_generated":68504587,"nb_guide":68504578,"nb_sols_created":0,"nb_trashed":140006,"nodes_generated_per_sec":1520984.125,"time_searched":45.03964614868164}