{"avg_branching_factor":22.88178851844652,"nb_eval":22,"nb_expanded":1481472,"nb_generated":33898729,"nb_guide":33898723,"nb_sols_created":0,"nb_trashed":66467,"nodes_generated_per_sec":752907.3125,"time_searched":45.023773193359375}