{"avg_branching_factor":14.02059824786204,"nb_eval":14,"nb_expanded":1627954,"nb_generated":22824889,"nb_guide":22824891,"nb_sols_created":0,"nb_trashed":226265,"nodes_generated_per_sec":506689.5625,"time_searched":45.04708480834961}