{"avg_branching_factor":1.9036204184195729,"nb_eval":15,"nb_expanded":280962,"nb_generated":534845,"nb_guide":534845,"nb_sols_created":0,"nb_trashed":101541,"nodes_generated_per_sec":278381.84375,"time_searched":1.9212639331817627}