{"avg_branching_factor":7.750646037690784,"nb_eval":10,"nb_expanded":1205812,"nb_generated":9345822,"nb_guide":9345829,"nb_sols_created":0,"nb_trashed":85945,"nodes_generated_per_sec":516642.25,"time_searched":18.089542388916016}