{"avg_branching_factor":7.573770491803279,"nb_eval":2,"nb_expanded":61,"nb_generated":462,"nb_guide":463,"nb_sols_created":0,"nb_trashed":2,"nodes_generated_per_sec":605563.3125,"time_searched":0.000762926007155329}