{"avg_branching_factor":83.80648053405645,"nb_eval":10,"nb_expanded":907919,"nb_generated":76089496,"nb_guide":76089499,"nb_sols_created":0,"nb_trashed":4112,"nodes_generated_per_sec":845426.4375,"time_searched":90.0013198852539}