{"avg_branching_factor":101.90666660637378,"nb_eval":22,"nb_expanded":1547999,"nb_generated":157751418,"nb_guide":157751409,"nb_sols_created":0,"nb_trashed":5078,"nodes_generated_per_sec":876384.6875,"time_searched":180.0024871826172}