{"avg_branching_factor":24.52026692251815,"nb_eval":5,"nb_expanded":952636,"nb_generated":23358889,"nb_guide":23358899,"nb_sols_created":0,"nb_trashed":27351,"nodes_generated_per_sec":2075301.625,"time_searched":11.255659103393555}