{"avg_branching_factor":22.07506124003497,"nb_eval":19,"nb_expanded":1386348,"nb_generated":30603717,"nb_guide":30603713,"nb_sols_created":0,"nb_trashed":34975,"nodes_generated_per_sec":679807.1875,"time_searched":45.01823043823242}