{"avg_branching_factor":47.73385194379217,"nb_eval":6,"nb_expanded":1855471,"nb_generated":88568778,"nb_guide":88568787,"nb_sols_created":0,"nb_trashed":16634,"nodes_generated_per_sec":1967340.125,"time_searched":45.019554138183594}