{"avg_branching_factor":16.76506100346154,"nb_eval":12,"nb_expanded":181711,"nb_generated":3046396,"nb_guide":3046397,"nb_sols_created":0,"nb_trashed":4233,"nodes_generated_per_sec":975210.75,"time_searched":3.123833417892456}