{"avg_branching_factor":9.155270534946878,"nb_eval":18,"nb_expanded":2900531,"nb_generated":26555146,"nb_guide":26555146,"nb_sols_created":0,"nb_trashed":268530,"nodes_generated_per_sec":1469534.625,"time_searched":18.070446014404297}