{"avg_branching_factor":54.84361328822676,"nb_eval":13,"nb_expanded":951820,"nb_generated":52201248,"nb_guide":52201249,"nb_sols_created":0,"nb_trashed":11120,"nodes_generated_per_sec":2319850.25,"time_searched":22.501989364624023}