{"avg_branching_factor":27.0779696886216,"nb_eval":2,"nb_expanded":1027271,"nb_generated":27816413,"nb_guide":27816426,"nb_sols_created":0,"nb_trashed":16617,"nodes_generated_per_sec":2470812.75,"time_searched":11.258001327514648}