{"avg_branching_factor":284.176345298688,"nb_eval":6,"nb_expanded":1353101,"nb_generated":384519297,"nb_guide":384519303,"nb_sols_created":0,"nb_trashed":29228,"nodes_generated_per_sec":854485.9375,"time_searched":450.000732421875}