{"avg_branching_factor":184.44495152019462,"nb_eval":8,"nb_expanded":1275067,"nb_generated":235179671,"nb_guide":235179675,"nb_sols_created":0,"nb_trashed":28255,"nodes_generated_per_sec":522620.59375,"time_searched":450.0007629394531}