{"avg_branching_factor":283.39292803880954,"nb_eval":8,"nb_expanded":1250827,"nb_generated":354475526,"nb_guide":354475530,"nb_sols_created":0,"nb_trashed":6728,"nodes_generated_per_sec":787721.1875,"time_searched":450.0012512207031}