{"avg_branching_factor":6.43319443338796,"nb_eval":20,"nb_expanded":2185746,"nb_generated":14061329,"nb_guide":14061327,"nb_sols_created":0,"nb_trashed":271854,"nodes_generated_per_sec":1543658.375,"time_searched":9.10909366607666}