{"avg_branching_factor":49.79637889343508,"nb_eval":27,"nb_expanded":3178973,"nb_generated":158301344,"nb_guide":158301333,"nb_sols_created":0,"nb_trashed":41217,"nodes_generated_per_sec":1758586.375,"time_searched":90.01624298095703}