{"avg_branching_factor":6.932112421034955,"nb_eval":16,"nb_expanded":1095738,"nb_generated":7595779,"nb_guide":7595780,"nb_sols_created":0,"nb_trashed":105771,"nodes_generated_per_sec":1659831.75,"time_searched":4.576234340667725}