{"avg_branching_factor":7.363366191995081,"nb_eval":17,"nb_expanded":1115789,"nb_generated":8215963,"nb_guide":8215963,"nb_sols_created":0,"nb_trashed":85175,"nodes_generated_per_sec":1790652.0,"time_searched":4.588252067565918}