{"avg_branching_factor":2.0584442799743683,"nb_eval":14,"nb_expanded":1651094,"nb_generated":3398685,"nb_guide":3398689,"nb_sols_created":0,"nb_trashed":458806,"nodes_generated_per_sec":187277.34375,"time_searched":18.147871017456055}