{"avg_branching_factor":4.419827454291965,"nb_eval":8,"nb_expanded":1411568,"nb_generated":6238887,"nb_guide":6238896,"nb_sols_created":0,"nb_trashed":149834,"nodes_generated_per_sec":344350.375,"time_searched":18.11784553527832}