{"avg_branching_factor":108.5847749886145,"nb_eval":15,"nb_expanded":1802731,"nb_generated":195749140,"nb_guide":195749139,"nb_sols_created":0,"nb_trashed":8581,"nodes_generated_per_sec":2174905.5,"time_searched":90.00350952148438}