{"avg_branching_factor":26.673549041757674,"nb_eval":24,"nb_expanded":2662792,"nb_generated":71026113,"nb_guide":71026105,"nb_sols_created":0,"nb_trashed":43339,"nodes_generated_per_sec":1576872.25,"time_searched":45.04240036010742}