{"avg_branching_factor":7.619589470477575,"nb_eval":11,"nb_expanded":1496896,"nb_generated":11405733,"nb_guide":11405739,"nb_sols_created":0,"nb_trashed":129762,"nodes_generated_per_sec":1248611.375,"time_searched":9.134734153747559}