{"avg_branching_factor":26.4798303347411,"nb_eval":34,"nb_expanded":1745319,"nb_generated":46215751,"nb_guide":46215733,"nb_sols_created":0,"nb_trashed":38011,"nodes_generated_per_sec":2051328.875,"time_searched":22.529664993286133}