{"avg_branching_factor":19.198124016902895,"nb_eval":34,"nb_expanded":2940325,"nb_generated":56448724,"nb_guide":56448706,"nb_sols_created":0,"nb_trashed":47928,"nodes_generated_per_sec":1253507.5,"time_searched":45.03261947631836}