{"avg_branching_factor":22.296774193548387,"nb_eval":2,"nb_expanded":155,"nb_generated":3456,"nb_guide":3457,"nb_sols_created":0,"nb_trashed":5,"nodes_generated_per_sec":958973.9375,"time_searched":0.0036038518883287907}