{"avg_branching_factor":33.00298429079329,"nb_eval":12,"nb_expanded":959692,"nb_generated":31672700,"nb_guide":31672702,"nb_sols_created":0,"nb_trashed":11813,"nodes_generated_per_sec":703775.1875,"time_searched":45.00400161743164}