{"avg_branching_factor":169.6025894960699,"nb_eval":6,"nb_expanded":47963,"nb_generated":8134649,"nb_guide":8134651,"nb_sols_created":0,"nb_trashed":335,"nodes_generated_per_sec":653114.875,"time_searched":12.455158233642578}