{"avg_branching_factor":21.761479470091704,"nb_eval":22,"nb_expanded":1634396,"nb_generated":35566875,"nb_guide":35566869,"nb_sols_created":0,"nb_trashed":35818,"nodes_generated_per_sec":789820.0625,"time_searched":45.031620025634766}