{"avg_branching_factor":7.331386301597495,"nb_eval":15,"nb_expanded":1155434,"nb_generated":8470933,"nb_guide":8470933,"nb_sols_created":0,"nb_trashed":47168,"nodes_generated_per_sec":376100.75,"time_searched":22.523042678833008}