{"avg_branching_factor":290.71665425634353,"nb_eval":11,"nb_expanded":2684593,"nb_generated":780455895,"nb_guide":780455897,"nb_sols_created":0,"nb_trashed":4176,"nodes_generated_per_sec":1734334.875,"time_searched":450.00299072265625}