{"avg_branching_factor":5.976412789671653,"nb_eval":17,"nb_expanded":1371294,"nb_generated":8195419,"nb_guide":8195418,"nb_sols_created":0,"nb_trashed":101612,"nodes_generated_per_sec":363488.21875,"time_searched":22.546586990356445}