{"avg_branching_factor":48.656299180964524,"nb_eval":15,"nb_expanded":1866830,"nb_generated":90833039,"nb_guide":90833039,"nb_sols_created":0,"nb_trashed":19342,"nodes_generated_per_sec":2017786.25,"time_searched":45.01618576049805}