{"avg_branching_factor":100.83245456260613,"nb_eval":4,"nb_expanded":3180200,"nb_generated":320667372,"nb_guide":320667383,"nb_sols_created":0,"nb_trashed":35572,"nodes_generated_per_sec":1781365.25,"time_searched":180.0121307373047}