{"avg_branching_factor":44.70547446958449,"nb_eval":19,"nb_expanded":1671614,"nb_generated":74730297,"nb_guide":74730293,"nb_sols_created":0,"nb_trashed":74286,"nodes_generated_per_sec":830190.125,"time_searched":90.01588439941406}