{"avg_branching_factor":21.746890838131897,"nb_eval":13,"nb_expanded":521684,"nb_generated":11345005,"nb_guide":11345006,"nb_sols_created":0,"nb_trashed":8268,"nodes_generated_per_sec":1008235.375,"time_searched":11.252337455749512}