{"avg_branching_factor":1.489097599664093,"nb_eval":16,"nb_expanded":685904,"nb_generated":1021378,"nb_guide":1021379,"nb_sols_created":0,"nb_trashed":242588,"nodes_generated_per_sec":225561.25,"time_searched":4.528162479400635}