{"avg_branching_factor":55.793571191697716,"nb_eval":19,"nb_expanded":1281575,"nb_generated":71503646,"nb_guide":71503641,"nb_sols_created":0,"nb_trashed":19511,"nodes_generated_per_sec":794402.9375,"time_searched":90.00929260253906}