{"avg_branching_factor":9.41853744579688,"nb_eval":19,"nb_expanded":2327818,"nb_generated":21924641,"nb_guide":21924640,"nb_sols_created":0,"nb_trashed":153441,"nodes_generated_per_sec":1204290.875,"time_searched":18.205434799194336}