{"avg_branching_factor":27.18424186888234,"nb_eval":18,"nb_expanded":2610373,"nb_generated":70961011,"nb_guide":70961009,"nb_sols_created":0,"nb_trashed":34548,"nodes_generated_per_sec":1575607.375,"time_searched":45.03723907470703}