{"avg_branching_factor":14.023499648050139,"nb_eval":13,"nb_expanded":339537,"nb_generated":4761497,"nb_guide":4761498,"nb_sols_created":0,"nb_trashed":9084,"nodes_generated_per_sec":872114.0625,"time_searched":5.459718227386475}