{"avg_branching_factor":51.78134956777925,"nb_eval":17,"nb_expanded":3041270,"nb_generated":157481065,"nb_guide":157481063,"nb_sols_created":0,"nb_trashed":24021,"nodes_generated_per_sec":1749360.625,"time_searched":90.0220718383789}