{"avg_branching_factor":26.36462721652739,"nb_eval":32,"nb_expanded":2762542,"nb_generated":72833390,"nb_guide":72833374,"nb_sols_created":0,"nb_trashed":42453,"nodes_generated_per_sec":1617059.0,"time_searched":45.040653228759766}