{"avg_branching_factor":26.97578273222304,"nb_eval":18,"nb_expanded":2638035,"nb_generated":71163059,"nb_guide":71163057,"nb_sols_created":0,"nb_trashed":53357,"nodes_generated_per_sec":1580134.75,"time_searched":45.036067962646484}