{"avg_branching_factor":36.759116024298784,"nb_eval":18,"nb_expanded":1004824,"nb_generated":36936442,"nb_guide":36936438,"nb_sols_created":0,"nb_trashed":27201,"nodes_generated_per_sec":820733.6875,"time_searched":45.004173278808594}