{"avg_branching_factor":46.41830360834356,"nb_eval":16,"nb_expanded":1656799,"nb_generated":76905799,"nb_guide":76905798,"nb_sols_created":0,"nb_trashed":70176,"nodes_generated_per_sec":854357.875,"time_searched":90.01590728759766}