{"avg_branching_factor":16.417218543046356,"nb_eval":2,"nb_expanded":151,"nb_generated":2479,"nb_guide":2480,"nb_sols_created":0,"nb_trashed":4,"nodes_generated_per_sec":754241.0,"time_searched":0.0032867479603737593}