{"avg_branching_factor":9.998272884283248,"nb_eval":3,"nb_expanded":579,"nb_generated":5789,"nb_guide":5791,"nb_sols_created":0,"nb_trashed":45,"nodes_generated_per_sec":540502.5625,"time_searched":0.010710402391850948}