{"avg_branching_factor":13.21479724410114,"nb_eval":22,"nb_expanded":1479735,"nb_generated":19554398,"nb_guide":19554392,"nb_sols_created":0,"nb_trashed":132775,"nodes_generated_per_sec":434108.09375,"time_searched":45.04499816894531}