{"avg_branching_factor":53.661144609633986,"nb_eval":28,"nb_expanded":2885036,"nb_generated":154814334,"nb_guide":154814321,"nb_sols_created":0,"nb_trashed":25759,"nodes_generated_per_sec":1719934.125,"time_searched":90.01177978515625}