{"avg_branching_factor":103.26295831565557,"nb_eval":7,"nb_expanded":3106538,"nb_generated":320790304,"nb_guide":320790311,"nb_sols_created":0,"nb_trashed":18619,"nodes_generated_per_sec":1782110.375,"time_searched":180.005859375}