{"avg_branching_factor":21.2634626684552,"nb_eval":20,"nb_expanded":1618457,"nb_generated":34414000,"nb_guide":34413996,"nb_sols_created":0,"nb_trashed":42773,"nodes_generated_per_sec":764451.5,"time_searched":45.01789855957031}