{"avg_branching_factor":21.278923890233134,"nb_eval":21,"nb_expanded":1482451,"nb_generated":31544962,"nb_guide":31544957,"nb_sols_created":0,"nb_trashed":61298,"nodes_generated_per_sec":700525.75,"time_searched":45.03041076660156}