{"avg_branching_factor":25.896848887428412,"nb_eval":6,"nb_expanded":1704160,"nb_generated":44132374,"nb_guide":44132384,"nb_sols_created":0,"nb_trashed":32763,"nodes_generated_per_sec":1957536.75,"time_searched":22.544851303100586}