{"avg_branching_factor":6.608574101214947,"nb_eval":19,"nb_expanded":2169067,"nb_generated":14334440,"nb_guide":14334439,"nb_sols_created":0,"nb_trashed":256619,"nodes_generated_per_sec":1569664.375,"time_searched":9.132168769836426}