{"avg_branching_factor":1.6034077555816686,"nb_eval":5,"nb_expanded":18722,"nb_generated":30019,"nb_guide":30026,"nb_sols_created":0,"nb_trashed":6225,"nodes_generated_per_sec":290702.09375,"time_searched":0.10326379537582397}