{"avg_branching_factor":23.36646324721162,"nb_eval":24,"nb_expanded":3001024,"nb_generated":70123317,"nb_guide":70123310,"nb_sols_created":0,"nb_trashed":133354,"nodes_generated_per_sec":1556656.75,"time_searched":45.047386169433594}