{"avg_branching_factor":22.00828725068036,"nb_eval":13,"nb_expanded":1114483,"nb_generated":24527862,"nb_guide":24527863,"nb_sols_created":0,"nb_trashed":20123,"nodes_generated_per_sec":545000.875,"time_searched":45.00517654418945}