{"avg_branching_factor":49.6458356296832,"nb_eval":22,"nb_expanded":3220691,"nb_generated":159893896,"nb_guide":159893890,"nb_sols_created":0,"nb_trashed":32985,"nodes_generated_per_sec":1775948.625,"time_searched":90.03294372558594}