{"avg_branching_factor":44.01819970311529,"nb_eval":12,"nb_expanded":1401891,"nb_generated":61708718,"nb_guide":61708720,"nb_sols_created":0,"nb_trashed":16396,"nodes_generated_per_sec":685586.0,"time_searched":90.00872039794922}