{"avg_branching_factor":49.06551163183228,"nb_eval":14,"nb_expanded":1374504,"nb_generated":67440742,"nb_guide":67440742,"nb_sols_created":0,"nb_trashed":12130,"nodes_generated_per_sec":749276.375,"time_searched":90.0078353881836}