{"avg_branching_factor":25.744079844720062,"nb_eval":5,"nb_expanded":928903,"nb_generated":23913753,"nb_guide":23913763,"nb_sols_created":0,"nb_trashed":26856,"nodes_generated_per_sec":2124389.0,"time_searched":11.256767272949219}