{"avg_branching_factor":22.46376800795002,"nb_eval":24,"nb_expanded":1476223,"nb_generated":33161531,"nb_guide":33161523,"nb_sols_created":0,"nb_trashed":59571,"nodes_generated_per_sec":736490.125,"time_searched":45.02644348144531}