{"avg_branching_factor":106.12047555762854,"nb_eval":9,"nb_expanded":1252088,"nb_generated":132872174,"nb_guide":132872178,"nb_sols_created":0,"nb_trashed":12995,"nodes_generated_per_sec":738168.9375,"time_searched":180.0023956298828}