{"avg_branching_factor":54.30877701989339,"nb_eval":18,"nb_expanded":1706798,"nb_generated":92694112,"nb_guide":92694109,"nb_sols_created":0,"nb_trashed":32036,"nodes_generated_per_sec":2059433.375,"time_searched":45.009521484375}