{"avg_branching_factor":4.91341733192267,"nb_eval":12,"nb_expanded":51985,"nb_generated":255424,"nb_guide":255425,"nb_sols_created":0,"nb_trashed":4494,"nodes_generated_per_sec":1023428.3125,"time_searched":0.24957683682441711}