{"avg_branching_factor":291.5308051690479,"nb_eval":16,"nb_expanded":2734817,"nb_generated":797283402,"nb_guide":797283399,"nb_sols_created":0,"nb_trashed":5379,"nodes_generated_per_sec":1771733.25,"time_searched":450.0019226074219}