{"avg_branching_factor":52.20779760101133,"nb_eval":10,"nb_expanded":1745819,"nb_generated":91145365,"nb_guide":91145370,"nb_sols_created":0,"nb_trashed":34707,"nodes_generated_per_sec":2025092.5,"time_searched":45.00800323486328}