{"avg_branching_factor":21.834294058346778,"nb_eval":16,"nb_expanded":1751802,"nb_generated":38249360,"nb_guide":38249360,"nb_sols_created":0,"nb_trashed":51212,"nodes_generated_per_sec":1695319.5,"time_searched":22.56174087524414}