{"avg_branching_factor":8.324186376309372,"nb_eval":11,"nb_expanded":2012509,"nb_generated":16752500,"nb_guide":16752507,"nb_sols_created":0,"nb_trashed":240607,"nodes_generated_per_sec":1839686.75,"time_searched":9.106169700622559}