{"avg_branching_factor":49.18580372536789,"nb_eval":13,"nb_expanded":1672157,"nb_generated":82246386,"nb_guide":82246387,"nb_sols_created":0,"nb_trashed":17913,"nodes_generated_per_sec":456914.6875,"time_searched":180.00381469726562}