{"avg_branching_factor":28.229963043782494,"nb_eval":12,"nb_expanded":964655,"nb_generated":27232175,"nb_guide":27232178,"nb_sols_created":0,"nb_trashed":19245,"nodes_generated_per_sec":2419025.0,"time_searched":11.257500648498535}