{"avg_branching_factor":101.67801856090963,"nb_eval":27,"nb_expanded":3315247,"nb_generated":337087746,"nb_guide":337087734,"nb_sols_created":0,"nb_trashed":16816,"nodes_generated_per_sec":1872542.5,"time_searched":180.0160675048828}