{"avg_branching_factor":101.39163139059475,"nb_eval":17,"nb_expanded":3291419,"nb_generated":333722342,"nb_guide":333722340,"nb_sols_created":0,"nb_trashed":18333,"nodes_generated_per_sec":1853859.75,"time_searched":180.01487731933594}