{"avg_branching_factor":2.1713771392390635,"nb_eval":9,"nb_expanded":1298242,"nb_generated":2818973,"nb_guide":2818980,"nb_sols_created":0,"nb_trashed":372462,"nodes_generated_per_sec":125046.984375,"time_searched":22.543310165405273}