{"avg_branching_factor":10.335839109784727,"nb_eval":13,"nb_expanded":1311503,"nb_generated":13555484,"nb_guide":13555488,"nb_sols_created":0,"nb_trashed":80094,"nodes_generated_per_sec":1482415.125,"time_searched":9.14418888092041}