{"avg_branching_factor":7.711600972946436,"nb_eval":16,"nb_expanded":1344370,"nb_generated":10367245,"nb_guide":10367246,"nb_sols_created":0,"nb_trashed":93246,"nodes_generated_per_sec":573130.625,"time_searched":18.08880043029785}