{"avg_branching_factor":7.604584260085505,"nb_eval":26,"nb_expanded":3078403,"nb_generated":23409975,"nb_guide":23409967,"nb_sols_created":0,"nb_trashed":319853,"nodes_generated_per_sec":1294458.25,"time_searched":18.084766387939453}