{"avg_branching_factor":65.71403197158082,"nb_eval":5,"nb_expanded":6193,"nb_generated":406967,"nb_guide":406968,"nb_sols_created":0,"nb_trashed":77,"nodes_generated_per_sec":750865.6875,"time_searched":0.5419970750808716}