{"avg_branching_factor":12.866992308124193,"nb_eval":12,"nb_expanded":178110,"nb_generated":2291740,"nb_guide":2291741,"nb_sols_created":0,"nb_trashed":5331,"nodes_generated_per_sec":806925.0625,"time_searched":2.840090274810791}