{"avg_branching_factor":8.628741483196134,"nb_eval":21,"nb_expanded":1497334,"nb_generated":12920108,"nb_guide":12920104,"nb_sols_created":0,"nb_trashed":91965,"nodes_generated_per_sec":1418897.625,"time_searched":9.10573673248291}