{"avg_branching_factor":12.448418156808803,"nb_eval":6,"nb_expanded":2908,"nb_generated":36200,"nb_guide":36201,"nb_sols_created":0,"nb_trashed":95,"nodes_generated_per_sec":685326.5625,"time_searched":0.05282153561711311}