{"avg_branching_factor":144.60209128033924,"nb_eval":7,"nb_expanded":995658,"nb_generated":143974229,"nb_guide":143974234,"nb_sols_created":0,"nb_trashed":7337,"nodes_generated_per_sec":525401.0,"time_searched":274.0273132324219}