{"avg_branching_factor":109.57335669355903,"nb_eval":18,"nb_expanded":1802494,"nb_generated":197505318,"nb_guide":197505314,"nb_sols_created":0,"nb_trashed":10208,"nodes_generated_per_sec":2194382.5,"time_searched":90.00495910644531}