{"avg_branching_factor":23.18684888082518,"nb_eval":17,"nb_expanded":3082673,"nb_generated":71477473,"nb_guide":71477473,"nb_sols_created":0,"nb_trashed":120088,"nodes_generated_per_sec":1586790.625,"time_searched":45.04530715942383}