{"avg_branching_factor":12.470147661557464,"nb_eval":12,"nb_expanded":178110,"nb_generated":2221058,"nb_guide":2221059,"nb_sols_created":0,"nb_trashed":5988,"nodes_generated_per_sec":764509.125,"time_searched":2.905207872390747}