{"avg_branching_factor":3.798046670162559,"nb_eval":12,"nb_expanded":15256,"nb_generated":57943,"nb_guide":57942,"nb_sols_created":0,"nb_trashed":2032,"nodes_generated_per_sec":694010.3125,"time_searched":0.08349011093378067}