{"avg_branching_factor":224.1508950127254,"nb_eval":10,"nb_expanded":1299367,"nb_generated":291254276,"nb_guide":291254278,"nb_sols_created":0,"nb_trashed":12594,"nodes_generated_per_sec":647230.3125,"time_searched":450.0009765625}