{"avg_branching_factor":18.449946443069322,"nb_eval":39,"nb_expanded":1612303,"nb_generated":29746904,"nb_guide":29746881,"nb_sols_created":0,"nb_trashed":105736,"nodes_generated_per_sec":660420.8125,"time_searched":45.0423469543457}