{"avg_branching_factor":25.722385059190163,"nb_eval":7,"nb_expanded":1705182,"nb_generated":43861348,"nb_guide":43861357,"nb_sols_created":0,"nb_trashed":38902,"nodes_generated_per_sec":1946011.0,"time_searched":22.539106369018555}