{"avg_branching_factor":6.204320219027216,"nb_eval":25,"nb_expanded":1292990,"nb_generated":8022124,"nb_guide":8022116,"nb_sols_created":0,"nb_trashed":114434,"nodes_generated_per_sec":442731.0,"time_searched":18.1196346282959}