{"avg_branching_factor":1.3223063371677648,"nb_eval":9,"nb_expanded":429703,"nb_generated":568199,"nb_guide":568206,"nb_sols_created":0,"nb_trashed":167880,"nodes_generated_per_sec":240512.015625,"time_searched":2.3624558448791504}