{"avg_branching_factor":19.358233208215584,"nb_eval":7,"nb_expanded":1455429,"nb_generated":28174534,"nb_guide":28174543,"nb_sols_created":0,"nb_trashed":131475,"nodes_generated_per_sec":625662.3125,"time_searched":45.031532287597656}