{"avg_branching_factor":54.84172617110741,"nb_eval":17,"nb_expanded":1816251,"nb_generated":99606340,"nb_guide":99606338,"nb_sols_created":0,"nb_trashed":19683,"nodes_generated_per_sec":2212895.75,"time_searched":45.01176071166992}