{"avg_branching_factor":5.285730787001386,"nb_eval":16,"nb_expanded":1298600,"nb_generated":6864050,"nb_guide":6864051,"nb_sols_created":0,"nb_trashed":106153,"nodes_generated_per_sec":378703.21875,"time_searched":18.12514305114746}