{"avg_branching_factor":107.75454094737638,"nb_eval":28,"nb_expanded":1785035,"nb_generated":192345627,"nb_guide":192345613,"nb_sols_created":0,"nb_trashed":8163,"nodes_generated_per_sec":2137115.0,"time_searched":90.00247192382812}