{"avg_branching_factor":38.49930376041758,"nb_eval":11,"nb_expanded":1105223,"nb_generated":42550316,"nb_guide":42550318,"nb_sols_created":0,"nb_trashed":28793,"nodes_generated_per_sec":472770.5,"time_searched":90.0020523071289}