{"avg_branching_factor":41.08231936307646,"nb_eval":5,"nb_expanded":6657,"nb_generated":273485,"nb_guide":273487,"nb_sols_created":0,"nb_trashed":310,"nodes_generated_per_sec":488486.21875,"time_searched":0.5598622560501099}