{"avg_branching_factor":25.184506154434406,"nb_eval":18,"nb_expanded":1733953,"nb_generated":43668750,"nb_guide":43668748,"nb_sols_created":0,"nb_trashed":61049,"nodes_generated_per_sec":1939041.125,"time_searched":22.520797729492188}