{"avg_branching_factor":51.154753427684774,"nb_eval":9,"nb_expanded":1058878,"nb_generated":54166643,"nb_guide":54166648,"nb_sols_created":0,"nb_trashed":12139,"nodes_generated_per_sec":2407038.5,"time_searched":22.50343894958496}