{"avg_branching_factor":55.14802955583705,"nb_eval":22,"nb_expanded":1817306,"nb_generated":100220845,"nb_guide":100220838,"nb_sols_created":0,"nb_trashed":17846,"nodes_generated_per_sec":2226396.0,"time_searched":45.014835357666016}