{"avg_branching_factor":14.771701982228299,"nb_eval":5,"nb_expanded":1463,"nb_generated":21611,"nb_guide":21612,"nb_sols_created":0,"nb_trashed":52,"nodes_generated_per_sec":751060.625,"time_searched":0.028773976489901543}