{"avg_branching_factor":290.6096413384754,"nb_eval":20,"nb_expanded":2678570,"nb_generated":778418267,"nb_guide":778418260,"nb_sols_created":0,"nb_trashed":4075,"nodes_generated_per_sec":1729809.5,"time_searched":450.0022888183594}