{"avg_branching_factor":57.263337061665446,"nb_eval":11,"nb_expanded":1027269,"nb_generated":58824851,"nb_guide":58824854,"nb_sols_created":0,"nb_trashed":8561,"nodes_generated_per_sec":2614182.0,"time_searched":22.5022029876709}