{"avg_branching_factor":2.1018968019618636,"nb_eval":15,"nb_expanded":79924,"nb_generated":167992,"nb_guide":167989,"nb_sols_created":0,"nb_trashed":29776,"nodes_generated_per_sec":140089.703125,"time_searched":1.1991745233535767}