{"avg_branching_factor":52.52876310455332,"nb_eval":8,"nb_expanded":1812061,"nb_generated":95185323,"nb_guide":95185330,"nb_sols_created":0,"nb_trashed":21009,"nodes_generated_per_sec":2114086.25,"time_searched":45.02433395385742}