{"avg_branching_factor":3.478849407783418,"nb_eval":4,"nb_expanded":591,"nb_generated":2056,"nb_guide":2058,"nb_sols_created":0,"nb_trashed":82,"nodes_generated_per_sec":498849.1875,"time_searched":0.004121486097574234}