{"avg_branching_factor":6.938450544139239,"nb_eval":28,"nb_expanded":1206217,"nb_generated":8369277,"nb_guide":8369266,"nb_sols_created":0,"nb_trashed":99287,"nodes_generated_per_sec":1844765.25,"time_searched":4.536770820617676}