{"avg_branching_factor":5.903448275862069,"nb_eval":3,"nb_expanded":145,"nb_generated":856,"nb_guide":857,"nb_sols_created":0,"nb_trashed":10,"nodes_generated_per_sec":554809.125,"time_searched":0.0015428729820996523}