{"avg_branching_factor":10.712355848434926,"nb_eval":7,"nb_expanded":3035,"nb_generated":32512,"nb_guide":32512,"nb_sols_created":0,"nb_trashed":220,"nodes_generated_per_sec":551679.125,"time_searched":0.05893280729651451}