{"avg_branching_factor":100.42683987398439,"nb_eval":14,"nb_expanded":3195477,"nb_generated":320911657,"nb_guide":320911658,"nb_sols_created":0,"nb_trashed":36066,"nodes_generated_per_sec":1782729.625,"time_searched":180.0113983154297}