{"avg_branching_factor":47.70674859803441,"nb_eval":15,"nb_expanded":949738,"nb_generated":45308912,"nb_guide":45308911,"nb_sols_created":0,"nb_trashed":8826,"nodes_generated_per_sec":1006782.6875,"time_searched":45.003665924072266}