{"avg_branching_factor":18.719600646533262,"nb_eval":13,"nb_expanded":1074036,"nb_generated":20105525,"nb_guide":20105526,"nb_sols_created":0,"nb_trashed":22720,"nodes_generated_per_sec":446757.5625,"time_searched":45.00320816040039}