{"avg_branching_factor":2.274802393440201,"nb_eval":8,"nb_expanded":13537,"nb_generated":30794,"nb_guide":30797,"nb_sols_created":0,"nb_trashed":3330,"nodes_generated_per_sec":466951.75,"time_searched":0.06594685465097427}