{"avg_branching_factor":21.944907773457384,"nb_eval":13,"nb_expanded":1107924,"nb_generated":24313290,"nb_guide":24313291,"nb_sols_created":0,"nb_trashed":21912,"nodes_generated_per_sec":540242.375,"time_searched":45.00441360473633}