{"avg_branching_factor":6.7887445887445885,"nb_eval":8,"nb_expanded":2310,"nb_generated":15682,"nb_guide":15682,"nb_sols_created":0,"nb_trashed":193,"nodes_generated_per_sec":1748304.0,"time_searched":0.008969835937023163}