{"avg_branching_factor":14.836081964763887,"nb_eval":11,"nb_expanded":87013,"nb_generated":1290932,"nb_guide":1290933,"nb_sols_created":0,"nb_trashed":2226,"nodes_generated_per_sec":903384.625,"time_searched":1.42899489402771}