{"avg_branching_factor":46.08180221069476,"nb_eval":25,"nb_expanded":1660383,"nb_generated":76513441,"nb_guide":76513431,"nb_sols_created":0,"nb_trashed":100715,"nodes_generated_per_sec":850009.125,"time_searched":90.01484680175781}