{"avg_branching_factor":3.4661921708185055,"nb_eval":4,"nb_expanded":281,"nb_generated":974,"nb_guide":975,"nb_sols_created":0,"nb_trashed":43,"nodes_generated_per_sec":22468.443359375,"time_searched":0.04334968701004982}