{"avg_branching_factor":26.356976790427705,"nb_eval":5,"nb_expanded":1684779,"nb_generated":44405681,"nb_guide":44405692,"nb_sols_created":0,"nb_trashed":53336,"nodes_generated_per_sec":1971764.25,"time_searched":22.52078628540039}