{"avg_branching_factor":3.4522578756772946,"nb_eval":18,"nb_expanded":1469080,"nb_generated":5071643,"nb_guide":5071643,"nb_sols_created":0,"nb_trashed":257933,"nodes_generated_per_sec":280474.28125,"time_searched":18.082382202148438}