{"avg_branching_factor":6.737460436190717,"nb_eval":3,"nb_expanded":1114971,"nb_generated":7512073,"nb_guide":7512087,"nb_sols_created":0,"nb_trashed":78018,"nodes_generated_per_sec":1656843.875,"time_searched":4.533965587615967}