{"avg_branching_factor":290.6241158605438,"nb_eval":22,"nb_expanded":2687783,"nb_generated":781134558,"nb_guide":781134549,"nb_sols_created":0,"nb_trashed":4073,"nodes_generated_per_sec":1735846.375,"time_searched":450.0021057128906}