{"avg_branching_factor":20.480511798287637,"nb_eval":12,"nb_expanded":973743,"nb_generated":19942755,"nb_guide":19942758,"nb_sols_created":0,"nb_trashed":21888,"nodes_generated_per_sec":885761.375,"time_searched":22.51481819152832}