{"avg_branching_factor":53.932058367452946,"nb_eval":9,"nb_expanded":1047296,"nb_generated":56482829,"nb_guide":56482834,"nb_sols_created":0,"nb_trashed":10222,"nodes_generated_per_sec":2510164.75,"time_searched":22.50164222717285}