{"avg_branching_factor":108.18443939256785,"nb_eval":14,"nb_expanded":1745446,"nb_generated":188830097,"nb_guide":188830097,"nb_sols_created":0,"nb_trashed":19911,"nodes_generated_per_sec":2098065.5,"time_searched":90.00200653076172}