{"avg_branching_factor":26.213456208162793,"nb_eval":15,"nb_expanded":1739331,"nb_generated":45593877,"nb_guide":45593878,"nb_sols_created":0,"nb_trashed":39350,"nodes_generated_per_sec":2021142.25,"time_searched":22.558469772338867}