{"avg_branching_factor":83.32993940317633,"nb_eval":20,"nb_expanded":1417236,"nb_generated":118098190,"nb_guide":118098184,"nb_sols_created":0,"nb_trashed":42383,"nodes_generated_per_sec":656082.75,"time_searched":180.00502014160156}