{"avg_branching_factor":4.383916536180167,"nb_eval":25,"nb_expanded":1009683,"nb_generated":4426366,"nb_guide":4426358,"nb_sols_created":0,"nb_trashed":179612,"nodes_generated_per_sec":486615.3125,"time_searched":9.096232414245605}