{"avg_branching_factor":27.354883604412734,"nb_eval":10,"nb_expanded":1724464,"nb_generated":47172512,"nb_guide":47172517,"nb_sols_created":0,"nb_trashed":166184,"nodes_generated_per_sec":524063.8125,"time_searched":90.0129165649414}