{"avg_branching_factor":25.91520822291143,"nb_eval":14,"nb_expanded":1715013,"nb_generated":44444919,"nb_guide":44444921,"nb_sols_created":0,"nb_trashed":54605,"nodes_generated_per_sec":1973791.25,"time_searched":22.51753807067871}