{"avg_branching_factor":26.919504400212283,"nb_eval":5,"nb_expanded":1028814,"nb_generated":27695163,"nb_guide":27695173,"nb_sols_created":0,"nb_trashed":16947,"nodes_generated_per_sec":2459696.75,"time_searched":11.259584426879883}