{"avg_branching_factor":53.91672987841251,"nb_eval":14,"nb_expanded":2851527,"nb_generated":153745011,"nb_guide":153745012,"nb_sols_created":0,"nb_trashed":32378,"nodes_generated_per_sec":1708102.375,"time_searched":90.00924682617188}