{"avg_branching_factor":4.517820907371323,"nb_eval":18,"nb_expanded":1438507,"nb_generated":6498917,"nb_guide":6498916,"nb_sols_created":0,"nb_trashed":176121,"nodes_generated_per_sec":359053.90625,"time_searched":18.100114822387695}