{"avg_branching_factor":49.42187246470875,"nb_eval":5,"nb_expanded":6163,"nb_generated":304587,"nb_guide":304588,"nb_sols_created":0,"nb_trashed":193,"nodes_generated_per_sec":602435.0,"time_searched":0.5055931210517883}