{"avg_branching_factor":27.567297005629623,"nb_eval":8,"nb_expanded":992429,"nb_generated":27358585,"nb_guide":27358592,"nb_sols_created":0,"nb_trashed":24638,"nodes_generated_per_sec":2429571.5,"time_searched":11.260662078857422}