{"avg_branching_factor":21.337392237261952,"nb_eval":13,"nb_expanded":1334761,"nb_generated":28480319,"nb_guide":28480321,"nb_sols_created":0,"nb_trashed":36351,"nodes_generated_per_sec":632619.625,"time_searched":45.019657135009766}