{"avg_branching_factor":64.04412489953472,"nb_eval":10,"nb_expanded":914495,"nb_generated":58568032,"nb_guide":58568035,"nb_sols_created":0,"nb_trashed":6384,"nodes_generated_per_sec":650743.625,"time_searched":90.00170135498047}