{"avg_branching_factor":229.45454150336838,"nb_eval":11,"nb_expanded":1334470,"nb_generated":306200202,"nb_guide":306200203,"nb_sols_created":0,"nb_trashed":2573,"nodes_generated_per_sec":680443.4375,"time_searched":450.0009460449219}