{"avg_branching_factor":15.376015011296284,"nb_eval":14,"nb_expanded":634722,"nb_generated":9759495,"nb_guide":9759496,"nb_sols_created":0,"nb_trashed":17341,"nodes_generated_per_sec":966067.9375,"time_searched":10.102286338806152}