{"avg_branching_factor":39.424877100769784,"nb_eval":13,"nb_expanded":923114,"nb_generated":36393656,"nb_guide":36393657,"nb_sols_created":0,"nb_trashed":9491,"nodes_generated_per_sec":808671.0625,"time_searched":45.004276275634766}