{"avg_branching_factor":24.295845208587323,"nb_eval":5,"nb_expanded":1733998,"nb_generated":42128947,"nb_guide":42128958,"nb_sols_created":0,"nb_trashed":44211,"nodes_generated_per_sec":1867952.0,"time_searched":22.55354881286621}