{"avg_branching_factor":99.42089377017194,"nb_eval":19,"nb_expanded":3165288,"nb_generated":314695762,"nb_guide":314695758,"nb_sols_created":0,"nb_trashed":35959,"nodes_generated_per_sec":1748198.75,"time_searched":180.01144409179688}