{"avg_branching_factor":49.91487214197452,"nb_eval":34,"nb_expanded":3194207,"nb_generated":159438434,"nb_guide":159438416,"nb_sols_created":0,"nb_trashed":49725,"nodes_generated_per_sec":1770943.5,"time_searched":90.03022003173828}