{"avg_branching_factor":25.57214596155529,"nb_eval":9,"nb_expanded":1714150,"nb_generated":43834494,"nb_guide":43834501,"nb_sols_created":0,"nb_trashed":56950,"nodes_generated_per_sec":1946968.625,"time_searched":22.51422882080078}