{"avg_branching_factor":21.21072740097181,"nb_eval":22,"nb_expanded":1429088,"nb_generated":30311996,"nb_guide":30311990,"nb_sols_created":0,"nb_trashed":60671,"nodes_generated_per_sec":673076.125,"time_searched":45.03501892089844}