{"avg_branching_factor":13.26065582685301,"nb_eval":8,"nb_expanded":91945,"nb_generated":1219251,"nb_guide":1219254,"nb_sols_created":0,"nb_trashed":7438,"nodes_generated_per_sec":365907.21875,"time_searched":3.3321316242218018}