{"avg_branching_factor":260.16441818235717,"nb_eval":11,"nb_expanded":1315627,"nb_generated":342279333,"nb_guide":342279334,"nb_sols_created":0,"nb_trashed":2986,"nodes_generated_per_sec":760619.625,"time_searched":450.0006408691406}