{"avg_branching_factor":22.499423564237393,"nb_eval":13,"nb_expanded":525644,"nb_generated":11826687,"nb_guide":11826688,"nb_sols_created":0,"nb_trashed":8684,"nodes_generated_per_sec":1050919.625,"time_searched":11.253654479980469}