{"avg_branching_factor":9.106206115515288,"nb_eval":12,"nb_expanded":44150,"nb_generated":402039,"nb_guide":402038,"nb_sols_created":0,"nb_trashed":1754,"nodes_generated_per_sec":615394.0,"time_searched":0.6533034443855286}