{"avg_branching_factor":5.739130434782608,"nb_eval":3,"nb_expanded":253,"nb_generated":1452,"nb_guide":1454,"nb_sols_created":0,"nb_trashed":19,"nodes_generated_per_sec":663362.3125,"time_searched":0.0021888490300625563}