{"avg_branching_factor":257.23429813943125,"nb_eval":4,"nb_expanded":1387049,"nb_generated":356796576,"nb_guide":356796584,"nb_sols_created":0,"nb_trashed":70484,"nodes_generated_per_sec":792879.5625,"time_searched":450.0009765625}