{"avg_branching_factor":72.409761410711,"nb_eval":11,"nb_expanded":938307,"nb_generated":67942586,"nb_guide":67942588,"nb_sols_created":0,"nb_trashed":24344,"nodes_generated_per_sec":754908.1875,"time_searched":90.0011215209961}