{"avg_branching_factor":248.83148248681786,"nb_eval":6,"nb_expanded":1333624,"nb_generated":331847637,"nb_guide":331847643,"nb_sols_created":0,"nb_trashed":63607,"nodes_generated_per_sec":737437.5625,"time_searched":450.0010070800781}