{"avg_branching_factor":10.641643287472707,"nb_eval":21,"nb_expanded":1559435,"nb_generated":16594951,"nb_guide":16594946,"nb_sols_created":0,"nb_trashed":131792,"nodes_generated_per_sec":368400.84375,"time_searched":45.0459098815918}