{"avg_branching_factor":57.35944299390775,"nb_eval":12,"nb_expanded":1007673,"nb_generated":57799562,"nb_guide":57799564,"nb_sols_created":0,"nb_trashed":12026,"nodes_generated_per_sec":2568596.75,"time_searched":22.50238800048828}