{"avg_branching_factor":52.68610038500495,"nb_eval":8,"nb_expanded":1057389,"nb_generated":55709703,"nb_guide":55709709,"nb_sols_created":0,"nb_trashed":13548,"nodes_generated_per_sec":2475660.0,"time_searched":22.502971649169922}