{"avg_branching_factor":76.03824307102234,"nb_eval":9,"nb_expanded":1395913,"nb_generated":106142772,"nb_guide":106142777,"nb_sols_created":0,"nb_trashed":46755,"nodes_generated_per_sec":589656.125,"time_searched":180.00790405273438}