{"avg_branching_factor":291.5331540095516,"nb_eval":22,"nb_expanded":2720591,"nb_generated":793142475,"nb_guide":793142466,"nb_sols_created":0,"nb_trashed":4101,"nodes_generated_per_sec":1762528.875,"time_searched":450.0025329589844}