{"avg_branching_factor":50.449728333926714,"nb_eval":30,"nb_expanded":3143013,"nb_generated":158564152,"nb_guide":158564138,"nb_sols_created":0,"nb_trashed":48396,"nodes_generated_per_sec":1761411.125,"time_searched":90.0210952758789}