{"avg_branching_factor":52.62634059071659,"nb_eval":14,"nb_expanded":951353,"nb_generated":50066227,"nb_guide":50066227,"nb_sols_created":0,"nb_trashed":14857,"nodes_generated_per_sec":2224926.5,"time_searched":22.502418518066406}