{"avg_branching_factor":49.43696203721105,"nb_eval":17,"nb_expanded":1489880,"nb_generated":73655141,"nb_guide":73655138,"nb_sols_created":0,"nb_trashed":21583,"nodes_generated_per_sec":818348.375,"time_searched":90.00463104248047}