{"avg_branching_factor":5.4211811256307785,"nb_eval":16,"nb_expanded":1241917,"nb_generated":6732657,"nb_guide":6732658,"nb_sols_created":0,"nb_trashed":122235,"nodes_generated_per_sec":372162.5625,"time_searched":18.090635299682617}