{"avg_branching_factor":19.464592786885245,"nb_eval":12,"nb_expanded":953125,"nb_generated":18552190,"nb_guide":18552193,"nb_sols_created":0,"nb_trashed":18823,"nodes_generated_per_sec":824019.125,"time_searched":22.514270782470703}