{"avg_branching_factor":9.31951461858167,"nb_eval":24,"nb_expanded":2889439,"nb_generated":26928169,"nb_guide":26928163,"nb_sols_created":0,"nb_trashed":228836,"nodes_generated_per_sec":1489834.0,"time_searched":18.074609756469727}