{"avg_branching_factor":46.98792584103287,"nb_eval":11,"nb_expanded":197198,"nb_generated":9265925,"nb_guide":9265926,"nb_sols_created":0,"nb_trashed":2061,"nodes_generated_per_sec":1139268.0,"time_searched":8.13322639465332}