{"avg_branching_factor":52.55327818618636,"nb_eval":17,"nb_expanded":1737775,"nb_generated":91325773,"nb_guide":91325771,"nb_sols_created":0,"nb_trashed":38607,"nodes_generated_per_sec":2029057.125,"time_searched":45.00897216796875}