{"avg_branching_factor":54.99045804736685,"nb_eval":9,"nb_expanded":1843019,"nb_generated":101348459,"nb_guide":101348465,"nb_sols_created":0,"nb_trashed":16996,"nodes_generated_per_sec":2251138.5,"time_searched":45.02097702026367}