{"avg_branching_factor":26.611219205328215,"nb_eval":21,"nb_expanded":1710442,"nb_generated":45516947,"nb_guide":45516942,"nb_sols_created":0,"nb_trashed":34911,"nodes_generated_per_sec":2019274.0,"time_searched":22.541244506835938}