{"avg_branching_factor":3.5011379550998516,"nb_eval":14,"nb_expanded":1064629,"nb_generated":3727413,"nb_guide":3727416,"nb_sols_created":0,"nb_trashed":151810,"nodes_generated_per_sec":410186.3125,"time_searched":9.087121963500977}