{"avg_branching_factor":9.979449985844573,"nb_eval":21,"nb_expanded":1582432,"nb_generated":15791801,"nb_guide":15791796,"nb_sols_created":0,"nb_trashed":173114,"nodes_generated_per_sec":350527.53125,"time_searched":45.05152893066406}