{"avg_branching_factor":52.910928970817054,"nb_eval":10,"nb_expanded":1747493,"nb_generated":92461478,"nb_guide":92461483,"nb_sols_created":0,"nb_trashed":26814,"nodes_generated_per_sec":2054405.0,"time_searched":45.00645065307617}