{"avg_branching_factor":27.099724159127145,"nb_eval":25,"nb_expanded":2602950,"nb_generated":70539227,"nb_guide":70539218,"nb_sols_created":0,"nb_trashed":39272,"nodes_generated_per_sec":1566431.625,"time_searched":45.03179168701172}