{"avg_branching_factor":267.63734627092225,"nb_eval":8,"nb_expanded":1225370,"nb_generated":327954775,"nb_guide":327954779,"nb_sols_created":0,"nb_trashed":16094,"nodes_generated_per_sec":728786.625,"time_searched":450.0010986328125}