{"avg_branching_factor":43.110890212342724,"nb_eval":12,"nb_expanded":916961,"nb_generated":39531005,"nb_guide":39531007,"nb_sols_created":0,"nb_trashed":8801,"nodes_generated_per_sec":878387.75,"time_searched":45.00404739379883}