{"avg_branching_factor":19.965415842914453,"nb_eval":14,"nb_expanded":1041980,"nb_generated":20803564,"nb_guide":20803564,"nb_sols_created":0,"nb_trashed":22798,"nodes_generated_per_sec":462252.125,"time_searched":45.004798889160156}