{"avg_branching_factor":27.09634016163312,"nb_eval":26,"nb_expanded":2608995,"nb_generated":70694216,"nb_guide":70694206,"nb_sols_created":0,"nb_trashed":42344,"nodes_generated_per_sec":1569593.375,"time_searched":45.03982925415039}