{"avg_branching_factor":50.58208737973024,"nb_eval":12,"nb_expanded":1559515,"nb_generated":78883524,"nb_guide":78883526,"nb_sols_created":0,"nb_trashed":34403,"nodes_generated_per_sec":438229.75,"time_searched":180.00494384765625}