{"avg_branching_factor":102.14524435942916,"nb_eval":21,"nb_expanded":3126235,"nb_generated":319330038,"nb_guide":319330031,"nb_sols_created":0,"nb_trashed":23111,"nodes_generated_per_sec":1774001.125,"time_searched":180.00555419921875}