{"avg_branching_factor":41.45319468527366,"nb_eval":25,"nb_expanded":1724943,"nb_generated":71504398,"nb_guide":71504388,"nb_sols_created":0,"nb_trashed":71136,"nodes_generated_per_sec":794380.1875,"time_searched":90.0128173828125}