{"avg_branching_factor":108.3465221872043,"nb_eval":16,"nb_expanded":1802886,"nb_generated":195336428,"nb_guide":195336426,"nb_sols_created":0,"nb_trashed":8179,"nodes_generated_per_sec":2170324.5,"time_searched":90.00333404541016}