{"avg_branching_factor":41.11361754099048,"nb_eval":12,"nb_expanded":381552,"nb_generated":15686983,"nb_guide":15686984,"nb_sols_created":0,"nb_trashed":4275,"nodes_generated_per_sec":1059250.125,"time_searched":14.809516906738281}