{"avg_branching_factor":69.10953817665592,"nb_eval":12,"nb_expanded":1557457,"nb_generated":107635134,"nb_guide":107635135,"nb_sols_created":0,"nb_trashed":5568,"nodes_generated_per_sec":597965.6875,"time_searched":180.002197265625}