{"avg_branching_factor":7.279374224590226,"nb_eval":19,"nb_expanded":1204202,"nb_generated":8765837,"nb_guide":8765835,"nb_sols_created":0,"nb_trashed":113324,"nodes_generated_per_sec":1934372.0,"time_searched":4.531619071960449}