{"avg_branching_factor":31.86614961026874,"nb_eval":13,"nb_expanded":773610,"nb_generated":24651972,"nb_guide":24651973,"nb_sols_created":0,"nb_trashed":10295,"nodes_generated_per_sec":764180.0625,"time_searched":32.259376525878906}