{"avg_branching_factor":26.712275369049127,"nb_eval":26,"nb_expanded":2700318,"nb_generated":72131638,"nb_guide":72131628,"nb_sols_created":0,"nb_trashed":36978,"nodes_generated_per_sec":1601371.25,"time_searched":45.043670654296875}