{"avg_branching_factor":55.787471189570226,"nb_eval":23,"nb_expanded":935859,"nb_generated":52209207,"nb_guide":52209198,"nb_sols_created":0,"nb_trashed":16597,"nodes_generated_per_sec":2320271.5,"time_searched":22.50133514404297}