{"avg_branching_factor":6.591304347826087,"nb_eval":3,"nb_expanded":230,"nb_generated":1516,"nb_guide":1518,"nb_sols_created":0,"nb_trashed":19,"nodes_generated_per_sec":683261.75,"time_searched":0.002218768931925297}