{"avg_branching_factor":76.49923534409515,"nb_eval":4,"nb_expanded":5885,"nb_generated":450198,"nb_guide":450200,"nb_sols_created":0,"nb_trashed":122,"nodes_generated_per_sec":835010.125,"time_searched":0.5391527414321899}