{"avg_branching_factor":41.473684210526315,"nb_eval":2,"nb_expanded":304,"nb_generated":12608,"nb_guide":12609,"nb_sols_created":0,"nb_trashed":4,"nodes_generated_per_sec":994148.8125,"time_searched":0.012682205997407436}