{"avg_branching_factor":89.68981774045096,"nb_eval":15,"nb_expanded":1636238,"nb_generated":146753888,"nb_guide":146753887,"nb_sols_created":0,"nb_trashed":40624,"nodes_generated_per_sec":815284.1875,"time_searched":180.00335693359375}