{"avg_branching_factor":30.013357507391213,"nb_eval":12,"nb_expanded":571963,"nb_generated":17166530,"nb_guide":17166531,"nb_sols_created":0,"nb_trashed":14252,"nodes_generated_per_sec":762923.625,"time_searched":22.500980377197266}