{"avg_branching_factor":109.75230941677248,"nb_eval":13,"nb_expanded":1841374,"nb_generated":202095049,"nb_guide":202095050,"nb_sols_created":0,"nb_trashed":10787,"nodes_generated_per_sec":2245331.5,"time_searched":90.00678253173828}