{"avg_branching_factor":48.569741698878396,"nb_eval":12,"nb_expanded":504992,"nb_generated":24527331,"nb_guide":24527332,"nb_sols_created":0,"nb_trashed":4236,"nodes_generated_per_sec":1090033.625,"time_searched":22.501445770263672}