{"avg_branching_factor":28.078839407042,"nb_eval":6,"nb_expanded":1003039,"nb_generated":28164171,"nb_guide":28164180,"nb_sols_created":0,"nb_trashed":16784,"nodes_generated_per_sec":2502156.5,"time_searched":11.255959510803223}