{"avg_branching_factor":57.34396082174464,"nb_eval":5,"nb_expanded":1017299,"nb_generated":58335954,"nb_guide":58335963,"nb_sols_created":0,"nb_trashed":8204,"nodes_generated_per_sec":2592420.75,"time_searched":22.50250244140625}