{"avg_branching_factor":19.61384471743749,"nb_eval":13,"nb_expanded":544092,"nb_generated":10671736,"nb_guide":10671737,"nb_sols_created":0,"nb_trashed":8506,"nodes_generated_per_sec":948322.375,"time_searched":11.253278732299805}