{"avg_branching_factor":9.03575033352756,"nb_eval":16,"nb_expanded":2198469,"nb_generated":19864817,"nb_guide":19864819,"nb_sols_created":0,"nb_trashed":223000,"nodes_generated_per_sec":1091972.375,"time_searched":18.191682815551758}