{"avg_branching_factor":4.361650485436893,"nb_eval":7,"nb_expanded":2060,"nb_generated":8985,"nb_guide":8986,"nb_sols_created":0,"nb_trashed":257,"nodes_generated_per_sec":616787.5625,"time_searched":0.014567414298653603}