{"avg_branching_factor":27.631604453724698,"nb_eval":15,"nb_expanded":2507115,"nb_generated":69275610,"nb_guide":69275611,"nb_sols_created":0,"nb_trashed":33483,"nodes_generated_per_sec":1537905.5,"time_searched":45.04542541503906}