{"avg_branching_factor":26.326552117685775,"nb_eval":17,"nb_expanded":1713852,"nb_generated":45119814,"nb_guide":45119813,"nb_sols_created":0,"nb_trashed":36971,"nodes_generated_per_sec":2000304.625,"time_searched":22.556472778320312}