{"avg_branching_factor":25.984345103815233,"nb_eval":34,"nb_expanded":2726623,"nb_generated":70849513,"nb_guide":70849495,"nb_sols_created":0,"nb_trashed":45288,"nodes_generated_per_sec":1572978.25,"time_searched":45.04163360595703}