{"avg_branching_factor":4.916110416466289,"nb_eval":12,"nb_expanded":51985,"nb_generated":255564,"nb_guide":255565,"nb_sols_created":0,"nb_trashed":4494,"nodes_generated_per_sec":1028536.9375,"time_searched":0.24847333133220673}