{"avg_branching_factor":2.6139004533631818,"nb_eval":29,"nb_expanded":124183,"nb_generated":324602,"nb_guide":324587,"nb_sols_created":0,"nb_trashed":28461,"nodes_generated_per_sec":434793.21875,"time_searched":0.7465663552284241}