{"avg_branching_factor":2.3046395576235756,"nb_eval":11,"nb_expanded":88974,"nb_generated":205053,"nb_guide":205054,"nb_sols_created":0,"nb_trashed":29748,"nodes_generated_per_sec":147499.40625,"time_searched":1.390195369720459}