{"avg_branching_factor":6.413771571675335,"nb_eval":16,"nb_expanded":1055377,"nb_generated":6768947,"nb_guide":6768946,"nb_sols_created":0,"nb_trashed":82353,"nodes_generated_per_sec":300553.0,"time_searched":22.521642684936523}