{"avg_branching_factor":46.27703398619148,"nb_eval":33,"nb_expanded":1689392,"nb_generated":78180051,"nb_guide":78180033,"nb_sols_created":0,"nb_trashed":19196,"nodes_generated_per_sec":868539.375,"time_searched":90.01324462890625}