{"avg_branching_factor":100.98197897871957,"nb_eval":26,"nb_expanded":3287716,"nb_generated":332000068,"nb_guide":332000057,"nb_sols_created":0,"nb_trashed":17227,"nodes_generated_per_sec":1844341.875,"time_searched":180.01004028320312}