{"avg_branching_factor":50.33823959778468,"nb_eval":25,"nb_expanded":3266708,"nb_generated":164440330,"nb_guide":164440321,"nb_sols_created":0,"nb_trashed":33534,"nodes_generated_per_sec":1826546.75,"time_searched":90.02799224853516}