{"avg_branching_factor":9.680087622999672,"nb_eval":17,"nb_expanded":1390959,"nb_generated":13464605,"nb_guide":13464605,"nb_sols_created":0,"nb_trashed":72660,"nodes_generated_per_sec":1472616.625,"time_searched":9.143320083618164}