{"avg_branching_factor":9.559695035535324,"nb_eval":3,"nb_expanded":858723,"nb_generated":8209130,"nb_guide":8209143,"nb_sols_created":0,"nb_trashed":33031,"nodes_generated_per_sec":1805255.875,"time_searched":4.54734992980957}