{"avg_branching_factor":66.59667221297838,"nb_eval":4,"nb_expanded":3005,"nb_generated":200123,"nb_guide":200124,"nb_sols_created":0,"nb_trashed":23,"nodes_generated_per_sec":758895.8125,"time_searched":0.2637028694152832}