{"avg_branching_factor":291.51102377999854,"nb_eval":7,"nb_expanded":2741800,"nb_generated":799264925,"nb_guide":799264931,"nb_sols_created":0,"nb_trashed":4753,"nodes_generated_per_sec":1776134.125,"time_searched":450.0025634765625}