{"avg_branching_factor":55.23333291682716,"nb_eval":24,"nb_expanded":1840709,"nb_generated":101668493,"nb_guide":101668484,"nb_sols_created":0,"nb_trashed":17743,"nodes_generated_per_sec":2258700.25,"time_searched":45.01194763183594}