{"avg_branching_factor":7.231163293634056,"nb_eval":16,"nb_expanded":1434367,"nb_generated":10372142,"nb_guide":10372143,"nb_sols_created":0,"nb_trashed":142479,"nodes_generated_per_sec":1137897.75,"time_searched":9.115179061889648}