{"avg_branching_factor":27.07796818668409,"nb_eval":6,"nb_expanded":1021019,"nb_generated":27647120,"nb_guide":27647129,"nb_sols_created":0,"nb_trashed":18940,"nodes_generated_per_sec":2455613.5,"time_searched":11.258742332458496}