{"avg_branching_factor":39.341796875,"nb_eval":8,"nb_expanded":6144,"nb_generated":241716,"nb_guide":241715,"nb_sols_created":0,"nb_trashed":78,"nodes_generated_per_sec":1974990.5,"time_searched":0.12238843739032745}