{"avg_branching_factor":22.48249424756692,"nb_eval":22,"nb_expanded":1618011,"nb_generated":36376923,"nb_guide":36376917,"nb_sols_created":0,"nb_trashed":41989,"nodes_generated_per_sec":807637.0625,"time_searched":45.041175842285156}