{"avg_branching_factor":27.60721387571571,"nb_eval":18,"nb_expanded":2517953,"nb_generated":69513667,"nb_guide":69513665,"nb_sols_created":0,"nb_trashed":38140,"nodes_generated_per_sec":1542796.125,"time_searched":45.05693435668945}