{"avg_branching_factor":4.045583059554925,"nb_eval":30,"nb_expanded":1554481,"nb_generated":6288782,"nb_guide":6288770,"nb_sols_created":0,"nb_trashed":330627,"nodes_generated_per_sec":347149.3125,"time_searched":18.115495681762695}