{"avg_branching_factor":4.717701250274183,"nb_eval":10,"nb_expanded":22795,"nb_generated":107540,"nb_guide":107540,"nb_sols_created":0,"nb_trashed":4087,"nodes_generated_per_sec":282926.96875,"time_searched":0.3800981044769287}