{"avg_branching_factor":103.08691316002594,"nb_eval":4,"nb_expanded":3115351,"nb_generated":321151918,"nb_guide":321151928,"nb_sols_created":0,"nb_trashed":16720,"nodes_generated_per_sec":1784136.875,"time_searched":180.0040740966797}