{"avg_branching_factor":7.9426671615654385,"nb_eval":27,"nb_expanded":1069579,"nb_generated":8495310,"nb_guide":8495298,"nb_sols_created":0,"nb_trashed":104015,"nodes_generated_per_sec":377246.78125,"time_searched":22.519237518310547}