{"avg_branching_factor":24.501419843268568,"nb_eval":9,"nb_expanded":2907011,"nb_generated":71225897,"nb_guide":71225905,"nb_sols_created":0,"nb_trashed":148247,"nodes_generated_per_sec":1581104.875,"time_searched":45.048179626464844}