{"avg_branching_factor":57.58464949828634,"nb_eval":6,"nb_expanded":1017413,"nb_generated":58587371,"nb_guide":58587379,"nb_sols_created":0,"nb_trashed":8185,"nodes_generated_per_sec":2603658.75,"time_searched":22.50193977355957}