{"avg_branching_factor":1.3822554567502021,"nb_eval":15,"nb_expanded":470060,"nb_generated":649743,"nb_guide":649744,"nb_sols_created":0,"nb_trashed":182064,"nodes_generated_per_sec":243456.84375,"time_searched":2.6688220500946045}