{"avg_branching_factor":25.452928665141776,"nb_eval":14,"nb_expanded":1708099,"nb_generated":43476122,"nb_guide":43476124,"nb_sols_created":0,"nb_trashed":55144,"nodes_generated_per_sec":1931029.5,"time_searched":22.514476776123047}