{"avg_branching_factor":22.40116904825566,"nb_eval":16,"nb_expanded":1619437,"nb_generated":36277282,"nb_guide":36277282,"nb_sols_created":0,"nb_trashed":35509,"nodes_generated_per_sec":805496.5,"time_searched":45.037166595458984}