{"avg_branching_factor":96.68007112301626,"nb_eval":12,"nb_expanded":866105,"nb_generated":83735093,"nb_guide":83735094,"nb_sols_created":0,"nb_trashed":4087,"nodes_generated_per_sec":930371.8125,"time_searched":90.00175476074219}