{"avg_branching_factor":2.057206375431265,"nb_eval":11,"nb_expanded":164632,"nb_generated":338682,"nb_guide":338684,"nb_sols_created":0,"nb_trashed":57079,"nodes_generated_per_sec":136170.75,"time_searched":2.4871861934661865}