{"avg_branching_factor":41.75154672745034,"nb_eval":5,"nb_expanded":3071,"nb_generated":128219,"nb_guide":128220,"nb_sols_created":0,"nb_trashed":36,"nodes_generated_per_sec":1009424.875,"time_searched":0.12702183425426483}