{"avg_branching_factor":106.55529692422373,"nb_eval":9,"nb_expanded":1761409,"nb_generated":187687459,"nb_guide":187687464,"nb_sols_created":0,"nb_trashed":16324,"nodes_generated_per_sec":2085356.75,"time_searched":90.0025634765625}