{"avg_branching_factor":25.01781027073024,"nb_eval":27,"nb_expanded":2888558,"nb_generated":72265396,"nb_guide":72265385,"nb_sols_created":0,"nb_trashed":67057,"nodes_generated_per_sec":1605206.625,"time_searched":45.019371032714844}