{"avg_branching_factor":45.60972624201049,"nb_eval":15,"nb_expanded":1681266,"nb_generated":76682082,"nb_guide":76682082,"nb_sols_created":0,"nb_trashed":144739,"nodes_generated_per_sec":851852.3125,"time_searched":90.0180435180664}