{"avg_branching_factor":9.14691493045437,"nb_eval":26,"nb_expanded":1458395,"nb_generated":13339815,"nb_guide":13339806,"nb_sols_created":0,"nb_trashed":91399,"nodes_generated_per_sec":1466250.0,"time_searched":9.097912788391113}