{"avg_branching_factor":6.57272495027463,"nb_eval":15,"nb_expanded":1096020,"nb_generated":7203838,"nb_guide":7203840,"nb_sols_created":0,"nb_trashed":92112,"nodes_generated_per_sec":1582918.25,"time_searched":4.550985336303711}