{"avg_branching_factor":290.8533259618917,"nb_eval":14,"nb_expanded":2700512,"nb_generated":785452897,"nb_guide":785452896,"nb_sols_created":0,"nb_trashed":4081,"nodes_generated_per_sec":1745444.0,"time_searched":450.0018005371094}