{"avg_branching_factor":24.780946411233522,"nb_eval":16,"nb_expanded":2850896,"nb_generated":70647901,"nb_guide":70647902,"nb_sols_created":0,"nb_trashed":150012,"nodes_generated_per_sec":1568645.0,"time_searched":45.03753662109375}