{"avg_branching_factor":101.89857473342248,"nb_eval":22,"nb_expanded":3314608,"nb_generated":337753831,"nb_guide":337753824,"nb_sols_created":0,"nb_trashed":19951,"nodes_generated_per_sec":1876263.125,"time_searched":180.01409912109375}