{"avg_branching_factor":63.54776640617419,"nb_eval":11,"nb_expanded":1586994,"nb_generated":100849924,"nb_guide":100849927,"nb_sols_created":0,"nb_trashed":36772,"nodes_generated_per_sec":560263.625,"time_searched":180.00440979003906}