{"avg_branching_factor":291.98215947743853,"nb_eval":4,"nb_expanded":2727947,"nb_generated":796511856,"nb_guide":796511865,"nb_sols_created":0,"nb_trashed":7965,"nodes_generated_per_sec":1770016.875,"time_searched":450.0024108886719}