{"avg_branching_factor":102.29942373234046,"nb_eval":25,"nb_expanded":3325538,"nb_generated":340200621,"nb_guide":340200611,"nb_sols_created":0,"nb_trashed":18233,"nodes_generated_per_sec":1889832.25,"time_searched":180.01629638671875}