{"avg_branching_factor":26.29001106828302,"nb_eval":4,"nb_expanded":1677767,"nb_generated":44108513,"nb_guide":44108525,"nb_sols_created":0,"nb_trashed":53289,"nodes_generated_per_sec":1958301.75,"time_searched":22.52385902404785}