{"avg_branching_factor":19.466814717677956,"nb_eval":10,"nb_expanded":1477869,"nb_generated":28769402,"nb_guide":28769408,"nb_sols_created":0,"nb_trashed":139137,"nodes_generated_per_sec":638907.6875,"time_searched":45.0290412902832}