{"avg_branching_factor":49.90794662648142,"nb_eval":8,"nb_expanded":1072367,"nb_generated":53519635,"nb_guide":53519641,"nb_sols_created":0,"nb_trashed":10414,"nodes_generated_per_sec":2378274.0,"time_searched":22.50356101989746}