{"avg_branching_factor":52.87643175088329,"nb_eval":19,"nb_expanded":1416011,"nb_generated":74873609,"nb_guide":74873604,"nb_sols_created":0,"nb_trashed":18123,"nodes_generated_per_sec":831871.3125,"time_searched":90.00624084472656}