{"avg_branching_factor":50.17587708473122,"nb_eval":15,"nb_expanded":3225116,"nb_generated":161823024,"nb_guide":161823025,"nb_sols_created":0,"nb_trashed":32953,"nodes_generated_per_sec":1797668.5,"time_searched":90.01828002929688}