{"avg_branching_factor":108.9830983995854,"nb_eval":12,"nb_expanded":1819591,"nb_generated":198304665,"nb_guide":198304667,"nb_sols_created":0,"nb_trashed":8186,"nodes_generated_per_sec":2203332.25,"time_searched":90.00216674804688}