{"avg_branching_factor":3.701535508637236,"nb_eval":5,"nb_expanded":1042,"nb_generated":3857,"nb_guide":3859,"nb_sols_created":0,"nb_trashed":121,"nodes_generated_per_sec":535898.3125,"time_searched":0.007197260856628418}