{"avg_branching_factor":102.79381557327264,"nb_eval":32,"nb_expanded":1564090,"nb_generated":160778779,"nb_guide":160778760,"nb_sols_created":0,"nb_trashed":4145,"nodes_generated_per_sec":893206.6875,"time_searched":180.00177001953125}