{"avg_branching_factor":51.528649919634475,"nb_eval":23,"nb_expanded":3143761,"nb_generated":161993760,"nb_guide":161993753,"nb_sols_created":0,"nb_trashed":39151,"nodes_generated_per_sec":1799558.25,"time_searched":90.01862335205078}