{"avg_branching_factor":100.67635592271128,"nb_eval":10,"nb_expanded":1017794,"nb_generated":102467791,"nb_guide":102467793,"nb_sols_created":0,"nb_trashed":20089,"nodes_generated_per_sec":392379.0625,"time_searched":261.1448974609375}