{"avg_branching_factor":29.587022560654543,"nb_eval":8,"nb_expanded":24689,"nb_generated":730474,"nb_guide":730475,"nb_sols_created":0,"nb_trashed":481,"nodes_generated_per_sec":792034.625,"time_searched":0.9222753643989563}