{"avg_branching_factor":52.986573527026714,"nb_eval":28,"nb_expanded":2934948,"nb_generated":155512838,"nb_guide":155512825,"nb_sols_created":0,"nb_trashed":26598,"nodes_generated_per_sec":1727700.625,"time_searched":90.01144409179688}