{"avg_branching_factor":291.5754924126023,"nb_eval":10,"nb_expanded":2733480,"nb_generated":797015777,"nb_guide":797015780,"nb_sols_created":0,"nb_trashed":11333,"nodes_generated_per_sec":1771136.375,"time_searched":450.00250244140625}