{"avg_branching_factor":21.275074556835705,"nb_eval":40,"nb_expanded":1562231,"nb_generated":33236581,"nb_guide":33236557,"nb_sols_created":0,"nb_trashed":45111,"nodes_generated_per_sec":737932.125,"time_searched":45.040157318115234}