{"avg_branching_factor":3.824951057364847,"nb_eval":19,"nb_expanded":1569184,"nb_generated":6002052,"nb_guide":6002050,"nb_sols_created":0,"nb_trashed":270921,"nodes_generated_per_sec":331931.90625,"time_searched":18.082178115844727}