{"avg_branching_factor":21.263440860215052,"nb_eval":4,"nb_expanded":744,"nb_generated":15820,"nb_guide":15821,"nb_sols_created":0,"nb_trashed":25,"nodes_generated_per_sec":1010146.5,"time_searched":0.015661094337701797}