{"avg_branching_factor":16.04297994269341,"nb_eval":3,"nb_expanded":349,"nb_generated":5599,"nb_guide":5600,"nb_sols_created":0,"nb_trashed":16,"nodes_generated_per_sec":780690.9375,"time_searched":0.007171852048486471}