{"avg_branching_factor":291.276317452433,"nb_eval":20,"nb_expanded":2721844,"nb_generated":792808697,"nb_guide":792808690,"nb_sols_created":0,"nb_trashed":4136,"nodes_generated_per_sec":1761784.75,"time_searched":450.003173828125}