{"avg_branching_factor":113.18099580800923,"nb_eval":36,"nb_expanded":1332064,"nb_generated":150764330,"nb_guide":150764307,"nb_sols_created":0,"nb_trashed":4891,"nodes_generated_per_sec":837570.1875,"time_searched":180.0020294189453}