{"avg_branching_factor":22.749581417198694,"nb_eval":16,"nb_expanded":1626321,"nb_generated":36998122,"nb_guide":36998122,"nb_sols_created":0,"nb_trashed":33459,"nodes_generated_per_sec":821492.75,"time_searched":45.03767013549805}