{"avg_branching_factor":26.2880827650881,"nb_eval":16,"nb_expanded":1693371,"nb_generated":44515477,"nb_guide":44515477,"nb_sols_created":0,"nb_trashed":33020,"nodes_generated_per_sec":1975269.875,"time_searched":22.536401748657227}