{"avg_branching_factor":2.0472061657032756,"nb_eval":7,"nb_expanded":1038,"nb_generated":2125,"nb_guide":2125,"nb_sols_created":0,"nb_trashed":207,"nodes_generated_per_sec":365201.21875,"time_searched":0.005818710196763277}