{"avg_branching_factor":291.94291207692544,"nb_eval":14,"nb_expanded":2705581,"nb_generated":789875196,"nb_guide":789875195,"nb_sols_created":0,"nb_trashed":9817,"nodes_generated_per_sec":1755271.375,"time_searched":450.0017395019531}