{"avg_branching_factor":258.6074164475297,"nb_eval":11,"nb_expanded":1313486,"nb_generated":339677221,"nb_guide":339677222,"nb_sols_created":0,"nb_trashed":2249,"nodes_generated_per_sec":754836.3125,"time_searched":450.00115966796875}