{"avg_branching_factor":6.076388888888889,"nb_eval":4,"nb_expanded":288,"nb_generated":1750,"nb_guide":1751,"nb_sols_created":0,"nb_trashed":20,"nodes_generated_per_sec":644917.8125,"time_searched":0.0027135240379720926}