{"avg_branching_factor":290.8467378031612,"nb_eval":12,"nb_expanded":2699224,"nb_generated":785060495,"nb_guide":785060496,"nb_sols_created":0,"nb_trashed":4083,"nodes_generated_per_sec":1744568.875,"time_searched":450.0025634765625}