{"avg_branching_factor":7.327333760018642,"nb_eval":17,"nb_expanded":1270257,"nb_generated":9307597,"nb_guide":9307597,"nb_sols_created":0,"nb_trashed":97291,"nodes_generated_per_sec":514288.1875,"time_searched":18.098018646240234}