{"avg_branching_factor":21.448696216079224,"nb_eval":21,"nb_expanded":1609891,"nb_generated":34530063,"nb_guide":34530058,"nb_sols_created":0,"nb_trashed":91598,"nodes_generated_per_sec":766890.5625,"time_searched":45.026065826416016}