{"avg_branching_factor":8.151580852793904,"nb_eval":22,"nb_expanded":3067142,"nb_generated":25002056,"nb_guide":25002052,"nb_sols_created":0,"nb_trashed":281488,"nodes_generated_per_sec":1382421.875,"time_searched":18.085691452026367}