{"avg_branching_factor":49.672234247635814,"nb_eval":11,"nb_expanded":1646975,"nb_generated":81808928,"nb_guide":81808932,"nb_sols_created":0,"nb_trashed":16652,"nodes_generated_per_sec":908905.875,"time_searched":90.00814056396484}