{"avg_branching_factor":3.1513833514558414,"nb_eval":15,"nb_expanded":8277,"nb_generated":26084,"nb_guide":26079,"nb_sols_created":0,"nb_trashed":1177,"nodes_generated_per_sec":658316.25,"time_searched":0.03962229564785957}