{"avg_branching_factor":23.118607394471585,"nb_eval":17,"nb_expanded":3073864,"nb_generated":71063455,"nb_guide":71063455,"nb_sols_created":0,"nb_trashed":120088,"nodes_generated_per_sec":1577473.75,"time_searched":45.04890060424805}