{"avg_branching_factor":17.99278924942642,"nb_eval":5,"nb_expanded":3051,"nb_generated":54896,"nb_guide":54897,"nb_sols_created":0,"nb_trashed":102,"nodes_generated_per_sec":460267.9375,"time_searched":0.11926966160535812}