{"avg_branching_factor":21.40596171216708,"nb_eval":27,"nb_expanded":1449181,"nb_generated":31021113,"nb_guide":31021102,"nb_sols_created":0,"nb_trashed":69082,"nodes_generated_per_sec":688787.625,"time_searched":45.03726577758789}