{"avg_branching_factor":28.04359310686135,"nb_eval":18,"nb_expanded":994148,"nb_generated":27879482,"nb_guide":27879479,"nb_sols_created":0,"nb_trashed":17571,"nodes_generated_per_sec":2475930.0,"time_searched":11.26020622253418}