{"avg_branching_factor":53.73646764084808,"nb_eval":19,"nb_expanded":947599,"nb_generated":50920623,"nb_guide":50920618,"nb_sols_created":0,"nb_trashed":9601,"nodes_generated_per_sec":2262935.0,"time_searched":22.502025604248047}