{"avg_branching_factor":101.57180832919116,"nb_eval":25,"nb_expanded":3283296,"nb_generated":333490312,"nb_guide":333490302,"nb_sols_created":0,"nb_trashed":19005,"nodes_generated_per_sec":1852549.875,"time_searched":180.01690673828125}