{"avg_branching_factor":5.35814863802102,"nb_eval":14,"nb_expanded":1118960,"nb_generated":5995554,"nb_guide":5995557,"nb_sols_created":0,"nb_trashed":88163,"nodes_generated_per_sec":1313246.625,"time_searched":4.565443992614746}