{"avg_branching_factor":23.79493721620689,"nb_eval":15,"nb_expanded":3048876,"nb_generated":72547813,"nb_guide":72547815,"nb_sols_created":0,"nb_trashed":127438,"nodes_generated_per_sec":1611121.375,"time_searched":45.02939224243164}