{"avg_branching_factor":57.01862590848901,"nb_eval":12,"nb_expanded":995334,"nb_generated":56752577,"nb_guide":56752578,"nb_sols_created":0,"nb_trashed":15823,"nodes_generated_per_sec":630574.6875,"time_searched":90.00135040283203}