{"avg_branching_factor":4.261022927689594,"nb_eval":5,"nb_expanded":567,"nb_generated":2416,"nb_guide":2417,"nb_sols_created":0,"nb_trashed":43,"nodes_generated_per_sec":54563.79296875,"time_searched":0.04427844658493996}