{"avg_branching_factor":195.3182211759154,"nb_eval":4,"nb_expanded":1474817,"nb_generated":288058633,"nb_guide":288058641,"nb_sols_created":0,"nb_trashed":123773,"nodes_generated_per_sec":640129.0,"time_searched":450.0008850097656}