{"avg_branching_factor":8.644693033810498,"nb_eval":27,"nb_expanded":2303397,"nb_generated":19912160,"nb_guide":19912151,"nb_sols_created":0,"nb_trashed":208416,"nodes_generated_per_sec":1098871.875,"time_searched":18.120548248291016}