{"avg_branching_factor":103.55014425821317,"nb_eval":26,"nb_expanded":1548612,"nb_generated":160358996,"nb_guide":160358983,"nb_sols_created":0,"nb_trashed":4248,"nodes_generated_per_sec":890875.375,"time_searched":180.00160217285156}