{"avg_branching_factor":8.058399330456478,"nb_eval":29,"nb_expanded":3031319,"nb_generated":24427579,"nb_guide":24427568,"nb_sols_created":0,"nb_trashed":232713,"nodes_generated_per_sec":1351410.875,"time_searched":18.075613021850586}