{"avg_branching_factor":5.56491438620239,"nb_eval":17,"nb_expanded":1368179,"nb_generated":7613799,"nb_guide":7613799,"nb_sols_created":0,"nb_trashed":114894,"nodes_generated_per_sec":419584.28125,"time_searched":18.146053314208984}