{"avg_branching_factor":284.9469004421673,"nb_eval":10,"nb_expanded":1367808,"nb_generated":389752650,"nb_guide":389752652,"nb_sols_created":0,"nb_trashed":16855,"nodes_generated_per_sec":866115.6875,"time_searched":450.00067138671875}