{"avg_branching_factor":8.095851502795725,"nb_eval":18,"nb_expanded":2209981,"nb_generated":17891678,"nb_guide":17891678,"nb_sols_created":0,"nb_trashed":205097,"nodes_generated_per_sec":983612.4375,"time_searched":18.18976402282715}