{"avg_branching_factor":103.47164159713132,"nb_eval":23,"nb_expanded":1539385,"nb_generated":159282693,"nb_guide":159282683,"nb_sols_created":0,"nb_trashed":4149,"nodes_generated_per_sec":884893.5,"time_searched":180.00210571289062}