{"avg_branching_factor":1.343347315723903,"nb_eval":14,"nb_expanded":437455,"nb_generated":587654,"nb_guide":587656,"nb_sols_created":0,"nb_trashed":172864,"nodes_generated_per_sec":231329.1875,"time_searched":2.5403366088867188}