{"avg_branching_factor":36.28226124704025,"nb_eval":17,"nb_expanded":1631896,"nb_generated":59208877,"nb_guide":59208875,"nb_sols_created":0,"nb_trashed":43853,"nodes_generated_per_sec":657727.0,"time_searched":90.02044677734375}