{"avg_branching_factor":211.09789227292583,"nb_eval":4,"nb_expanded":1483304,"nb_generated":313122348,"nb_guide":313122356,"nb_sols_created":0,"nb_trashed":107109,"nodes_generated_per_sec":695825.9375,"time_searched":450.0009460449219}