{"avg_branching_factor":81.7482241334535,"nb_eval":10,"nb_expanded":916454,"nb_generated":74918487,"nb_guide":74918490,"nb_sols_created":0,"nb_trashed":4707,"nodes_generated_per_sec":832417.5,"time_searched":90.0010986328125}