{"avg_branching_factor":25.427556593547575,"nb_eval":7,"nb_expanded":954835,"nb_generated":24279121,"nb_guide":24279129,"nb_sols_created":0,"nb_trashed":22596,"nodes_generated_per_sec":2157277.25,"time_searched":11.254520416259766}