{"avg_branching_factor":109.54374616722708,"nb_eval":20,"nb_expanded":1836138,"nb_generated":201137435,"nb_guide":201137429,"nb_sols_created":0,"nb_trashed":8406,"nodes_generated_per_sec":2234773.0,"time_searched":90.00352478027344}