{"avg_branching_factor":52.69626213959883,"nb_eval":5,"nb_expanded":1716490,"nb_generated":90452607,"nb_guide":90452617,"nb_sols_created":0,"nb_trashed":30296,"nodes_generated_per_sec":2009808.75,"time_searched":45.00558090209961}