{"avg_branching_factor":1.9376362915075658,"nb_eval":37,"nb_expanded":1217519,"nb_generated":2359109,"nb_guide":2359090,"nb_sols_created":0,"nb_trashed":393861,"nodes_generated_per_sec":259795.515625,"time_searched":9.08063793182373}