{"avg_branching_factor":4.024899623393196,"nb_eval":16,"nb_expanded":32129,"nb_generated":129316,"nb_guide":129312,"nb_sols_created":0,"nb_trashed":3178,"nodes_generated_per_sec":693388.5,"time_searched":0.18649862706661224}