{"avg_branching_factor":96.46160745622588,"nb_eval":9,"nb_expanded":25643,"nb_generated":2473565,"nb_guide":2473564,"nb_sols_created":0,"nb_trashed":356,"nodes_generated_per_sec":835367.875,"time_searched":2.9610488414764404}