{"avg_branching_factor":25.13944794313214,"nb_eval":18,"nb_expanded":1729061,"nb_generated":43467639,"nb_guide":43467637,"nb_sols_created":0,"nb_trashed":61060,"nodes_generated_per_sec":1929827.75,"time_searched":22.52410316467285}