{"avg_branching_factor":98.68711648352476,"nb_eval":16,"nb_expanded":1592663,"nb_generated":157175319,"nb_guide":157175316,"nb_sols_created":0,"nb_trashed":5644,"nodes_generated_per_sec":873189.75,"time_searched":180.00132751464844}