{"avg_branching_factor":24.453369789318717,"nb_eval":8,"nb_expanded":1736889,"nb_generated":42472789,"nb_guide":42472797,"nb_sols_created":0,"nb_trashed":59326,"nodes_generated_per_sec":1886208.0,"time_searched":22.517553329467773}