{"avg_branching_factor":6.936038984750005,"nb_eval":13,"nb_expanded":1054361,"nb_generated":7313089,"nb_guide":7313091,"nb_sols_created":0,"nb_trashed":72901,"nodes_generated_per_sec":324818.71875,"time_searched":22.51436996459961}