{"avg_branching_factor":7.162543256099906,"nb_eval":15,"nb_expanded":1554983,"nb_generated":11137633,"nb_guide":11137635,"nb_sols_created":0,"nb_trashed":161160,"nodes_generated_per_sec":1224302.25,"time_searched":9.097126960754395}