{"avg_branching_factor":10.734797676217857,"nb_eval":6,"nb_expanded":218437,"nb_generated":2344877,"nb_guide":2344884,"nb_sols_created":0,"nb_trashed":35499,"nodes_generated_per_sec":302631.90625,"time_searched":7.748281002044678}