{"avg_branching_factor":2.5351608803378936,"nb_eval":18,"nb_expanded":233683,"nb_generated":592424,"nb_guide":592421,"nb_sols_created":0,"nb_trashed":60946,"nodes_generated_per_sec":390600.5625,"time_searched":1.516700267791748}