{"avg_branching_factor":23.381209731484255,"nb_eval":7,"nb_expanded":1045637,"nb_generated":24448258,"nb_guide":24448266,"nb_sols_created":0,"nb_trashed":17442,"nodes_generated_per_sec":2171312.5,"time_searched":11.259668350219727}