{"avg_branching_factor":257.36143682754664,"nb_eval":11,"nb_expanded":1303622,"nb_generated":335502031,"nb_guide":335502032,"nb_sols_created":0,"nb_trashed":2193,"nodes_generated_per_sec":745558.9375,"time_searched":450.00067138671875}