{"avg_branching_factor":2.8661971830985915,"nb_eval":5,"nb_expanded":568,"nb_generated":1628,"nb_guide":1629,"nb_sols_created":0,"nb_trashed":118,"nodes_generated_per_sec":429626.15625,"time_searched":0.003789341077208519}