{"avg_branching_factor":26.75504994189415,"nb_eval":13,"nb_expanded":892337,"nb_generated":23874521,"nb_guide":23874523,"nb_sols_created":0,"nb_trashed":38352,"nodes_generated_per_sec":2120909.75,"time_searched":11.256734848022461}