{"avg_branching_factor":20.961022681536043,"nb_eval":36,"nb_expanded":3038639,"nb_generated":63692981,"nb_guide":63692962,"nb_sols_created":0,"nb_trashed":159323,"nodes_generated_per_sec":1414025.75,"time_searched":45.04372024536133}