{"avg_branching_factor":55.03267245852404,"nb_eval":3,"nb_expanded":946271,"nb_generated":52075822,"nb_guide":52075833,"nb_sols_created":0,"nb_trashed":16420,"nodes_generated_per_sec":2314271.75,"time_searched":22.50203514099121}