{"avg_branching_factor":28.200768713246287,"nb_eval":7,"nb_expanded":963168,"nb_generated":27162078,"nb_guide":27162086,"nb_sols_created":0,"nb_trashed":16378,"nodes_generated_per_sec":2412959.5,"time_searched":11.25674819946289}