{"avg_branching_factor":100.42102106269913,"nb_eval":16,"nb_expanded":3112659,"nb_generated":312576395,"nb_guide":312576394,"nb_sols_created":0,"nb_trashed":58470,"nodes_generated_per_sec":1736473.625,"time_searched":180.00640869140625}