{"avg_branching_factor":46.8880814195894,"nb_eval":31,"nb_expanded":1678908,"nb_generated":78720775,"nb_guide":78720759,"nb_sols_created":0,"nb_trashed":18999,"nodes_generated_per_sec":874580.9375,"time_searched":90.00971221923828}