{"avg_branching_factor":5.893466813877447,"nb_eval":11,"nb_expanded":2449096,"nb_generated":14433666,"nb_guide":14433673,"nb_sols_created":0,"nb_trashed":347184,"nodes_generated_per_sec":793546.625,"time_searched":18.188806533813477}