{"avg_branching_factor":46.90465816592101,"nb_eval":29,"nb_expanded":3131490,"nb_generated":146881468,"nb_guide":146881454,"nb_sols_created":0,"nb_trashed":73102,"nodes_generated_per_sec":1631992.75,"time_searched":90.00130462646484}