{"avg_branching_factor":19.652583633210583,"nb_eval":6,"nb_expanded":952612,"nb_generated":18721287,"nb_guide":18721296,"nb_sols_created":0,"nb_trashed":23133,"nodes_generated_per_sec":831471.75,"time_searched":22.515844345092773}