{"avg_branching_factor":75.84283298967003,"nb_eval":11,"nb_expanded":398646,"nb_generated":30234442,"nb_guide":30234443,"nb_sols_created":0,"nb_trashed":3261,"nodes_generated_per_sec":819104.125,"time_searched":36.911598205566406}