{"avg_branching_factor":8.766285827954743,"nb_eval":18,"nb_expanded":2307451,"nb_generated":20227775,"nb_guide":20227775,"nb_sols_created":0,"nb_trashed":135286,"nodes_generated_per_sec":1117271.375,"time_searched":18.10462188720703}