{"avg_branching_factor":49.78357866191844,"nb_eval":29,"nb_expanded":3178730,"nb_generated":158248555,"nb_guide":158248542,"nb_sols_created":0,"nb_trashed":44387,"nodes_generated_per_sec":1757966.25,"time_searched":90.01797485351562}