{"avg_branching_factor":109.09026320742896,"nb_eval":11,"nb_expanded":1811613,"nb_generated":197629339,"nb_guide":197629342,"nb_sols_created":0,"nb_trashed":8587,"nodes_generated_per_sec":2195788.5,"time_searched":90.00381469726562}