{"avg_branching_factor":8.095239414367722,"nb_eval":14,"nb_expanded":1119064,"nb_generated":9059091,"nb_guide":9059092,"nb_sols_created":0,"nb_trashed":37577,"nodes_generated_per_sec":402299.03125,"time_searched":22.518301010131836}