{"avg_branching_factor":26.525464782883578,"nb_eval":9,"nb_expanded":1714564,"nb_generated":45479607,"nb_guide":45479614,"nb_sols_created":0,"nb_trashed":35693,"nodes_generated_per_sec":2016978.25,"time_searched":22.54838752746582}