{"avg_branching_factor":16.66869593079141,"nb_eval":6,"nb_expanded":6242,"nb_generated":104046,"nb_guide":104047,"nb_sols_created":0,"nb_trashed":454,"nodes_generated_per_sec":452348.84375,"time_searched":0.23001274466514587}