{"avg_branching_factor":24.578125,"nb_eval":3,"nb_expanded":704,"nb_generated":17303,"nb_guide":17304,"nb_sols_created":0,"nb_trashed":13,"nodes_generated_per_sec":643221.3125,"time_searched":0.02690053917467594}