{"avg_branching_factor":4.347052546071389,"nb_eval":28,"nb_expanded":62783,"nb_generated":272921,"nb_guide":272906,"nb_sols_created":0,"nb_trashed":5837,"nodes_generated_per_sec":745809.8125,"time_searched":0.3659391403198242}