{"avg_branching_factor":6.909883741411891,"nb_eval":14,"nb_expanded":2128961,"nb_generated":14710873,"nb_guide":14710877,"nb_sols_created":0,"nb_trashed":356941,"nodes_generated_per_sec":1614844.875,"time_searched":9.109774589538574}