{"avg_branching_factor":26.216334262609767,"nb_eval":19,"nb_expanded":1704552,"nb_generated":44687105,"nb_guide":44687102,"nb_sols_created":0,"nb_trashed":38437,"nodes_generated_per_sec":1982653.375,"time_searched":22.539039611816406}