{"avg_branching_factor":88.8525835603457,"nb_eval":10,"nb_expanded":867427,"nb_generated":77073130,"nb_guide":77073133,"nb_sols_created":0,"nb_trashed":4227,"nodes_generated_per_sec":856355.625,"time_searched":90.00131225585938}