{"avg_branching_factor":53.89393630910152,"nb_eval":7,"nb_expanded":2858556,"nb_generated":154058835,"nb_guide":154058843,"nb_sols_created":0,"nb_trashed":36442,"nodes_generated_per_sec":1711527.0,"time_searched":90.01250457763672}