{"avg_branching_factor":24.77607236724591,"nb_eval":15,"nb_expanded":1018914,"nb_generated":25244687,"nb_guide":25244686,"nb_sols_created":0,"nb_trashed":16481,"nodes_generated_per_sec":560927.125,"time_searched":45.00529098510742}