{"avg_branching_factor":57.18754526160686,"nb_eval":8,"nb_expanded":955556,"nb_generated":54645902,"nb_guide":54645908,"nb_sols_created":0,"nb_trashed":8461,"nodes_generated_per_sec":2428485.5,"time_searched":22.502050399780273}