{"avg_branching_factor":21.3810888252149,"nb_eval":3,"nb_expanded":349,"nb_generated":7462,"nb_guide":7463,"nb_sols_created":0,"nb_trashed":8,"nodes_generated_per_sec":928392.4375,"time_searched":0.008037549443542957}