{"avg_branching_factor":6.147178011496343,"nb_eval":15,"nb_expanded":1144016,"nb_generated":7032470,"nb_guide":7032470,"nb_sols_created":0,"nb_trashed":91434,"nodes_generated_per_sec":312249.21875,"time_searched":22.5219783782959}