{"avg_branching_factor":291.3505285320865,"nb_eval":3,"nb_expanded":2729541,"nb_generated":795253213,"nb_guide":795253223,"nb_sols_created":0,"nb_trashed":10083,"nodes_generated_per_sec":1767220.5,"time_searched":450.0022277832031}