{"avg_branching_factor":54.612668281246115,"nb_eval":20,"nb_expanded":1810585,"nb_generated":98880878,"nb_guide":98880873,"nb_sols_created":0,"nb_trashed":19612,"nodes_generated_per_sec":2196339.25,"time_searched":45.02076721191406}