{"avg_branching_factor":6.91957696746269,"nb_eval":40,"nb_expanded":2147258,"nb_generated":14858117,"nb_guide":14858095,"nb_sols_created":0,"nb_trashed":346441,"nodes_generated_per_sec":1626205.5,"time_searched":9.136678695678711}