{"avg_branching_factor":15.18046926651477,"nb_eval":14,"nb_expanded":1477753,"nb_generated":22432984,"nb_guide":22432985,"nb_sols_created":0,"nb_trashed":87344,"nodes_generated_per_sec":249187.703125,"time_searched":90.02444458007812}