{"avg_branching_factor":54.28647366451487,"nb_eval":12,"nb_expanded":1814453,"nb_generated":98500255,"nb_guide":98500258,"nb_sols_created":0,"nb_trashed":18058,"nodes_generated_per_sec":2187864.75,"time_searched":45.021183013916016}