{"avg_branching_factor":292.0021759891157,"nb_eval":10,"nb_expanded":1375926,"nb_generated":401773386,"nb_guide":401773388,"nb_sols_created":0,"nb_trashed":2080,"nodes_generated_per_sec":892828.3125,"time_searched":450.0007019042969}