{"avg_branching_factor":245.2293278713939,"nb_eval":6,"nb_expanded":1399747,"nb_generated":343259016,"nb_guide":343259022,"nb_sols_created":0,"nb_trashed":83656,"nodes_generated_per_sec":762796.125,"time_searched":450.0009765625}