{"avg_branching_factor":19.31225296442688,"nb_eval":2,"nb_expanded":253,"nb_generated":4886,"nb_guide":4888,"nb_sols_created":0,"nb_trashed":9,"nodes_generated_per_sec":914700.875,"time_searched":0.005341636948287487}