{"avg_branching_factor":53.39152235346282,"nb_eval":8,"nb_expanded":2850744,"nb_generated":152205562,"nb_guide":152205569,"nb_sols_created":0,"nb_trashed":22916,"nodes_generated_per_sec":1690985.875,"time_searched":90.00995635986328}