{"avg_branching_factor":248.37742471896868,"nb_eval":11,"nb_expanded":1323607,"nb_generated":328754098,"nb_guide":328754099,"nb_sols_created":0,"nb_trashed":2360,"nodes_generated_per_sec":730562.6875,"time_searched":450.001220703125}