{"avg_branching_factor":35.96794380770267,"nb_eval":13,"nb_expanded":1607053,"nb_generated":57802392,"nb_guide":57802394,"nb_sols_created":0,"nb_trashed":18816,"nodes_generated_per_sec":642151.4375,"time_searched":90.0136489868164}