{"avg_branching_factor":52.233276046553286,"nb_eval":20,"nb_expanded":2913994,"nb_generated":152207453,"nb_guide":152207448,"nb_sols_created":0,"nb_trashed":36222,"nodes_generated_per_sec":1691003.5,"time_searched":90.01013946533203}