{"avg_branching_factor":5.749607745726305,"nb_eval":12,"nb_expanded":1119172,"nb_generated":6434800,"nb_guide":6434805,"nb_sols_created":0,"nb_trashed":74971,"nodes_generated_per_sec":1404121.25,"time_searched":4.582795143127441}