{"avg_branching_factor":101.31854537937815,"nb_eval":28,"nb_expanded":3299307,"nb_generated":334280986,"nb_guide":334280973,"nb_sols_created":0,"nb_trashed":26500,"nodes_generated_per_sec":1856970.75,"time_searched":180.01414489746094}