{"avg_branching_factor":7.657916590209826,"nb_eval":30,"nb_expanded":1171685,"nb_generated":8972666,"nb_guide":8972653,"nb_sols_created":0,"nb_trashed":106741,"nodes_generated_per_sec":1979870.375,"time_searched":4.531946182250977}