{"avg_branching_factor":8.564913334038351,"nb_eval":16,"nb_expanded":2931370,"nb_generated":25106930,"nb_guide":25106932,"nb_sols_created":0,"nb_trashed":204554,"nodes_generated_per_sec":1388186.625,"time_searched":18.08613395690918}