{"avg_branching_factor":28.083889465762855,"nb_eval":9,"nb_expanded":1028532,"nb_generated":28885179,"nb_guide":28885185,"nb_sols_created":0,"nb_trashed":18837,"nodes_generated_per_sec":2565217.5,"time_searched":11.260324478149414}