{"avg_branching_factor":109.02771060045266,"nb_eval":17,"nb_expanded":1805338,"nb_generated":196831869,"nb_guide":196831866,"nb_sols_created":0,"nb_trashed":8174,"nodes_generated_per_sec":2186964.5,"time_searched":90.0023193359375}