{"avg_branching_factor":36.134439985406786,"nb_eval":4,"nb_expanded":5482,"nb_generated":198089,"nb_guide":198091,"nb_sols_created":0,"nb_trashed":294,"nodes_generated_per_sec":464196.3125,"time_searched":0.42673540115356445}