{"avg_branching_factor":52.99064713934259,"nb_eval":11,"nb_expanded":1729952,"nb_generated":91671276,"nb_guide":91671280,"nb_sols_created":0,"nb_trashed":25936,"nodes_generated_per_sec":2036747.125,"time_searched":45.008670806884766}