{"avg_branching_factor":50.19540029379361,"nb_eval":9,"nb_expanded":762440,"nb_generated":38270981,"nb_guide":38270985,"nb_sols_created":0,"nb_trashed":30657,"nodes_generated_per_sec":493542.0625,"time_searched":77.54350280761719}