{"avg_branching_factor":10.170809307747566,"nb_eval":25,"nb_expanded":1616159,"nb_generated":16437645,"nb_guide":16437636,"nb_sols_created":0,"nb_trashed":119473,"nodes_generated_per_sec":364854.9375,"time_searched":45.052547454833984}