{"avg_branching_factor":101.82618228079481,"nb_eval":17,"nb_expanded":3321842,"nb_generated":338250489,"nb_guide":338250487,"nb_sols_created":0,"nb_trashed":16367,"nodes_generated_per_sec":1879042.0,"time_searched":180.01220703125}