{"avg_branching_factor":56.41166811700711,"nb_eval":11,"nb_expanded":975633,"nb_generated":55037085,"nb_guide":55037088,"nb_sols_created":0,"nb_trashed":8304,"nodes_generated_per_sec":2445858.0,"time_searched":22.502159118652344}