{"avg_branching_factor":113.11952437870899,"nb_eval":31,"nb_expanded":1331059,"nb_generated":150568761,"nb_guide":150568743,"nb_sols_created":0,"nb_trashed":4831,"nodes_generated_per_sec":836484.3125,"time_searched":180.0019073486328}