{"avg_branching_factor":57.62809440974388,"nb_eval":19,"nb_expanded":973247,"nb_generated":56086370,"nb_guide":56086365,"nb_sols_created":0,"nb_trashed":9402,"nodes_generated_per_sec":2492569.5,"time_searched":22.501426696777344}