{"avg_branching_factor":25.716917226146425,"nb_eval":10,"nb_expanded":1692346,"nb_generated":43521922,"nb_guide":43521928,"nb_sols_created":0,"nb_trashed":78020,"nodes_generated_per_sec":1932635.875,"time_searched":22.51946258544922}