{"avg_branching_factor":9.105772418247078,"nb_eval":14,"nb_expanded":2271509,"nb_generated":20683844,"nb_guide":20683848,"nb_sols_created":0,"nb_trashed":178674,"nodes_generated_per_sec":1140382.5,"time_searched":18.137636184692383}