{"avg_branching_factor":43.19150751412169,"nb_eval":13,"nb_expanded":955268,"nb_generated":41259465,"nb_guide":41259466,"nb_sols_created":0,"nb_trashed":9050,"nodes_generated_per_sec":916783.25,"time_searched":45.004600524902344}