{"avg_branching_factor":21.565115416250705,"nb_eval":17,"nb_expanded":1080827,"nb_generated":23308159,"nb_guide":23308156,"nb_sols_created":0,"nb_trashed":55183,"nodes_generated_per_sec":517904.09375,"time_searched":45.00477981567383}