{"avg_branching_factor":6.771101405419172,"nb_eval":3,"nb_expanded":1130837,"nb_generated":7657012,"nb_guide":7657026,"nb_sols_created":0,"nb_trashed":77557,"nodes_generated_per_sec":1677827.625,"time_searched":4.56364631652832}