{"avg_branching_factor":108.08157486069243,"nb_eval":14,"nb_expanded":1795308,"nb_generated":194039716,"nb_guide":194039716,"nb_sols_created":0,"nb_trashed":8177,"nodes_generated_per_sec":2155887.5,"time_searched":90.00456237792969}