{"avg_branching_factor":47.60544653845709,"nb_eval":14,"nb_expanded":949851,"nb_generated":45218081,"nb_guide":45218081,"nb_sols_created":0,"nb_trashed":8614,"nodes_generated_per_sec":1004779.6875,"time_searched":45.00297927856445}