{"avg_branching_factor":1.6783230571427399,"nb_eval":12,"nb_expanded":486886,"nb_generated":817152,"nb_guide":817156,"nb_sols_created":0,"nb_trashed":155256,"nodes_generated_per_sec":253860.71875,"time_searched":3.2188990116119385}