{"avg_branching_factor":7.134343194162762,"nb_eval":27,"nb_expanded":3217275,"nb_generated":22953144,"nb_guide":22953135,"nb_sols_created":0,"nb_trashed":364918,"nodes_generated_per_sec":1269854.125,"time_searched":18.07541847229004}