{"avg_branching_factor":54.19701804595753,"nb_eval":8,"nb_expanded":1805058,"nb_generated":97828761,"nb_guide":97828768,"nb_sols_created":0,"nb_trashed":16375,"nodes_generated_per_sec":2173041.75,"time_searched":45.0192756652832}