{"avg_branching_factor":291.15479306510787,"nb_eval":26,"nb_expanded":2712544,"nb_generated":789770187,"nb_guide":789770174,"nb_sols_created":0,"nb_trashed":4299,"nodes_generated_per_sec":1755037.5,"time_searched":450.00189208984375}