{"avg_branching_factor":27.90924967305465,"nb_eval":8,"nb_expanded":989462,"nb_generated":27615142,"nb_guide":27615149,"nb_sols_created":0,"nb_trashed":16423,"nodes_generated_per_sec":2452909.5,"time_searched":11.258116722106934}