{"avg_branching_factor":6.437764495820241,"nb_eval":25,"nb_expanded":1034988,"nb_generated":6663009,"nb_guide":6663001,"nb_sols_created":0,"nb_trashed":126600,"nodes_generated_per_sec":1479445.875,"time_searched":4.503719329833984}