{"avg_branching_factor":7.876590482098689,"nb_eval":18,"nb_expanded":1244434,"nb_generated":9801897,"nb_guide":9801896,"nb_sols_created":0,"nb_trashed":92991,"nodes_generated_per_sec":541043.375,"time_searched":18.116657257080078}