{"avg_branching_factor":27.103840779678197,"nb_eval":20,"nb_expanded":2627956,"nb_generated":71227701,"nb_guide":71227697,"nb_sols_created":0,"nb_trashed":41699,"nodes_generated_per_sec":1581084.875,"time_searched":45.04989242553711}