{"avg_branching_factor":95.735342470468,"nb_eval":13,"nb_expanded":1627133,"nb_generated":155774135,"nb_guide":155774136,"nb_sols_created":0,"nb_trashed":9873,"nodes_generated_per_sec":865392.375,"time_searched":180.00404357910156}