{"avg_branching_factor":28.51941508587382,"nb_eval":7,"nb_expanded":962808,"nb_generated":27458721,"nb_guide":27458729,"nb_sols_created":0,"nb_trashed":16935,"nodes_generated_per_sec":2439648.75,"time_searched":11.255193710327148}