{"avg_branching_factor":260.9406561086661,"nb_eval":4,"nb_expanded":1315148,"nb_generated":343175582,"nb_guide":343175590,"nb_sols_created":0,"nb_trashed":77290,"nodes_generated_per_sec":762610.6875,"time_searched":450.0010070800781}