{"avg_branching_factor":285.3853065782597,"nb_eval":8,"nb_expanded":1259026,"nb_generated":359307521,"nb_guide":359307525,"nb_sols_created":0,"nb_trashed":6519,"nodes_generated_per_sec":798459.125,"time_searched":450.00115966796875}