{"avg_branching_factor":4.450351429048083,"nb_eval":25,"nb_expanded":1654388,"nb_generated":7362608,"nb_guide":7362601,"nb_sols_created":0,"nb_trashed":196869,"nodes_generated_per_sec":1601285.5,"time_searched":4.597935676574707}