{"avg_branching_factor":105.31903936223219,"nb_eval":8,"nb_expanded":1756125,"nb_generated":184953398,"nb_guide":184953404,"nb_sols_created":0,"nb_trashed":17045,"nodes_generated_per_sec":2054972.0,"time_searched":90.00287628173828}