{"avg_branching_factor":4.112619126380291,"nb_eval":13,"nb_expanded":317415,"nb_generated":1305407,"nb_guide":1305408,"nb_sols_created":0,"nb_trashed":64268,"nodes_generated_per_sec":257862.0625,"time_searched":5.0624237060546875}