{"avg_branching_factor":6.729220390545348,"nb_eval":19,"nb_expanded":1154437,"nb_generated":7768461,"nb_guide":7768459,"nb_sols_created":0,"nb_trashed":108304,"nodes_generated_per_sec":1712500.125,"time_searched":4.536327362060547}