{"avg_branching_factor":54.71506856068224,"nb_eval":14,"nb_expanded":1785061,"nb_generated":97669735,"nb_guide":97669736,"nb_sols_created":0,"nb_trashed":17949,"nodes_generated_per_sec":2169536.5,"time_searched":45.01871109008789}