{"avg_branching_factor":7.118077986980741,"nb_eval":16,"nb_expanded":2146666,"nb_generated":15280136,"nb_guide":15280138,"nb_sols_created":0,"nb_trashed":276693,"nodes_generated_per_sec":1672791.375,"time_searched":9.134513854980469}