{"avg_branching_factor":14.48715241002313,"nb_eval":27,"nb_expanded":960219,"nb_generated":13910839,"nb_guide":13910827,"nb_sols_created":0,"nb_trashed":28585,"nodes_generated_per_sec":617678.875,"time_searched":22.521150588989258}