{"avg_branching_factor":105.66128918587668,"nb_eval":3,"nb_expanded":1234469,"nb_generated":130435586,"nb_guide":130435596,"nb_sols_created":0,"nb_trashed":12520,"nodes_generated_per_sec":724630.625,"time_searched":180.0028533935547}