{"avg_branching_factor":16.117527547105283,"nb_eval":37,"nb_expanded":935670,"nb_generated":15080687,"nb_guide":15080665,"nb_sols_created":0,"nb_trashed":20891,"nodes_generated_per_sec":669808.0625,"time_searched":22.514938354492188}