{"avg_branching_factor":98.39642232644078,"nb_eval":16,"nb_expanded":3158533,"nb_generated":310788347,"nb_guide":310788346,"nb_sols_created":0,"nb_trashed":39275,"nodes_generated_per_sec":1726500.125,"time_searched":180.0106201171875}