{"avg_branching_factor":19.27157183123621,"nb_eval":24,"nb_expanded":1620632,"nb_generated":31232126,"nb_guide":31232118,"nb_sols_created":0,"nb_trashed":101174,"nodes_generated_per_sec":693428.4375,"time_searched":45.040157318115234}