{"avg_branching_factor":106.60941812628452,"nb_eval":7,"nb_expanded":1719514,"nb_generated":183316387,"nb_guide":183316394,"nb_sols_created":0,"nb_trashed":16857,"nodes_generated_per_sec":2036777.0,"time_searched":90.00316619873047}