{"avg_branching_factor":4.605403262347077,"nb_eval":10,"nb_expanded":1288888,"nb_generated":5935849,"nb_guide":5935856,"nb_sols_created":0,"nb_trashed":137189,"nodes_generated_per_sec":327607.5,"time_searched":18.11878204345703}