{"avg_branching_factor":24.993146141708777,"nb_eval":15,"nb_expanded":951289,"nb_generated":23775705,"nb_guide":23775705,"nb_sols_created":0,"nb_trashed":24367,"nodes_generated_per_sec":2112150.5,"time_searched":11.256632804870605}