{"avg_branching_factor":50.04921830926002,"nb_eval":22,"nb_expanded":3185339,"nb_generated":159423727,"nb_guide":159423721,"nb_sols_created":0,"nb_trashed":39014,"nodes_generated_per_sec":1770839.0,"time_searched":90.02722930908203}