{"avg_branching_factor":21.295546558704455,"nb_eval":4,"nb_expanded":1482,"nb_generated":31560,"nb_guide":31561,"nb_sols_created":0,"nb_trashed":57,"nodes_generated_per_sec":574701.0625,"time_searched":0.05491550639271736}