{"avg_branching_factor":107.59553364030904,"nb_eval":16,"nb_expanded":1753016,"nb_generated":188616692,"nb_guide":188616690,"nb_sols_created":0,"nb_trashed":32275,"nodes_generated_per_sec":2095701.375,"time_searched":90.00170135498047}