{"avg_branching_factor":43.37409632420324,"nb_eval":10,"nb_expanded":98210,"nb_generated":4259770,"nb_guide":4259771,"nb_sols_created":0,"nb_trashed":1234,"nodes_generated_per_sec":2269494.75,"time_searched":1.8769683837890625}