{"avg_branching_factor":6.60830714231734,"nb_eval":24,"nb_expanded":2474449,"nb_generated":16351919,"nb_guide":16351913,"nb_sols_created":0,"nb_trashed":171113,"nodes_generated_per_sec":900334.4375,"time_searched":18.162050247192383}