{"avg_branching_factor":37.115363717010425,"nb_eval":12,"nb_expanded":1082160,"nb_generated":40164762,"nb_guide":40164763,"nb_sols_created":0,"nb_trashed":29627,"nodes_generated_per_sec":446264.9375,"time_searched":90.0020523071289}