{"avg_branching_factor":8.488986690068446,"nb_eval":14,"nb_expanded":983401,"nb_generated":8348078,"nb_guide":8348080,"nb_sols_created":0,"nb_trashed":36492,"nodes_generated_per_sec":1839810.75,"time_searched":4.537465572357178}