{"avg_branching_factor":6.615351730427651,"nb_eval":19,"nb_expanded":2175416,"nb_generated":14391142,"nb_guide":14391141,"nb_sols_created":0,"nb_trashed":256668,"nodes_generated_per_sec":1575703.625,"time_searched":9.133152961730957}