{"avg_branching_factor":80.5249917245945,"nb_eval":4,"nb_expanded":3021,"nb_generated":243266,"nb_guide":243267,"nb_sols_created":0,"nb_trashed":28,"nodes_generated_per_sec":876492.0,"time_searched":0.2775450348854065}