{"avg_branching_factor":57.192386951124966,"nb_eval":9,"nb_expanded":995764,"nb_generated":56950120,"nb_guide":56950125,"nb_sols_created":0,"nb_trashed":8211,"nodes_generated_per_sec":2530799.25,"time_searched":22.502819061279297}