{"avg_branching_factor":88.68687267901115,"nb_eval":9,"nb_expanded":1328367,"nb_generated":117808715,"nb_guide":117808719,"nb_sols_created":0,"nb_trashed":30738,"nodes_generated_per_sec":654488.25,"time_searched":180.0012664794922}