{"avg_branching_factor":16.758108108108107,"nb_eval":4,"nb_expanded":740,"nb_generated":12401,"nb_guide":12402,"nb_sols_created":0,"nb_trashed":25,"nodes_generated_per_sec":818497.0625,"time_searched":0.015150940045714378}