{"avg_branching_factor":11.332610546467276,"nb_eval":18,"nb_expanded":1039495,"nb_generated":11780192,"nb_guide":11780189,"nb_sols_created":0,"nb_trashed":91219,"nodes_generated_per_sec":523153.375,"time_searched":22.517663955688477}