{"avg_branching_factor":8.615863072492456,"nb_eval":18,"nb_expanded":2275423,"nb_generated":19604733,"nb_guide":19604733,"nb_sols_created":0,"nb_trashed":146003,"nodes_generated_per_sec":1080763.75,"time_searched":18.13970184326172}