{"avg_branching_factor":20.418704462553595,"nb_eval":19,"nb_expanded":968571,"nb_generated":19776965,"nb_guide":19776961,"nb_sols_created":0,"nb_trashed":24582,"nodes_generated_per_sec":878075.375,"time_searched":22.523082733154297}