{"avg_branching_factor":9.039669874365144,"nb_eval":9,"nb_expanded":2244600,"nb_generated":20290443,"nb_guide":20290452,"nb_sols_created":0,"nb_trashed":131712,"nodes_generated_per_sec":1115895.125,"time_searched":18.1831111907959}