{"avg_branching_factor":11.509249563699825,"nb_eval":8,"nb_expanded":11460,"nb_generated":131896,"nb_guide":131897,"nb_sols_created":0,"nb_trashed":303,"nodes_generated_per_sec":678512.875,"time_searched":0.19438983500003815}