{"avg_branching_factor":1.3742743027503102,"nb_eval":18,"nb_expanded":439405,"nb_generated":603863,"nb_guide":603861,"nb_sols_created":0,"nb_trashed":172343,"nodes_generated_per_sec":243661.703125,"time_searched":2.4782843589782715}