{"avg_branching_factor":2.9133333333333336,"nb_eval":7,"nb_expanded":1050,"nb_generated":3059,"nb_guide":3059,"nb_sols_created":0,"nb_trashed":200,"nodes_generated_per_sec":75517.34375,"time_searched":0.040507249534130096}