{"avg_branching_factor":48.78745327888735,"nb_eval":19,"nb_expanded":2984732,"nb_generated":145617473,"nb_guide":145617469,"nb_sols_created":0,"nb_trashed":39453,"nodes_generated_per_sec":1617783.25,"time_searched":90.010498046875}