{"avg_branching_factor":16.539530420910257,"nb_eval":11,"nb_expanded":86503,"nb_generated":1430719,"nb_guide":1430720,"nb_sols_created":0,"nb_trashed":2477,"nodes_generated_per_sec":998911.6875,"time_searched":1.432277798652649}