{"avg_branching_factor":41.656229180546305,"nb_eval":5,"nb_expanded":1501,"nb_generated":62526,"nb_guide":62526,"nb_sols_created":0,"nb_trashed":16,"nodes_generated_per_sec":900625.375,"time_searched":0.06942509114742279}