{"avg_branching_factor":11.915340331865899,"nb_eval":6,"nb_expanded":2953,"nb_generated":35186,"nb_guide":35187,"nb_sols_created":0,"nb_trashed":245,"nodes_generated_per_sec":655353.9375,"time_searched":0.053690072149038315}