{"avg_branching_factor":98.6666129129177,"nb_eval":25,"nb_expanded":1630894,"nb_generated":160914787,"nb_guide":160914776,"nb_sols_created":0,"nb_trashed":8577,"nodes_generated_per_sec":893959.25,"time_searched":180.0023651123047}