{"avg_branching_factor":28.221848084611104,"nb_eval":15,"nb_expanded":988050,"nb_generated":27884597,"nb_guide":27884597,"nb_sols_created":0,"nb_trashed":20920,"nodes_generated_per_sec":2476655.25,"time_searched":11.258973121643066}