{"avg_branching_factor":6.332047445671567,"nb_eval":27,"nb_expanded":3376915,"nb_generated":21382786,"nb_guide":21382777,"nb_sols_created":0,"nb_trashed":213819,"nodes_generated_per_sec":1183244.75,"time_searched":18.071311950683594}