{"avg_branching_factor":49.84640422593526,"nb_eval":16,"nb_expanded":3209893,"nb_generated":160001624,"nb_guide":160001624,"nb_sols_created":0,"nb_trashed":35565,"nodes_generated_per_sec":1777229.75,"time_searched":90.02867126464844}