{"avg_branching_factor":6.3634063069611475,"nb_eval":10,"nb_expanded":1525711,"nb_generated":9708719,"nb_guide":9708726,"nb_sols_created":0,"nb_trashed":97736,"nodes_generated_per_sec":1060600.375,"time_searched":9.153984069824219}