{"avg_branching_factor":5.17217561814714,"nb_eval":20,"nb_expanded":1362661,"nb_generated":7047922,"nb_guide":7047919,"nb_sols_created":0,"nb_trashed":133097,"nodes_generated_per_sec":388867.8125,"time_searched":18.124210357666016}