{"avg_branching_factor":227.46516710072999,"nb_eval":10,"nb_expanded":1465224,"nb_generated":333287422,"nb_guide":333287424,"nb_sols_created":0,"nb_trashed":56694,"nodes_generated_per_sec":740637.0,"time_searched":450.00103759765625}