{"avg_branching_factor":56.87459659532559,"nb_eval":10,"nb_expanded":982884,"nb_generated":55901131,"nb_guide":55901135,"nb_sols_created":0,"nb_trashed":8400,"nodes_generated_per_sec":2484234.5,"time_searched":22.502357482910156}