{"avg_branching_factor":77.98760561534823,"nb_eval":12,"nb_expanded":1465341,"nb_generated":114278436,"nb_guide":114278437,"nb_sols_created":0,"nb_trashed":4665,"nodes_generated_per_sec":634871.3125,"time_searched":180.0025177001953}