{"avg_branching_factor":101.60715089757336,"nb_eval":11,"nb_expanded":1421388,"nb_generated":144423185,"nb_guide":144423187,"nb_sols_created":0,"nb_trashed":26839,"nodes_generated_per_sec":802340.8125,"time_searched":180.00228881835938}