{"avg_branching_factor":30.013631871493335,"nb_eval":12,"nb_expanded":573729,"nb_generated":17219691,"nb_guide":17219692,"nb_sols_created":0,"nb_trashed":14352,"nodes_generated_per_sec":765276.125,"time_searched":22.501279830932617}