{"avg_branching_factor":1.5850392456145064,"nb_eval":10,"nb_expanded":1600561,"nb_generated":2536952,"nb_guide":2536959,"nb_sols_created":0,"nb_trashed":589119,"nodes_generated_per_sec":112507.9921875,"time_searched":22.549081802368164}