{"avg_branching_factor":46.157031272510736,"nb_eval":34,"nb_expanded":1665872,"nb_generated":76891706,"nb_guide":76891687,"nb_sols_created":0,"nb_trashed":131968,"nodes_generated_per_sec":854248.4375,"time_searched":90.01094055175781}