{"avg_branching_factor":52.92673648478009,"nb_eval":21,"nb_expanded":1758092,"nb_generated":93050072,"nb_guide":93050066,"nb_sols_created":0,"nb_trashed":25584,"nodes_generated_per_sec":2067366.5,"time_searched":45.00898742675781}