{"avg_branching_factor":102.07231502679502,"nb_eval":30,"nb_expanded":3313115,"nb_generated":338177318,"nb_guide":338177303,"nb_sols_created":0,"nb_trashed":18233,"nodes_generated_per_sec":1878628.375,"time_searched":180.01287841796875}