{"avg_branching_factor":6.9851761277402025,"nb_eval":9,"nb_expanded":1352683,"nb_generated":9448729,"nb_guide":9448737,"nb_sols_created":0,"nb_trashed":105752,"nodes_generated_per_sec":521828.71875,"time_searched":18.10695457458496}