{"avg_branching_factor":8.335943207960067,"nb_eval":17,"nb_expanded":2282996,"nb_generated":19030925,"nb_guide":19030926,"nb_sols_created":0,"nb_trashed":140113,"nodes_generated_per_sec":1050068.125,"time_searched":18.12351417541504}