{"avg_branching_factor":15.846408647140864,"nb_eval":3,"nb_expanded":5736,"nb_generated":90895,"nb_guide":90900,"nb_sols_created":0,"nb_trashed":273,"nodes_generated_per_sec":832598.875,"time_searched":0.10917022079229355}