{"avg_branching_factor":1.3845488480288213,"nb_eval":10,"nb_expanded":238157,"nb_generated":329740,"nb_guide":329745,"nb_sols_created":0,"nb_trashed":96782,"nodes_generated_per_sec":206514.34375,"time_searched":1.5966929197311401}