{"avg_branching_factor":47.664237475676295,"nb_eval":12,"nb_expanded":497971,"nb_generated":23735408,"nb_guide":23735409,"nb_sols_created":0,"nb_trashed":4318,"nodes_generated_per_sec":1054841.25,"time_searched":22.50140380859375}