{"avg_branching_factor":3.5379398050021194,"nb_eval":9,"nb_expanded":7077,"nb_generated":25038,"nb_guide":25039,"nb_sols_created":0,"nb_trashed":825,"nodes_generated_per_sec":684212.75,"time_searched":0.036593880504369736}