{"avg_branching_factor":52.16570456407248,"nb_eval":25,"nb_expanded":2924844,"nb_generated":152576548,"nb_guide":152576538,"nb_sols_created":0,"nb_trashed":37755,"nodes_generated_per_sec":1695168.5,"time_searched":90.0067138671875}