{"avg_branching_factor":4.2727272727272725,"nb_eval":8,"nb_expanded":2332,"nb_generated":9964,"nb_guide":9964,"nb_sols_created":0,"nb_trashed":329,"nodes_generated_per_sec":549452.875,"time_searched":0.018134403973817825}