{"avg_branching_factor":108.26642132556299,"nb_eval":14,"nb_expanded":1747499,"nb_generated":189195463,"nb_guide":189195463,"nb_sols_created":0,"nb_trashed":19911,"nodes_generated_per_sec":2102122.75,"time_searched":90.0020980834961}