{"avg_branching_factor":26.776829182405685,"nb_eval":15,"nb_expanded":894539,"nb_generated":23952918,"nb_guide":23952918,"nb_sols_created":0,"nb_trashed":38349,"nodes_generated_per_sec":2127991.25,"time_searched":11.25611686706543}