{"avg_branching_factor":28.109970524246616,"nb_eval":5,"nb_expanded":1005233,"nb_generated":28257070,"nb_guide":28257080,"nb_sols_created":0,"nb_trashed":17026,"nodes_generated_per_sec":2510272.5,"time_searched":11.256574630737305}