{"avg_branching_factor":100.50458528900322,"nb_eval":22,"nb_expanded":3272749,"nb_generated":328926281,"nb_guide":328926274,"nb_sols_created":0,"nb_trashed":17197,"nodes_generated_per_sec":1827288.875,"time_searched":180.0078125}