{"avg_branching_factor":6.743992623756591,"nb_eval":15,"nb_expanded":1163736,"nb_generated":7848227,"nb_guide":7848229,"nb_sols_created":0,"nb_trashed":93255,"nodes_generated_per_sec":1730805.875,"time_searched":4.534435272216797}