{"avg_branching_factor":3.845382777094298,"nb_eval":10,"nb_expanded":1017668,"nb_generated":3913323,"nb_guide":3913330,"nb_sols_created":0,"nb_trashed":120576,"nodes_generated_per_sec":430075.40625,"time_searched":9.09915542602539}