{"avg_branching_factor":42.45650306780556,"nb_eval":13,"nb_expanded":955895,"nb_generated":40583959,"nb_guide":40583960,"nb_sols_created":0,"nb_trashed":9152,"nodes_generated_per_sec":901768.0625,"time_searched":45.00487518310547}