{"avg_branching_factor":1.5495379537953795,"nb_eval":13,"nb_expanded":181800,"nb_generated":281706,"nb_guide":281708,"nb_sols_created":0,"nb_trashed":59033,"nodes_generated_per_sec":257332.03125,"time_searched":1.0947179794311523}