{"avg_branching_factor":54.90476731354987,"nb_eval":16,"nb_expanded":1822431,"nb_generated":100060150,"nb_guide":100060149,"nb_sols_created":0,"nb_trashed":19806,"nodes_generated_per_sec":2222813.25,"time_searched":45.01509475708008}