{"avg_branching_factor":107.39866050199207,"nb_eval":16,"nb_expanded":1751701,"nb_generated":188130341,"nb_guide":188130339,"nb_sols_created":0,"nb_trashed":16316,"nodes_generated_per_sec":2090288.75,"time_searched":90.00208282470703}