{"avg_branching_factor":4.425419904416178,"nb_eval":16,"nb_expanded":1557795,"nb_generated":6893897,"nb_guide":6893899,"nb_sols_created":0,"nb_trashed":269741,"nodes_generated_per_sec":380467.28125,"time_searched":18.119552612304688}