{"avg_branching_factor":43.82266284573526,"nb_eval":23,"nb_expanded":1552850,"nb_generated":68050022,"nb_guide":68050014,"nb_sols_created":0,"nb_trashed":48217,"nodes_generated_per_sec":756032.125,"time_searched":90.00943756103516}