{"avg_branching_factor":26.794769423300064,"nb_eval":12,"nb_expanded":1646090,"nb_generated":44106602,"nb_guide":44106606,"nb_sols_created":0,"nb_trashed":78452,"nodes_generated_per_sec":1958368.75,"time_searched":22.522111892700195}