{"avg_branching_factor":3.9823050422799873,"nb_eval":5,"nb_expanded":6386,"nb_generated":25431,"nb_guide":25434,"nb_sols_created":0,"nb_trashed":1232,"nodes_generated_per_sec":238290.734375,"time_searched":0.10672257095575333}