{"avg_branching_factor":2.3220640569395017,"nb_eval":5,"nb_expanded":562,"nb_generated":1305,"nb_guide":1306,"nb_sols_created":0,"nb_trashed":151,"nodes_generated_per_sec":330863.53125,"time_searched":0.003944224212318659}