{"avg_branching_factor":101.55775782060881,"nb_eval":19,"nb_expanded":3277686,"nb_generated":332874441,"nb_guide":332874437,"nb_sols_created":0,"nb_trashed":17678,"nodes_generated_per_sec":1849138.75,"time_searched":180.01593017578125}