{"avg_branching_factor":294.15896573736075,"nb_eval":2,"nb_expanded":2677231,"nb_generated":787531502,"nb_guide":787531513,"nb_sols_created":0,"nb_trashed":14057,"nodes_generated_per_sec":1750059.5,"time_searched":450.0027160644531}