{"avg_branching_factor":53.77244189223825,"nb_eval":23,"nb_expanded":944194,"nb_generated":50771617,"nb_guide":50771608,"nb_sols_created":0,"nb_trashed":14923,"nodes_generated_per_sec":2256329.5,"time_searched":22.501863479614258}