{"avg_branching_factor":7.327551860838411,"nb_eval":12,"nb_expanded":2067697,"nb_generated":15151157,"nb_guide":15151163,"nb_sols_created":0,"nb_trashed":268287,"nodes_generated_per_sec":1665365.25,"time_searched":9.097798347473145}