{"avg_branching_factor":292.2630051658482,"nb_eval":14,"nb_expanded":2727916,"nb_generated":797268928,"nb_guide":797268927,"nb_sols_created":0,"nb_trashed":9817,"nodes_generated_per_sec":1771699.125,"time_searched":450.00244140625}