{"avg_branching_factor":4.094400740397964,"nb_eval":7,"nb_expanded":2161,"nb_generated":8848,"nb_guide":8849,"nb_sols_created":0,"nb_trashed":216,"nodes_generated_per_sec":635405.375,"time_searched":0.013924969360232353}