{"avg_branching_factor":2.410750590114395,"nb_eval":15,"nb_expanded":1356093,"nb_generated":3269202,"nb_guide":3269203,"nb_sols_created":0,"nb_trashed":403428,"nodes_generated_per_sec":145075.75,"time_searched":22.534448623657227}