{"avg_branching_factor":291.4416758884279,"nb_eval":14,"nb_expanded":2739896,"nb_generated":798519882,"nb_guide":798519881,"nb_sols_created":0,"nb_trashed":4966,"nodes_generated_per_sec":1774480.125,"time_searched":450.00213623046875}