{"avg_branching_factor":6.620899295277596,"nb_eval":15,"nb_expanded":2383066,"nb_generated":15778040,"nb_guide":15778043,"nb_sols_created":0,"nb_trashed":167598,"nodes_generated_per_sec":866218.625,"time_searched":18.214847564697266}