{"avg_branching_factor":291.7123168401402,"nb_eval":33,"nb_expanded":2725488,"nb_generated":795058419,"nb_guide":795058399,"nb_sols_created":0,"nb_trashed":5347,"nodes_generated_per_sec":1766789.375,"time_searched":450.0018310546875}