{"avg_branching_factor":6.584006416008042,"nb_eval":4,"nb_expanded":1175809,"nb_generated":7741534,"nb_guide":7741547,"nb_sols_created":0,"nb_trashed":70546,"nodes_generated_per_sec":1696995.25,"time_searched":4.561906814575195}