{"avg_branching_factor":5.112993966766303,"nb_eval":19,"nb_expanded":1325823,"nb_generated":6778925,"nb_guide":6778923,"nb_sols_created":0,"nb_trashed":150679,"nodes_generated_per_sec":373754.40625,"time_searched":18.137378692626953}