{"avg_branching_factor":26.30400215091235,"nb_eval":12,"nb_expanded":1733218,"nb_generated":45590570,"nb_guide":45590574,"nb_sols_created":0,"nb_trashed":32755,"nodes_generated_per_sec":2022055.375,"time_searched":22.546646118164062}