{"avg_branching_factor":9.925592853516,"nb_eval":18,"nb_expanded":1553883,"nb_generated":15423210,"nb_guide":15423208,"nb_sols_created":0,"nb_trashed":114216,"nodes_generated_per_sec":342344.53125,"time_searched":45.051719665527344}