{"avg_branching_factor":52.41506471177522,"nb_eval":17,"nb_expanded":1730906,"nb_generated":90725550,"nb_guide":90725548,"nb_sols_created":0,"nb_trashed":38607,"nodes_generated_per_sec":2015859.5,"time_searched":45.005889892578125}