{"avg_branching_factor":107.78795457358629,"nb_eval":12,"nb_expanded":1381487,"nb_generated":148907658,"nb_guide":148907659,"nb_sols_created":0,"nb_trashed":25178,"nodes_generated_per_sec":827249.75,"time_searched":180.00328063964844}