{"avg_branching_factor":3.221152249709447,"nb_eval":13,"nb_expanded":18069,"nb_generated":58203,"nb_guide":58201,"nb_sols_created":0,"nb_trashed":3685,"nodes_generated_per_sec":463050.25,"time_searched":0.12569478154182434}