{"avg_branching_factor":18.124534473456986,"nb_eval":7,"nb_expanded":1531062,"nb_generated":27749786,"nb_guide":27749795,"nb_sols_created":0,"nb_trashed":98697,"nodes_generated_per_sec":616251.375,"time_searched":45.02997970581055}