{"avg_branching_factor":55.247919291973155,"nb_eval":15,"nb_expanded":955444,"nb_generated":52786293,"nb_guide":52786292,"nb_sols_created":0,"nb_trashed":10292,"nodes_generated_per_sec":2345921.5,"time_searched":22.50130271911621}