{"avg_branching_factor":20.826577102180085,"nb_eval":12,"nb_expanded":655617,"nb_generated":13654258,"nb_guide":13654259,"nb_sols_created":0,"nb_trashed":18486,"nodes_generated_per_sec":606830.9375,"time_searched":22.500926971435547}