{"avg_branching_factor":101.47798783079868,"nb_eval":28,"nb_expanded":3302764,"nb_generated":335157845,"nb_guide":335157832,"nb_sols_created":0,"nb_trashed":20329,"nodes_generated_per_sec":1861862.75,"time_searched":180.01211547851562}