{"avg_branching_factor":54.56186907491255,"nb_eval":9,"nb_expanded":1825395,"nb_generated":99596963,"nb_guide":99596969,"nb_sols_created":0,"nb_trashed":16377,"nodes_generated_per_sec":2212571.25,"time_searched":45.01412582397461}