{"avg_branching_factor":4.896337380394368,"nb_eval":17,"nb_expanded":1361976,"nb_generated":6668694,"nb_guide":6668694,"nb_sols_created":0,"nb_trashed":125017,"nodes_generated_per_sec":368819.46875,"time_searched":18.081188201904297}