{"avg_branching_factor":101.13801622008741,"nb_eval":15,"nb_expanded":3299489,"nb_generated":333703772,"nb_guide":333703772,"nb_sols_created":0,"nb_trashed":16375,"nodes_generated_per_sec":1853757.25,"time_searched":180.0148162841797}