{"avg_branching_factor":27.070561771505442,"nb_eval":14,"nb_expanded":1489716,"nb_generated":40327449,"nb_guide":40327450,"nb_sols_created":0,"nb_trashed":53515,"nodes_generated_per_sec":447959.3125,"time_searched":90.0248031616211}