{"avg_branching_factor":1.4928737883751562,"nb_eval":10,"nb_expanded":59218,"nb_generated":88405,"nb_guide":88408,"nb_sols_created":0,"nb_trashed":18002,"nodes_generated_per_sec":362128.40625,"time_searched":0.2441261112689972}