{"avg_branching_factor":6.788352604639379,"nb_eval":19,"nb_expanded":3252504,"nb_generated":22079144,"nb_guide":22079143,"nb_sols_created":0,"nb_trashed":503348,"nodes_generated_per_sec":1222570.625,"time_searched":18.059606552124023}