{"avg_branching_factor":26.05386355461077,"nb_eval":11,"nb_expanded":953539,"nb_generated":24843375,"nb_guide":24843379,"nb_sols_created":0,"nb_trashed":27608,"nodes_generated_per_sec":2206600.25,"time_searched":11.2586669921875}