{"avg_branching_factor":21.212451160280626,"nb_eval":18,"nb_expanded":1389750,"nb_generated":29480004,"nb_guide":29480002,"nb_sols_created":0,"nb_trashed":72387,"nodes_generated_per_sec":654796.25,"time_searched":45.021644592285156}