{"avg_branching_factor":25.98512048076173,"nb_eval":12,"nb_expanded":1704961,"nb_generated":44303617,"nb_guide":44303621,"nb_sols_created":0,"nb_trashed":52261,"nodes_generated_per_sec":1967728.5,"time_searched":22.515106201171875}