{"avg_branching_factor":58.39263727993881,"nb_eval":14,"nb_expanded":972684,"nb_generated":56797584,"nb_guide":56797584,"nb_sols_created":0,"nb_trashed":10376,"nodes_generated_per_sec":2524055.5,"time_searched":22.50251007080078}