{"avg_branching_factor":292.24096716818985,"nb_eval":21,"nb_expanded":2724035,"nb_generated":796074623,"nb_guide":796074615,"nb_sols_created":0,"nb_trashed":5290,"nodes_generated_per_sec":1769044.5,"time_searched":450.0025939941406}