{"avg_branching_factor":5.977688718373194,"nb_eval":8,"nb_expanded":1122347,"nb_generated":6709041,"nb_guide":6709050,"nb_sols_created":0,"nb_trashed":95230,"nodes_generated_per_sec":1468123.125,"time_searched":4.569808006286621}