{"avg_branching_factor":8.608602542110926,"nb_eval":35,"nb_expanded":3015132,"nb_generated":25956073,"nb_guide":25956056,"nb_sols_created":0,"nb_trashed":197039,"nodes_generated_per_sec":1437472.125,"time_searched":18.056747436523438}