{"avg_branching_factor":13.37690904437068,"nb_eval":25,"nb_expanded":984524,"nb_generated":13169888,"nb_guide":13169878,"nb_sols_created":0,"nb_trashed":33406,"nodes_generated_per_sec":584622.3125,"time_searched":22.527172088623047}