{"avg_branching_factor":7.5381081434884285,"nb_eval":30,"nb_expanded":1130572,"nb_generated":8522374,"nb_guide":8522361,"nb_sols_created":0,"nb_trashed":106590,"nodes_generated_per_sec":1883198.5,"time_searched":4.525478363037109}