{"avg_branching_factor":54.031792987579884,"nb_eval":8,"nb_expanded":955305,"nb_generated":51616842,"nb_guide":51616848,"nb_sols_created":0,"nb_trashed":12857,"nodes_generated_per_sec":2293921.25,"time_searched":22.50157356262207}