{"avg_branching_factor":292.32740509255194,"nb_eval":15,"nb_expanded":2734032,"nb_generated":799232480,"nb_guide":799232478,"nb_sols_created":0,"nb_trashed":7747,"nodes_generated_per_sec":1776063.125,"time_searched":450.0023193359375}