{"avg_branching_factor":7.4425057771022285,"nb_eval":31,"nb_expanded":2073704,"nb_generated":15433554,"nb_guide":15433541,"nb_sols_created":0,"nb_trashed":251468,"nodes_generated_per_sec":1694561.75,"time_searched":9.107696533203125}