{"avg_branching_factor":51.091958840307065,"nb_eval":4,"nb_expanded":1054624,"nb_generated":53882806,"nb_guide":53882816,"nb_sols_created":0,"nb_trashed":10634,"nodes_generated_per_sec":2394520.0,"time_searched":22.50255012512207}