{"avg_branching_factor":53.96835755596471,"nb_eval":14,"nb_expanded":2847062,"nb_generated":153651260,"nb_guide":153651261,"nb_sols_created":0,"nb_trashed":32379,"nodes_generated_per_sec":1707025.625,"time_searched":90.0111083984375}