{"avg_branching_factor":101.70269686738231,"nb_eval":28,"nb_expanded":3302350,"nb_generated":335857901,"nb_guide":335857888,"nb_sols_created":0,"nb_trashed":23428,"nodes_generated_per_sec":1865771.875,"time_searched":180.01016235351562}