{"avg_branching_factor":22.066013939525266,"nb_eval":13,"nb_expanded":950678,"nb_generated":20977674,"nb_guide":20977676,"nb_sols_created":0,"nb_trashed":22148,"nodes_generated_per_sec":931912.3125,"time_searched":22.510351181030273}