{"avg_branching_factor":79.58320252275243,"nb_eval":12,"nb_expanded":929461,"nb_generated":73969483,"nb_guide":73969484,"nb_sols_created":0,"nb_trashed":4657,"nodes_generated_per_sec":821873.375,"time_searched":90.00106811523438}