{"avg_branching_factor":5.774484759530026,"nb_eval":18,"nb_expanded":2456814,"nb_generated":14186835,"nb_guide":14186835,"nb_sols_created":0,"nb_trashed":364947,"nodes_generated_per_sec":781537.1875,"time_searched":18.152475357055664}