{"avg_branching_factor":57.50633536083835,"nb_eval":13,"nb_expanded":984790,"nb_generated":56631664,"nb_guide":56631665,"nb_sols_created":0,"nb_trashed":9021,"nodes_generated_per_sec":2516742.5,"time_searched":22.501970291137695}