{"avg_branching_factor":106.30475466302943,"nb_eval":16,"nb_expanded":1779369,"nb_generated":189155385,"nb_guide":189155383,"nb_sols_created":0,"nb_trashed":12164,"nodes_generated_per_sec":2101646.75,"time_searched":90.00341796875}