{"avg_branching_factor":292.2962977262446,"nb_eval":9,"nb_expanded":2745502,"nb_generated":802500070,"nb_guide":802500074,"nb_sols_created":0,"nb_trashed":5296,"nodes_generated_per_sec":1783322.0,"time_searched":450.0028991699219}