{"avg_branching_factor":113.98096867981602,"nb_eval":13,"nb_expanded":1251621,"nb_generated":142660974,"nb_guide":142660974,"nb_sols_created":0,"nb_trashed":7745,"nodes_generated_per_sec":792547.25,"time_searched":180.00311279296875}