{"avg_branching_factor":23.257124762507917,"nb_eval":4,"nb_expanded":1579,"nb_generated":36723,"nb_guide":36725,"nb_sols_created":0,"nb_trashed":78,"nodes_generated_per_sec":633874.5,"time_searched":0.05793418362736702}