{"avg_branching_factor":3.9847619047619047,"nb_eval":7,"nb_expanded":525,"nb_generated":2092,"nb_guide":2091,"nb_sols_created":0,"nb_trashed":50,"nodes_generated_per_sec":538396.125,"time_searched":0.0038856149185448885}