{"avg_branching_factor":5.616159194437785,"nb_eval":7,"nb_expanded":4171,"nb_generated":23425,"nb_guide":23427,"nb_sols_created":0,"nb_trashed":313,"nodes_generated_per_sec":833666.0625,"time_searched":0.028098780661821365}