{"avg_branching_factor":7.054347698443082,"nb_eval":14,"nb_expanded":1277331,"nb_generated":9010737,"nb_guide":9010740,"nb_sols_created":0,"nb_trashed":95598,"nodes_generated_per_sec":497044.375,"time_searched":18.128637313842773}