{"avg_branching_factor":5.957345010990488,"nb_eval":10,"nb_expanded":1815661,"nb_generated":10816519,"nb_guide":10816526,"nb_sols_created":0,"nb_trashed":566394,"nodes_generated_per_sec":120140.4375,"time_searched":90.03229522705078}