{"avg_branching_factor":54.3507750254352,"nb_eval":11,"nb_expanded":1035966,"nb_generated":56305555,"nb_guide":56305558,"nb_sols_created":0,"nb_trashed":8682,"nodes_generated_per_sec":2502196.75,"time_searched":22.50244903564453}