{"avg_branching_factor":4.809716599190283,"nb_eval":3,"nb_expanded":247,"nb_generated":1188,"nb_guide":1190,"nb_sols_created":0,"nb_trashed":20,"nodes_generated_per_sec":544597.125,"time_searched":0.002181428950279951}