{"avg_branching_factor":87.5605275785502,"nb_eval":12,"nb_expanded":1644267,"nb_generated":143972886,"nb_guide":143972888,"nb_sols_created":0,"nb_trashed":52113,"nodes_generated_per_sec":799833.5625,"time_searched":180.00355529785156}