{"avg_branching_factor":53.43056657037094,"nb_eval":11,"nb_expanded":1820780,"nb_generated":97285307,"nb_guide":97285311,"nb_sols_created":0,"nb_trashed":18826,"nodes_generated_per_sec":2160881.0,"time_searched":45.0211296081543}