{"avg_branching_factor":27.821514701150658,"nb_eval":7,"nb_expanded":979005,"nb_generated":27237402,"nb_guide":27237410,"nb_sols_created":0,"nb_trashed":18441,"nodes_generated_per_sec":2418621.25,"time_searched":11.261540412902832}