{"avg_branching_factor":57.3985143337471,"nb_eval":9,"nb_expanded":1023110,"nb_generated":58724994,"nb_guide":58724999,"nb_sols_created":0,"nb_trashed":8238,"nodes_generated_per_sec":2609710.5,"time_searched":22.502492904663086}