{"avg_branching_factor":19.63251074103432,"nb_eval":37,"nb_expanded":1597146,"nb_generated":31355986,"nb_guide":31355965,"nb_sols_created":0,"nb_trashed":89941,"nodes_generated_per_sec":696413.6875,"time_searched":45.024940490722656}