{"avg_branching_factor":25.32851511169514,"nb_eval":15,"nb_expanded":929181,"nb_generated":23534775,"nb_guide":23534775,"nb_sols_created":0,"nb_trashed":27790,"nodes_generated_per_sec":2091106.5,"time_searched":11.25469970703125}