{"avg_branching_factor":24.507023815605336,"nb_eval":18,"nb_expanded":2877567,"nb_generated":70520603,"nb_guide":70520601,"nb_sols_created":0,"nb_trashed":78803,"nodes_generated_per_sec":1566631.875,"time_searched":45.0141487121582}