{"avg_branching_factor":40.32780719117277,"nb_eval":13,"nb_expanded":932115,"nb_generated":37590154,"nb_guide":37590155,"nb_sols_created":0,"nb_trashed":11212,"nodes_generated_per_sec":835224.25,"time_searched":45.00605773925781}