{"avg_branching_factor":23.413583849485143,"nb_eval":20,"nb_expanded":2885456,"nb_generated":67558866,"nb_guide":67558863,"nb_sols_created":0,"nb_trashed":150907,"nodes_generated_per_sec":1500037.875,"time_searched":45.03810501098633}