{"avg_branching_factor":55.75813590943343,"nb_eval":15,"nb_expanded":1812766,"nb_generated":101076453,"nb_guide":101076453,"nb_sols_created":0,"nb_trashed":18194,"nodes_generated_per_sec":2245640.25,"time_searched":45.01008605957031}