{"avg_branching_factor":100.76645502394825,"nb_eval":15,"nb_expanded":3123818,"nb_generated":314776066,"nb_guide":314776066,"nb_sols_created":0,"nb_trashed":58470,"nodes_generated_per_sec":1748675.0,"time_searched":180.00833129882812}