{"avg_branching_factor":19.535547835809805,"nb_eval":19,"nb_expanded":2886969,"nb_generated":56398521,"nb_guide":56398518,"nb_sols_created":0,"nb_trashed":44796,"nodes_generated_per_sec":1252018.125,"time_searched":45.04608917236328}