{"avg_branching_factor":6.89698060945731,"nb_eval":35,"nb_expanded":2129337,"nb_generated":14685996,"nb_guide":14685979,"nb_sols_created":0,"nb_trashed":345576,"nodes_generated_per_sec":1618862.0,"time_searched":9.071802139282227}