{"avg_branching_factor":11.934664861205146,"nb_eval":6,"nb_expanded":2954,"nb_generated":35255,"nb_guide":35256,"nb_sols_created":0,"nb_trashed":234,"nodes_generated_per_sec":667679.625,"time_searched":0.05280227214097977}