{"avg_branching_factor":108.85966742819657,"nb_eval":9,"nb_expanded":1228667,"nb_generated":133752281,"nb_guide":133752286,"nb_sols_created":0,"nb_trashed":58536,"nodes_generated_per_sec":297223.0,"time_searched":450.0065002441406}