{"avg_branching_factor":25.004912339843468,"nb_eval":14,"nb_expanded":2883351,"nb_generated":72097939,"nb_guide":72097941,"nb_sols_created":0,"nb_trashed":76954,"nodes_generated_per_sec":1601728.125,"time_searched":45.01259231567383}