{"avg_branching_factor":2.318336037763682,"nb_eval":13,"nb_expanded":13558,"nb_generated":31432,"nb_guide":31430,"nb_sols_created":0,"nb_trashed":3336,"nodes_generated_per_sec":483557.59375,"time_searched":0.06500156223773956}