{"avg_branching_factor":238.46266322980077,"nb_eval":11,"nb_expanded":1328342,"nb_generated":316759971,"nb_guide":316759972,"nb_sols_created":0,"nb_trashed":3781,"nodes_generated_per_sec":703909.875,"time_searched":450.0007629394531}