{"avg_branching_factor":107.21240225129898,"nb_eval":15,"nb_expanded":1193622,"nb_generated":127971082,"nb_guide":127971080,"nb_sols_created":0,"nb_trashed":14404,"nodes_generated_per_sec":710941.0,"time_searched":180.0023956298828}