{"avg_branching_factor":108.18155756528522,"nb_eval":15,"nb_expanded":1702606,"nb_generated":184190569,"nb_guide":184190568,"nb_sols_created":0,"nb_trashed":20664,"nodes_generated_per_sec":2046484.625,"time_searched":90.00340270996094}