{"avg_branching_factor":24.887093690809188,"nb_eval":13,"nb_expanded":1705290,"nb_generated":42439712,"nb_guide":42439715,"nb_sols_created":0,"nb_trashed":46965,"nodes_generated_per_sec":1881303.125,"time_searched":22.558677673339844}