{"avg_branching_factor":282.9327951771712,"nb_eval":9,"nb_expanded":1370482,"nb_generated":387754303,"nb_guide":387754306,"nb_sols_created":0,"nb_trashed":29425,"nodes_generated_per_sec":861675.0625,"time_searched":450.0006103515625}