{"avg_branching_factor":56.63523341335629,"nb_eval":5,"nb_expanded":1020957,"nb_generated":57822138,"nb_guide":57822147,"nb_sols_created":0,"nb_trashed":8819,"nodes_generated_per_sec":2569590.75,"time_searched":22.50246810913086}