{"avg_branching_factor":7.149839748856925,"nb_eval":17,"nb_expanded":2129782,"nb_generated":15227600,"nb_guide":15227601,"nb_sols_created":0,"nb_trashed":228270,"nodes_generated_per_sec":1667341.0,"time_searched":9.132864952087402}