{"avg_branching_factor":4.438477879538463,"nb_eval":27,"nb_expanded":1021023,"nb_generated":4531788,"nb_guide":4531778,"nb_sols_created":0,"nb_trashed":178956,"nodes_generated_per_sec":499243.375,"time_searched":9.077312469482422}