{"avg_branching_factor":52.77503882751326,"nb_eval":15,"nb_expanded":1728156,"nb_generated":91203500,"nb_guide":91203500,"nb_sols_created":0,"nb_trashed":22551,"nodes_generated_per_sec":2026489.375,"time_searched":45.00566482543945}