{"avg_branching_factor":3.464585635359116,"nb_eval":13,"nb_expanded":18100,"nb_generated":62709,"nb_guide":62707,"nb_sols_created":0,"nb_trashed":3358,"nodes_generated_per_sec":483766.375,"time_searched":0.12962661683559418}