{"avg_branching_factor":54.09877443965091,"nb_eval":19,"nb_expanded":960785,"nb_generated":51977291,"nb_guide":51977286,"nb_sols_created":0,"nb_trashed":9601,"nodes_generated_per_sec":2309871.75,"time_searched":22.502241134643555}