{"avg_branching_factor":42.12354542372404,"nb_eval":13,"nb_expanded":923207,"nb_generated":38888752,"nb_guide":38888753,"nb_sols_created":0,"nb_trashed":8496,"nodes_generated_per_sec":864126.8125,"time_searched":45.00352478027344}