{"avg_branching_factor":6.569268511894935,"nb_eval":23,"nb_expanded":2180760,"nb_generated":14325998,"nb_guide":14325993,"nb_sols_created":0,"nb_trashed":230178,"nodes_generated_per_sec":1578175.0,"time_searched":9.0775728225708}