{"avg_branching_factor":6.208931499004789,"nb_eval":18,"nb_expanded":2165370,"nb_generated":13444634,"nb_guide":13444634,"nb_sols_created":0,"nb_trashed":275387,"nodes_generated_per_sec":1473568.75,"time_searched":9.123859405517578}