{"avg_branching_factor":12.879892037786774,"nb_eval":4,"nb_expanded":741,"nb_generated":9544,"nb_guide":9545,"nb_sols_created":0,"nb_trashed":26,"nodes_generated_per_sec":157144.359375,"time_searched":0.060733962804079056}