{"avg_branching_factor":26.377629711320292,"nb_eval":25,"nb_expanded":1737358,"nb_generated":45827386,"nb_guide":45827377,"nb_sols_created":0,"nb_trashed":34970,"nodes_generated_per_sec":2033682.0,"time_searched":22.53419303894043}