{"avg_branching_factor":9.099483954619124,"nb_eval":22,"nb_expanded":2313750,"nb_generated":21053931,"nb_guide":21053927,"nb_sols_created":0,"nb_trashed":164046,"nodes_generated_per_sec":1156436.0,"time_searched":18.20587730407715}