{"avg_branching_factor":23.478995514816106,"nb_eval":17,"nb_expanded":1346879,"nb_generated":31623366,"nb_guide":31623364,"nb_sols_created":0,"nb_trashed":37910,"nodes_generated_per_sec":702429.0625,"time_searched":45.02001190185547}