{"avg_branching_factor":27.653166980465873,"nb_eval":8,"nb_expanded":975677,"nb_generated":26980559,"nb_guide":26980566,"nb_sols_created":0,"nb_trashed":18394,"nodes_generated_per_sec":2396072.0,"time_searched":11.260329246520996}