{"avg_branching_factor":14.75387259559335,"nb_eval":19,"nb_expanded":1548251,"nb_generated":22842698,"nb_guide":22842695,"nb_sols_created":0,"nb_trashed":88850,"nodes_generated_per_sec":507178.125,"time_searched":45.0388069152832}