{"avg_branching_factor":55.10646665277325,"nb_eval":21,"nb_expanded":1818607,"nb_generated":100217006,"nb_guide":100217000,"nb_sols_created":0,"nb_trashed":21384,"nodes_generated_per_sec":2226259.0,"time_searched":45.0158805847168}