{"avg_branching_factor":25.677310327420344,"nb_eval":26,"nb_expanded":2860482,"nb_generated":73449484,"nb_guide":73449474,"nb_sols_created":0,"nb_trashed":65015,"nodes_generated_per_sec":1630512.25,"time_searched":45.046878814697266}