{"avg_branching_factor":9.052630162709296,"nb_eval":14,"nb_expanded":1375029,"nb_generated":12447629,"nb_guide":12447632,"nb_sols_created":0,"nb_trashed":75580,"nodes_generated_per_sec":1362162.375,"time_searched":9.138138771057129}