{"avg_branching_factor":27.43873142866921,"nb_eval":22,"nb_expanded":2571302,"nb_generated":70553265,"nb_guide":70553259,"nb_sols_created":0,"nb_trashed":38558,"nodes_generated_per_sec":1565926.75,"time_searched":45.05527877807617}