{"avg_branching_factor":34.621059798934596,"nb_eval":8,"nb_expanded":24967,"nb_generated":864384,"nb_guide":864385,"nb_sols_created":0,"nb_trashed":396,"nodes_generated_per_sec":784249.5625,"time_searched":1.102179765701294}