{"avg_branching_factor":101.86561932345805,"nb_eval":31,"nb_expanded":3313527,"nb_generated":337534480,"nb_guide":337534464,"nb_sols_created":0,"nb_trashed":17070,"nodes_generated_per_sec":1875034.125,"time_searched":180.01510620117188}