{"avg_branching_factor":25.535395925376946,"nb_eval":19,"nb_expanded":2862547,"nb_generated":73096271,"nb_guide":73096268,"nb_sols_created":0,"nb_trashed":77750,"nodes_generated_per_sec":1624358.75,"time_searched":45.00008010864258}