{"avg_branching_factor":22.46728971962617,"nb_eval":4,"nb_expanded":1498,"nb_generated":33656,"nb_guide":33657,"nb_sols_created":0,"nb_trashed":33,"nodes_generated_per_sec":603137.75,"time_searched":0.05580151453614235}