{"avg_branching_factor":108.3585493259891,"nb_eval":16,"nb_expanded":1757390,"nb_generated":190428231,"nb_guide":190428229,"nb_sols_created":0,"nb_trashed":25428,"nodes_generated_per_sec":2115789.25,"time_searched":90.0033950805664}