{"avg_branching_factor":49.702838049511,"nb_eval":10,"nb_expanded":1438347,"nb_generated":71489928,"nb_guide":71489932,"nb_sols_created":0,"nb_trashed":29551,"nodes_generated_per_sec":794300.875,"time_searched":90.00358581542969}