{"avg_branching_factor":22.62514533834103,"nb_eval":25,"nb_expanded":3018818,"nb_generated":68301196,"nb_guide":68301188,"nb_sols_created":0,"nb_trashed":140007,"nodes_generated_per_sec":1516416.375,"time_searched":45.04119110107422}