{"avg_branching_factor":10.471856004559882,"nb_eval":14,"nb_expanded":1024588,"nb_generated":10729338,"nb_guide":10729339,"nb_sols_created":0,"nb_trashed":32377,"nodes_generated_per_sec":476440.1875,"time_searched":22.519800186157227}