{"avg_branching_factor":8.735100238468723,"nb_eval":17,"nb_expanded":2205740,"nb_generated":19267360,"nb_guide":19267361,"nb_sols_created":0,"nb_trashed":157569,"nodes_generated_per_sec":1061277.875,"time_searched":18.154869079589844}