{"avg_branching_factor":290.9420468750525,"nb_eval":19,"nb_expanded":2680701,"nb_generated":779928636,"nb_guide":779928630,"nb_sols_created":0,"nb_trashed":4076,"nodes_generated_per_sec":1733168.0,"time_searched":450.00177001953125}