{"avg_branching_factor":37.42275590742251,"nb_eval":13,"nb_expanded":947833,"nb_generated":35470523,"nb_guide":35470524,"nb_sols_created":0,"nb_trashed":12183,"nodes_generated_per_sec":788125.0625,"time_searched":45.0062141418457}