{"avg_branching_factor":101.45435602925487,"nb_eval":17,"nb_expanded":3310492,"nb_generated":335863834,"nb_guide":335863832,"nb_sols_created":0,"nb_trashed":16366,"nodes_generated_per_sec":1865812.625,"time_searched":180.00941467285156}