{"avg_branching_factor":92.6403605588374,"nb_eval":13,"nb_expanded":1388955,"nb_generated":128673292,"nb_guide":128673292,"nb_sols_created":0,"nb_trashed":7910,"nodes_generated_per_sec":714842.0625,"time_searched":180.00241088867188}