{"avg_branching_factor":73.97555983416198,"nb_eval":9,"nb_expanded":1375318,"nb_generated":101739919,"nb_guide":101739924,"nb_sols_created":0,"nb_trashed":39418,"nodes_generated_per_sec":565206.5,"time_searched":180.00486755371094}