{"avg_branching_factor":31.139635316698655,"nb_eval":5,"nb_expanded":6252,"nb_generated":194685,"nb_guide":194686,"nb_sols_created":0,"nb_trashed":302,"nodes_generated_per_sec":397137.125,"time_searched":0.4902211129665375}