{"avg_branching_factor":33.40248575515446,"nb_eval":13,"nb_expanded":971053,"nb_generated":32435584,"nb_guide":32435585,"nb_sols_created":0,"nb_trashed":12086,"nodes_generated_per_sec":720710.375,"time_searched":45.00502014160156}