{"avg_branching_factor":22.593543428237894,"nb_eval":14,"nb_expanded":1454549,"nb_generated":32863416,"nb_guide":32863418,"nb_sols_created":0,"nb_trashed":66304,"nodes_generated_per_sec":729728.6875,"time_searched":45.03511428833008}