{"avg_branching_factor":21.69510113980814,"nb_eval":6,"nb_expanded":1369441,"nb_generated":29710161,"nb_guide":29710171,"nb_sols_created":0,"nb_trashed":76138,"nodes_generated_per_sec":659886.3125,"time_searched":45.02315139770508}