{"avg_branching_factor":36.596512958639856,"nb_eval":18,"nb_expanded":1008362,"nb_generated":36902533,"nb_guide":36902529,"nb_sols_created":0,"nb_trashed":32664,"nodes_generated_per_sec":819991.8125,"time_searched":45.003536224365234}