{"avg_branching_factor":287.3967191104329,"nb_eval":7,"nb_expanded":1342136,"nb_generated":385725483,"nb_guide":385725488,"nb_sols_created":0,"nb_trashed":34148,"nodes_generated_per_sec":857166.625,"time_searched":450.0005798339844}