{"avg_branching_factor":3.527773519936721,"nb_eval":25,"nb_expanded":1546167,"nb_generated":5454527,"nb_guide":5454520,"nb_sols_created":0,"nb_trashed":285232,"nodes_generated_per_sec":301022.0,"time_searched":18.120027542114258}