{"avg_branching_factor":58.84636838777558,"nb_eval":13,"nb_expanded":1638556,"nb_generated":96423070,"nb_guide":96423071,"nb_sols_created":0,"nb_trashed":13181,"nodes_generated_per_sec":535666.75,"time_searched":180.00570678710938}