{"avg_branching_factor":12.47654479269214,"nb_eval":10,"nb_expanded":43679,"nb_generated":544963,"nb_guide":544964,"nb_sols_created":0,"nb_trashed":2623,"nodes_generated_per_sec":764925.625,"time_searched":0.7124391794204712}