{"avg_branching_factor":3.647417959806665,"nb_eval":9,"nb_expanded":7862,"nb_generated":28676,"nb_guide":28677,"nb_sols_created":0,"nb_trashed":1097,"nodes_generated_per_sec":664359.3125,"time_searched":0.04316338896751404}