{"avg_branching_factor":5.923060093480757,"nb_eval":20,"nb_expanded":1659165,"nb_generated":9827334,"nb_guide":9827331,"nb_sols_created":0,"nb_trashed":123372,"nodes_generated_per_sec":1080154.25,"time_searched":9.09808349609375}