{"avg_branching_factor":12.687088713248205,"nb_eval":13,"nb_expanded":982435,"nb_generated":12464240,"nb_guide":12464242,"nb_sols_created":0,"nb_trashed":24043,"nodes_generated_per_sec":553419.75,"time_searched":22.522218704223633}