{"avg_branching_factor":5.964660501006796,"nb_eval":26,"nb_expanded":2450346,"nb_generated":14615482,"nb_guide":14615474,"nb_sols_created":0,"nb_trashed":260733,"nodes_generated_per_sec":805880.375,"time_searched":18.136043548583984}