{"avg_branching_factor":5.250826909429813,"nb_eval":19,"nb_expanded":1313324,"nb_generated":6896037,"nb_guide":6896035,"nb_sols_created":0,"nb_trashed":129825,"nodes_generated_per_sec":380656.28125,"time_searched":18.116178512573242}