{"avg_branching_factor":267.66633521738794,"nb_eval":7,"nb_expanded":1293310,"nb_generated":346175548,"nb_guide":346175553,"nb_sols_created":0,"nb_trashed":2726,"nodes_generated_per_sec":769276.6875,"time_searched":450.0013732910156}