{"avg_branching_factor":51.76067115298104,"nb_eval":15,"nb_expanded":3043181,"nb_generated":157517091,"nb_guide":157517091,"nb_sols_created":0,"nb_trashed":16518,"nodes_generated_per_sec":1749776.875,"time_searched":90.021240234375}