{"avg_branching_factor":53.40571589132022,"nb_eval":14,"nb_expanded":1736772,"nb_generated":92753552,"nb_guide":92753553,"nb_sols_created":0,"nb_trashed":32137,"nodes_generated_per_sec":2060896.5,"time_searched":45.00640869140625}