{"avg_branching_factor":8.702825882737129,"nb_eval":25,"nb_expanded":2259931,"nb_generated":19667786,"nb_guide":19667779,"nb_sols_created":0,"nb_trashed":144780,"nodes_generated_per_sec":1080961.5,"time_searched":18.19471549987793}