{"avg_branching_factor":12.680231655621231,"nb_eval":11,"nb_expanded":167490,"nb_generated":2123812,"nb_guide":2123814,"nb_sols_created":0,"nb_trashed":9775,"nodes_generated_per_sec":806880.1875,"time_searched":2.6321280002593994}