{"avg_branching_factor":6.579712731257519,"nb_eval":24,"nb_expanded":1714701,"nb_generated":11282240,"nb_guide":11282232,"nb_sols_created":0,"nb_trashed":193245,"nodes_generated_per_sec":250488.21875,"time_searched":45.04100036621094}