{"avg_branching_factor":1.3877815225412224,"nb_eval":15,"nb_expanded":231731,"nb_generated":321592,"nb_guide":321592,"nb_sols_created":0,"nb_trashed":88967,"nodes_generated_per_sec":197118.609375,"time_searched":1.6314644813537598}