{"avg_branching_factor":1.362293113350389,"nb_eval":11,"nb_expanded":57459,"nb_generated":78276,"nb_guide":78278,"nb_sols_created":0,"nb_trashed":20373,"nodes_generated_per_sec":240593.5625,"time_searched":0.32534536719322205}