{"avg_branching_factor":3.8267673253104353,"nb_eval":24,"nb_expanded":1566350,"nb_generated":5994057,"nb_guide":5994050,"nb_sols_created":0,"nb_trashed":269612,"nodes_generated_per_sec":331367.125,"time_searched":18.088871002197266}