{"avg_branching_factor":63.654283517461856,"nb_eval":5,"nb_expanded":24711,"nb_generated":1572961,"nb_guide":1572964,"nb_sols_created":0,"nb_trashed":421,"nodes_generated_per_sec":720907.125,"time_searched":2.1819190979003906}