{"avg_branching_factor":25.98294936329491,"nb_eval":10,"nb_expanded":1698353,"nb_generated":44128220,"nb_guide":44128226,"nb_sols_created":0,"nb_trashed":35449,"nodes_generated_per_sec":1956533.375,"time_searched":22.554288864135742}