{"avg_branching_factor":55.877096101894445,"nb_eval":23,"nb_expanded":939482,"nb_generated":52495526,"nb_guide":52495517,"nb_sols_created":0,"nb_trashed":16597,"nodes_generated_per_sec":2332932.0,"time_searched":22.501953125}