{"avg_branching_factor":5.064981949458484,"nb_eval":4,"nb_expanded":277,"nb_generated":1403,"nb_guide":1404,"nb_sols_created":0,"nb_trashed":29,"nodes_generated_per_sec":586636.5625,"time_searched":0.002391600050032139}