{"avg_branching_factor":52.64320367742483,"nb_eval":10,"nb_expanded":1813878,"nb_generated":95488349,"nb_guide":95488354,"nb_sols_created":0,"nb_trashed":22063,"nodes_generated_per_sec":2121190.75,"time_searched":45.01639175415039}