{"avg_branching_factor":23.840069499517135,"nb_eval":19,"nb_expanded":1690947,"nb_generated":40312294,"nb_guide":40312291,"nb_sols_created":0,"nb_trashed":106375,"nodes_generated_per_sec":1790113.875,"time_searched":22.5194034576416}