{"avg_branching_factor":5.689210835172058,"nb_eval":13,"nb_expanded":1065050,"nb_generated":6059294,"nb_guide":6059298,"nb_sols_created":0,"nb_trashed":78194,"nodes_generated_per_sec":1327770.5,"time_searched":4.563509941101074}