{"avg_branching_factor":53.8778802921952,"nb_eval":26,"nb_expanded":2862470,"nb_generated":154223816,"nb_guide":154223805,"nb_sols_created":0,"nb_trashed":26978,"nodes_generated_per_sec":1713459.875,"time_searched":90.00724792480469}