{"avg_branching_factor":37.55496183206107,"nb_eval":3,"nb_expanded":1310,"nb_generated":49197,"nb_guide":49199,"nb_sols_created":0,"nb_trashed":30,"nodes_generated_per_sec":926624.75,"time_searched":0.05309268832206726}