{"avg_branching_factor":25.11712765919494,"nb_eval":14,"nb_expanded":1681806,"nb_generated":42242136,"nb_guide":42242138,"nb_sols_created":0,"nb_trashed":37827,"nodes_generated_per_sec":1874415.625,"time_searched":22.536163330078125}