{"avg_branching_factor":1.396184982882967,"nb_eval":20,"nb_expanded":470876,"nb_generated":657430,"nb_guide":657426,"nb_sols_created":0,"nb_trashed":181482,"nodes_generated_per_sec":251689.796875,"time_searched":2.6120645999908447}