{"avg_branching_factor":1.5918612328191586,"nb_eval":14,"nb_expanded":33322,"nb_generated":53044,"nb_guide":53043,"nb_sols_created":0,"nb_trashed":11395,"nodes_generated_per_sec":190533.171875,"time_searched":0.27839770913124084}