{"avg_branching_factor":291.64767912963475,"nb_eval":7,"nb_expanded":2733565,"nb_generated":797237888,"nb_guide":797237894,"nb_sols_created":0,"nb_trashed":13545,"nodes_generated_per_sec":1771631.25,"time_searched":450.0021667480469}