{"avg_branching_factor":101.44682635246855,"nb_eval":29,"nb_expanded":3293718,"nb_generated":334137238,"nb_guide":334137224,"nb_sols_created":0,"nb_trashed":17444,"nodes_generated_per_sec":1856174.875,"time_searched":180.01388549804688}