{"avg_branching_factor":54.555112058529105,"nb_eval":14,"nb_expanded":1813115,"nb_generated":98914692,"nb_guide":98914693,"nb_sols_created":0,"nb_trashed":19060,"nodes_generated_per_sec":2197134.5,"time_searched":45.019859313964844}