{"avg_branching_factor":290.34083955562625,"nb_eval":15,"nb_expanded":2660193,"nb_generated":772362669,"nb_guide":772362667,"nb_sols_created":0,"nb_trashed":4086,"nodes_generated_per_sec":1716352.75,"time_searched":450.0022888183594}