{"avg_branching_factor":29.65323389069329,"nb_eval":7,"nb_expanded":24939,"nb_generated":739522,"nb_guide":739523,"nb_sols_created":0,"nb_trashed":799,"nodes_generated_per_sec":386352.59375,"time_searched":1.914111614227295}