{"avg_branching_factor":56.430583372854585,"nb_eval":6,"nb_expanded":1020548,"nb_generated":57590119,"nb_guide":57590127,"nb_sols_created":0,"nb_trashed":8827,"nodes_generated_per_sec":2559231.75,"time_searched":22.502893447875977}