{"avg_branching_factor":98.7173624818306,"nb_eval":13,"nb_expanded":1910493,"nb_generated":188598830,"nb_guide":188598831,"nb_sols_created":0,"nb_trashed":9720,"nodes_generated_per_sec":2095433.0,"time_searched":90.00470733642578}