{"avg_branching_factor":6.30886262657522,"nb_eval":6,"nb_expanded":995258,"nb_generated":6278946,"nb_guide":6278957,"nb_sols_created":0,"nb_trashed":79650,"nodes_generated_per_sec":1379946.375,"time_searched":4.550137519836426}