{"avg_branching_factor":49.783959675094174,"nb_eval":47,"nb_expanded":3183938,"nb_generated":158509041,"nb_guide":158509010,"nb_sols_created":0,"nb_trashed":48647,"nodes_generated_per_sec":1760865.5,"time_searched":90.01768493652344}