{"avg_branching_factor":27.90905197204988,"nb_eval":7,"nb_expanded":81717,"nb_generated":2280644,"nb_guide":2280648,"nb_sols_created":0,"nb_trashed":5091,"nodes_generated_per_sec":690820.875,"time_searched":3.301353693008423}