{"avg_branching_factor":9.125857192005004,"nb_eval":28,"nb_expanded":2331158,"nb_generated":21273815,"nb_guide":21273805,"nb_sols_created":0,"nb_trashed":144513,"nodes_generated_per_sec":1168640.5,"time_searched":18.203901290893555}