{"avg_branching_factor":76.75765671877916,"nb_eval":13,"nb_expanded":1409579,"nb_generated":108195981,"nb_guide":108195981,"nb_sols_created":0,"nb_trashed":5239,"nodes_generated_per_sec":601083.625,"time_searched":180.0015411376953}