{"avg_branching_factor":54.00773649797402,"nb_eval":12,"nb_expanded":949913,"nb_generated":51302651,"nb_guide":51302653,"nb_sols_created":0,"nb_trashed":15813,"nodes_generated_per_sec":2279901.5,"time_searched":22.50213623046875}