{"avg_branching_factor":7.01636719648907,"nb_eval":25,"nb_expanded":1221101,"nb_generated":8567693,"nb_guide":8567685,"nb_sols_created":0,"nb_trashed":117546,"nodes_generated_per_sec":1883784.875,"time_searched":4.548127174377441}