{"avg_branching_factor":9.835929755203015,"nb_eval":12,"nb_expanded":1343644,"nb_generated":13215988,"nb_guide":13215993,"nb_sols_created":0,"nb_trashed":77334,"nodes_generated_per_sec":1450285.0,"time_searched":9.112683296203613}