{"avg_branching_factor":98.77250843429859,"nb_eval":12,"nb_expanded":859289,"nb_generated":84874130,"nb_guide":84874131,"nb_sols_created":0,"nb_trashed":4227,"nodes_generated_per_sec":943031.3125,"time_searched":90.00138854980469}