{"avg_branching_factor":39.672130304509125,"nb_eval":7,"nb_expanded":952845,"nb_generated":37801391,"nb_guide":37801398,"nb_sols_created":0,"nb_trashed":9833,"nodes_generated_per_sec":839934.1875,"time_searched":45.005184173583984}