{"avg_branching_factor":99.6750310879502,"nb_eval":20,"nb_expanded":3162801,"nb_generated":315252288,"nb_guide":315252283,"nb_sols_created":0,"nb_trashed":48541,"nodes_generated_per_sec":1751327.25,"time_searched":180.0076446533203}