{"avg_branching_factor":55.53119540366615,"nb_eval":13,"nb_expanded":1798999,"nb_generated":99900565,"nb_guide":99900567,"nb_sols_created":0,"nb_trashed":18773,"nodes_generated_per_sec":2219011.0,"time_searched":45.02031326293945}