{"avg_branching_factor":100.7297707303198,"nb_eval":35,"nb_expanded":3280111,"nb_generated":330404829,"nb_guide":330404809,"nb_sols_created":0,"nb_trashed":17574,"nodes_generated_per_sec":1835451.375,"time_searched":180.01284790039062}