{"avg_branching_factor":49.49594279677633,"nb_eval":19,"nb_expanded":2932562,"nb_generated":145149921,"nb_guide":145149917,"nb_sols_created":0,"nb_trashed":37932,"nodes_generated_per_sec":1612567.375,"time_searched":90.0116958618164}