{"avg_branching_factor":7.130863509043207,"nb_eval":8,"nb_expanded":1183485,"nb_generated":8439270,"nb_guide":8439279,"nb_sols_created":0,"nb_trashed":132529,"nodes_generated_per_sec":1854501.625,"time_searched":4.550694465637207}