{"avg_branching_factor":12.161441521114305,"nb_eval":10,"nb_expanded":45230,"nb_generated":550062,"nb_guide":550063,"nb_sols_created":0,"nb_trashed":1167,"nodes_generated_per_sec":750541.3125,"time_searched":0.7328870296478271}