{"avg_branching_factor":9.84994776888536,"nb_eval":17,"nb_expanded":1430182,"nb_generated":14087218,"nb_guide":14087218,"nb_sols_created":0,"nb_trashed":91034,"nodes_generated_per_sec":1543602.125,"time_searched":9.126197814941406}