{"avg_branching_factor":26.814118940339334,"nb_eval":10,"nb_expanded":1648339,"nb_generated":44198758,"nb_guide":44198764,"nb_sols_created":0,"nb_trashed":78455,"nodes_generated_per_sec":1962390.25,"time_searched":22.522920608520508}