{"avg_branching_factor":51.98322500786949,"nb_eval":19,"nb_expanded":1407333,"nb_generated":73157708,"nb_guide":73157703,"nb_sols_created":0,"nb_trashed":21831,"nodes_generated_per_sec":812789.875,"time_searched":90.00814819335938}