{"avg_branching_factor":86.74085637670228,"nb_eval":12,"nb_expanded":873751,"nb_generated":75789910,"nb_guide":75789911,"nb_sols_created":0,"nb_trashed":4728,"nodes_generated_per_sec":842092.0625,"time_searched":90.0019302368164}