{"avg_branching_factor":6.628504723584783,"nb_eval":34,"nb_expanded":2166469,"nb_generated":14360450,"nb_guide":14360434,"nb_sols_created":0,"nb_trashed":292183,"nodes_generated_per_sec":1580410.125,"time_searched":9.086533546447754}