{"avg_branching_factor":7.797414744643399,"nb_eval":15,"nb_expanded":1544683,"nb_generated":12044534,"nb_guide":12044536,"nb_sols_created":0,"nb_trashed":115686,"nodes_generated_per_sec":1323715.5,"time_searched":9.099035263061523}