{"avg_branching_factor":20.965858328015315,"nb_eval":6,"nb_expanded":3134,"nb_generated":65707,"nb_guide":65708,"nb_sols_created":0,"nb_trashed":97,"nodes_generated_per_sec":854759.125,"time_searched":0.07687194645404816}