{"avg_branching_factor":2.173175174196719,"nb_eval":40,"nb_expanded":748866,"nb_generated":1627417,"nb_guide":1627394,"nb_sols_created":0,"nb_trashed":191440,"nodes_generated_per_sec":346585.1875,"time_searched":4.695575714111328}