{"avg_branching_factor":53.76633718890922,"nb_eval":9,"nb_expanded":952214,"nb_generated":51197059,"nb_guide":51197064,"nb_sols_created":0,"nb_trashed":20492,"nodes_generated_per_sec":2275250.75,"time_searched":22.50172233581543}