{"avg_branching_factor":27.912745189384033,"nb_eval":7,"nb_expanded":998157,"nb_generated":27861302,"nb_guide":27861310,"nb_sols_created":0,"nb_trashed":16470,"nodes_generated_per_sec":2474294.0,"time_searched":11.260303497314453}