{"avg_branching_factor":32.03469827214302,"nb_eval":13,"nb_expanded":1622588,"nb_generated":51979117,"nb_guide":51979119,"nb_sols_created":0,"nb_trashed":36777,"nodes_generated_per_sec":577504.6875,"time_searched":90.00639343261719}