{"avg_branching_factor":8.067598054115257,"nb_eval":19,"nb_expanded":2010191,"nb_generated":16217413,"nb_guide":16217412,"nb_sols_created":0,"nb_trashed":220407,"nodes_generated_per_sec":1786109.0,"time_searched":9.079744338989258}