{"avg_branching_factor":8.766308986085045,"nb_eval":17,"nb_expanded":1465833,"nb_generated":12849945,"nb_guide":12849945,"nb_sols_created":0,"nb_trashed":87065,"nodes_generated_per_sec":1413237.125,"time_searched":9.092560768127441}