{"avg_branching_factor":45.608666666666664,"nb_eval":4,"nb_expanded":1500,"nb_generated":68413,"nb_guide":68414,"nb_sols_created":0,"nb_trashed":20,"nodes_generated_per_sec":954006.5,"time_searched":0.07171124964952469}