{"avg_branching_factor":7.962420339587325,"nb_eval":19,"nb_expanded":1166828,"nb_generated":9290775,"nb_guide":9290773,"nb_sols_created":0,"nb_trashed":100764,"nodes_generated_per_sec":2048614.5,"time_searched":4.535150527954102}