{"avg_branching_factor":110.14980747016826,"nb_eval":8,"nb_expanded":1853479,"nb_generated":204160355,"nb_guide":204160361,"nb_sols_created":0,"nb_trashed":8344,"nodes_generated_per_sec":2268320.25,"time_searched":90.00508117675781}