{"avg_branching_factor":50.35090740053997,"nb_eval":42,"nb_expanded":3270937,"nb_generated":164694646,"nb_guide":164694620,"nb_sols_created":0,"nb_trashed":33876,"nodes_generated_per_sec":1829361.5,"time_searched":90.02848052978516}