{"avg_branching_factor":1.9771991402062417,"nb_eval":8,"nb_expanded":36753,"nb_generated":72668,"nb_guide":72672,"nb_sols_created":0,"nb_trashed":10047,"nodes_generated_per_sec":438232.5625,"time_searched":0.1658206284046173}