{"avg_branching_factor":107.14979940821905,"nb_eval":6,"nb_expanded":1775995,"nb_generated":190297508,"nb_guide":190297516,"nb_sols_created":0,"nb_trashed":13861,"nodes_generated_per_sec":2114339.25,"time_searched":90.0032958984375}