{"avg_branching_factor":26.651438625140948,"nb_eval":7,"nb_expanded":1028760,"nb_generated":27417934,"nb_guide":27417942,"nb_sols_created":0,"nb_trashed":24334,"nodes_generated_per_sec":2435179.75,"time_searched":11.259100914001465}