{"avg_branching_factor":78.62839975450645,"nb_eval":11,"nb_expanded":800021,"nb_generated":62904371,"nb_guide":62904373,"nb_sols_created":0,"nb_trashed":6082,"nodes_generated_per_sec":830943.0,"time_searched":75.702392578125}