{"avg_branching_factor":14.364511691884458,"nb_eval":4,"nb_expanded":727,"nb_generated":10443,"nb_guide":10444,"nb_sols_created":0,"nb_trashed":28,"nodes_generated_per_sec":729080.375,"time_searched":0.0143235232681036}