{"avg_branching_factor":61.02415578286657,"nb_eval":13,"nb_expanded":1623131,"nb_generated":99050199,"nb_guide":99050200,"nb_sols_created":0,"nb_trashed":10200,"nodes_generated_per_sec":550262.0,"time_searched":180.00552368164062}