{"avg_branching_factor":5.314956046697344,"nb_eval":20,"nb_expanded":1274762,"nb_generated":6775304,"nb_guide":6775301,"nb_sols_created":0,"nb_trashed":121037,"nodes_generated_per_sec":373230.40625,"time_searched":18.153141021728516}