{"avg_branching_factor":115.26418701073196,"nb_eval":10,"nb_expanded":1170243,"nb_generated":134887108,"nb_guide":134887111,"nb_sols_created":0,"nb_trashed":9724,"nodes_generated_per_sec":749365.0625,"time_searched":180.00186157226562}