{"avg_branching_factor":20.818879075028402,"nb_eval":16,"nb_expanded":1585173,"nb_generated":33001525,"nb_guide":33001525,"nb_sols_created":0,"nb_trashed":141192,"nodes_generated_per_sec":732825.0,"time_searched":45.033294677734375}