{"avg_branching_factor":51.234891819176234,"nb_eval":3,"nb_expanded":1833874,"nb_generated":93958336,"nb_guide":93958348,"nb_sols_created":0,"nb_trashed":17010,"nodes_generated_per_sec":2086880.5,"time_searched":45.02334213256836}