{"avg_branching_factor":97.7816518039096,"nb_eval":11,"nb_expanded":1857327,"nb_generated":181612502,"nb_guide":181612505,"nb_sols_created":0,"nb_trashed":9320,"nodes_generated_per_sec":2017817.875,"time_searched":90.00440216064453}