{"avg_branching_factor":35.55774196235216,"nb_eval":9,"nb_expanded":48024,"nb_generated":1707625,"nb_guide":1707626,"nb_sols_created":0,"nb_trashed":588,"nodes_generated_per_sec":894350.875,"time_searched":1.9093457460403442}