{"avg_branching_factor":25.022093534311924,"nb_eval":17,"nb_expanded":1667773,"nb_generated":41731172,"nb_guide":41731170,"nb_sols_created":0,"nb_trashed":27726,"nodes_generated_per_sec":463614.90625,"time_searched":90.0125732421875}