{"avg_branching_factor":24.788996763754046,"nb_eval":5,"nb_expanded":3090,"nb_generated":76598,"nb_guide":76599,"nb_sols_created":0,"nb_trashed":109,"nodes_generated_per_sec":592175.4375,"time_searched":0.1293501853942871}