{"avg_branching_factor":38.997270179952004,"nb_eval":15,"nb_expanded":1730517,"nb_generated":67485439,"nb_guide":67485439,"nb_sols_created":0,"nb_trashed":148605,"nodes_generated_per_sec":749713.75,"time_searched":90.01494598388672}