{"avg_branching_factor":9.427250735215459,"nb_eval":27,"nb_expanded":1598511,"nb_generated":15069564,"nb_guide":15069553,"nb_sols_created":0,"nb_trashed":137235,"nodes_generated_per_sec":334466.15625,"time_searched":45.055572509765625}