{"avg_branching_factor":14.422928300156096,"nb_eval":14,"nb_expanded":994256,"nb_generated":14340083,"nb_guide":14340084,"nb_sols_created":0,"nb_trashed":28142,"nodes_generated_per_sec":636760.4375,"time_searched":22.520374298095703}