{"avg_branching_factor":2.9118164907335577,"nb_eval":19,"nb_expanded":984844,"nb_generated":2867685,"nb_guide":2867683,"nb_sols_created":0,"nb_trashed":238929,"nodes_generated_per_sec":392547.1875,"time_searched":7.305325508117676}