{"avg_branching_factor":21.77198005585555,"nb_eval":13,"nb_expanded":937418,"nb_generated":20409446,"nb_guide":20409448,"nb_sols_created":0,"nb_trashed":24133,"nodes_generated_per_sec":906498.9375,"time_searched":22.514583587646484}