{"avg_branching_factor":74.93666785302328,"nb_eval":12,"nb_expanded":932828,"nb_generated":69903022,"nb_guide":69903023,"nb_sols_created":0,"nb_trashed":12707,"nodes_generated_per_sec":776686.4375,"time_searched":90.00160217285156}