{"avg_branching_factor":2.0179059677829017,"nb_eval":21,"nb_expanded":1641799,"nb_generated":3312996,"nb_guide":3312993,"nb_sols_created":0,"nb_trashed":478190,"nodes_generated_per_sec":182082.875,"time_searched":18.194990158081055}