{"avg_branching_factor":27.240606412828253,"nb_eval":31,"nb_expanded":2620591,"nb_generated":71386488,"nb_guide":71386473,"nb_sols_created":0,"nb_trashed":52032,"nodes_generated_per_sec":1584791.0,"time_searched":45.044734954833984}