{"avg_branching_factor":2.9274400684931505,"nb_eval":9,"nb_expanded":4672,"nb_generated":13677,"nb_guide":13678,"nb_sols_created":0,"nb_trashed":775,"nodes_generated_per_sec":630875.5,"time_searched":0.02167939580976963}