{"avg_branching_factor":105.65731294039922,"nb_eval":12,"nb_expanded":3015162,"nb_generated":318573915,"nb_guide":318573917,"nb_sols_created":0,"nb_trashed":15403,"nodes_generated_per_sec":1769796.0,"time_searched":180.00601196289062}