{"avg_branching_factor":28.271844964316106,"nb_eval":8,"nb_expanded":957715,"nb_generated":27076370,"nb_guide":27076377,"nb_sols_created":0,"nb_trashed":16751,"nodes_generated_per_sec":2404857.0,"time_searched":11.259035110473633}