{"avg_branching_factor":23.95568099253423,"nb_eval":18,"nb_expanded":1709402,"nb_generated":40949889,"nb_guide":40949887,"nb_sols_created":0,"nb_trashed":106380,"nodes_generated_per_sec":1817956.625,"time_searched":22.52522850036621}