{"avg_branching_factor":9.325439948212413,"nb_eval":20,"nb_expanded":1421190,"nb_generated":13253222,"nb_guide":13253219,"nb_sols_created":0,"nb_trashed":87512,"nodes_generated_per_sec":1452072.25,"time_searched":9.12710952758789}