{"avg_branching_factor":38.70682638408969,"nb_eval":11,"nb_expanded":195345,"nb_generated":7561185,"nb_guide":7561186,"nb_sols_created":0,"nb_trashed":2298,"nodes_generated_per_sec":989972.3125,"time_searched":7.6377739906311035}