{"avg_branching_factor":24.15268618158464,"nb_eval":4,"nb_expanded":1732999,"nb_generated":41856581,"nb_guide":41856593,"nb_sols_created":0,"nb_trashed":39411,"nodes_generated_per_sec":1855362.125,"time_searched":22.559789657592773}