{"avg_branching_factor":53.58648252739047,"nb_eval":12,"nb_expanded":1748966,"nb_generated":93720936,"nb_guide":93720939,"nb_sols_created":0,"nb_trashed":36296,"nodes_generated_per_sec":2082276.75,"time_searched":45.00887680053711}