{"avg_branching_factor":56.57959511264154,"nb_eval":7,"nb_expanded":1025421,"nb_generated":58017905,"nb_guide":58017912,"nb_sols_created":0,"nb_trashed":8257,"nodes_generated_per_sec":2578239.25,"time_searched":22.50291633605957}