{"avg_branching_factor":3.878334160992102,"nb_eval":31,"nb_expanded":1470010,"nb_generated":5701190,"nb_guide":5701177,"nb_sols_created":0,"nb_trashed":326752,"nodes_generated_per_sec":313813.5625,"time_searched":18.167442321777344}