{"avg_branching_factor":6.972357810839446,"nb_eval":26,"nb_expanded":1229823,"nb_generated":8574766,"nb_guide":8574757,"nb_sols_created":0,"nb_trashed":99295,"nodes_generated_per_sec":1893243.125,"time_searched":4.529141426086426}