{"avg_branching_factor":101.40626781143376,"nb_eval":28,"nb_expanded":3308970,"nb_generated":335550298,"nb_guide":335550285,"nb_sols_created":0,"nb_trashed":16807,"nodes_generated_per_sec":1864053.5,"time_searched":180.01109313964844}