{"avg_branching_factor":1.335906382416873,"nb_eval":13,"nb_expanded":408983,"nb_generated":546363,"nb_guide":546366,"nb_sols_created":0,"nb_trashed":153501,"nodes_generated_per_sec":206633.078125,"time_searched":2.6441216468811035}