{"avg_branching_factor":112.15116568072854,"nb_eval":11,"nb_expanded":1275435,"nb_generated":143041522,"nb_guide":143041524,"nb_sols_created":0,"nb_trashed":11672,"nodes_generated_per_sec":794668.9375,"time_searched":180.00140380859375}