{"avg_branching_factor":3.4709590882722168,"nb_eval":11,"nb_expanded":1628995,"nb_generated":5654175,"nb_guide":5654182,"nb_sols_created":0,"nb_trashed":437078,"nodes_generated_per_sec":312976.875,"time_searched":18.065792083740234}