{"avg_branching_factor":27.1072285058527,"nb_eval":10,"nb_expanded":931963,"nb_generated":25262934,"nb_guide":25262939,"nb_sols_created":0,"nb_trashed":29356,"nodes_generated_per_sec":2244609.75,"time_searched":11.254934310913086}