{"avg_branching_factor":6.764269360093153,"nb_eval":24,"nb_expanded":1146495,"nb_generated":7755201,"nb_guide":7755194,"nb_sols_created":0,"nb_trashed":116832,"nodes_generated_per_sec":1704245.0,"time_searched":4.550519943237305}