{"avg_branching_factor":50.15988596776713,"nb_eval":26,"nb_expanded":3155599,"nb_generated":158284486,"nb_guide":158284475,"nb_sols_created":0,"nb_trashed":18558,"nodes_generated_per_sec":1758403.25,"time_searched":90.01602935791016}