{"avg_branching_factor":41.7531748616086,"nb_eval":5,"nb_expanded":3071,"nb_generated":128224,"nb_guide":128225,"nb_sols_created":0,"nb_trashed":36,"nodes_generated_per_sec":1000876.75,"time_searched":0.12811167538166046}