{"avg_branching_factor":32.83080426456888,"nb_eval":9,"nb_expanded":48305,"nb_generated":1585892,"nb_guide":1585893,"nb_sols_created":0,"nb_trashed":776,"nodes_generated_per_sec":847510.8125,"time_searched":1.8712351322174072}