{"avg_branching_factor":52.465856138537774,"nb_eval":4,"nb_expanded":1739771,"nb_generated":91278575,"nb_guide":91278586,"nb_sols_created":0,"nb_trashed":29793,"nodes_generated_per_sec":2027981.5,"time_searched":45.00957107543945}