{"avg_branching_factor":102.95221265881247,"nb_eval":14,"nb_expanded":3100591,"nb_generated":319212704,"nb_guide":319212704,"nb_sols_created":0,"nb_trashed":22580,"nodes_generated_per_sec":1773368.75,"time_searched":180.00357055664062}