{"avg_branching_factor":5.2814082604944295,"nb_eval":12,"nb_expanded":53314,"nb_generated":281573,"nb_guide":281574,"nb_sols_created":0,"nb_trashed":4290,"nodes_generated_per_sec":2008896.5,"time_searched":0.14016301929950714}