{"avg_branching_factor":2.4001021077966596,"nb_eval":19,"nb_expanded":68555,"nb_generated":164539,"nb_guide":164533,"nb_sols_created":0,"nb_trashed":18561,"nodes_generated_per_sec":390882.875,"time_searched":0.42094194889068604}