{"avg_branching_factor":7.2011465716703755,"nb_eval":29,"nb_expanded":3161948,"nb_generated":22769651,"nb_guide":22769640,"nb_sols_created":0,"nb_trashed":387338,"nodes_generated_per_sec":1259653.75,"time_searched":18.076120376586914}