{"avg_branching_factor":53.411596732835186,"nb_eval":11,"nb_expanded":1750631,"nb_generated":93503997,"nb_guide":93504001,"nb_sols_created":0,"nb_trashed":25936,"nodes_generated_per_sec":2077507.75,"time_searched":45.007774353027344}