{"avg_branching_factor":109.76960370154542,"nb_eval":11,"nb_expanded":1831019,"nb_generated":200990230,"nb_guide":200990233,"nb_sols_created":0,"nb_trashed":10135,"nodes_generated_per_sec":2233059.0,"time_searched":90.00668334960938}