{"avg_branching_factor":3.1260504201680672,"nb_eval":8,"nb_expanded":3927,"nb_generated":12276,"nb_guide":12277,"nb_sols_created":0,"nb_trashed":546,"nodes_generated_per_sec":566094.75,"time_searched":0.021685415878891945}