{"avg_branching_factor":102.01163799824255,"nb_eval":12,"nb_expanded":3309332,"nb_generated":337590378,"nb_guide":337590381,"nb_sols_created":0,"nb_trashed":16375,"nodes_generated_per_sec":1875356.625,"time_searched":180.0139617919922}