{"avg_branching_factor":64.96900426797414,"nb_eval":10,"nb_expanded":959003,"nb_generated":62305470,"nb_guide":62305473,"nb_sols_created":0,"nb_trashed":17259,"nodes_generated_per_sec":692273.5,"time_searched":90.00123596191406}