{"avg_branching_factor":5.904901479884922,"nb_eval":14,"nb_expanded":1164077,"nb_generated":6873760,"nb_guide":6873763,"nb_sols_created":0,"nb_trashed":102876,"nodes_generated_per_sec":1502811.375,"time_searched":4.573934078216553}