{"avg_branching_factor":22.22555402117446,"nb_eval":29,"nb_expanded":1566321,"nb_generated":34812352,"nb_guide":34812339,"nb_sols_created":0,"nb_trashed":42692,"nodes_generated_per_sec":773033.875,"time_searched":45.033409118652344}