{"avg_branching_factor":95.6779527823488,"nb_eval":13,"nb_expanded":893310,"nb_generated":85470072,"nb_guide":85470072,"nb_sols_created":0,"nb_trashed":12631,"nodes_generated_per_sec":949657.625,"time_searched":90.00093078613281}