{"avg_branching_factor":76.82220527298638,"nb_eval":12,"nb_expanded":926951,"nb_generated":71210420,"nb_guide":71210421,"nb_sols_created":0,"nb_trashed":4487,"nodes_generated_per_sec":791215.4375,"time_searched":90.00129699707031}