{"avg_branching_factor":52.17326012056685,"nb_eval":9,"nb_expanded":1827368,"nb_generated":95339746,"nb_guide":95339752,"nb_sols_created":0,"nb_trashed":21584,"nodes_generated_per_sec":2117657.75,"time_searched":45.02132034301758}