{"avg_branching_factor":5.284365392760073,"nb_eval":13,"nb_expanded":1459186,"nb_generated":7710872,"nb_guide":7710876,"nb_sols_created":0,"nb_trashed":103988,"nodes_generated_per_sec":425862.75,"time_searched":18.10647201538086}