{"avg_branching_factor":26.188992286573562,"nb_eval":18,"nb_expanded":1686799,"nb_generated":44175566,"nb_guide":44175564,"nb_sols_created":0,"nb_trashed":35906,"nodes_generated_per_sec":1959172.875,"time_searched":22.548070907592773}