{"avg_branching_factor":83.71938023820026,"nb_eval":11,"nb_expanded":906800,"nb_generated":75916734,"nb_guide":75916736,"nb_sols_created":0,"nb_trashed":4132,"nodes_generated_per_sec":843506.75,"time_searched":90.00133514404297}