{"avg_branching_factor":47.72192801173642,"nb_eval":28,"nb_expanded":1694554,"nb_generated":80867384,"nb_guide":80867371,"nb_sols_created":0,"nb_trashed":82882,"nodes_generated_per_sec":898358.1875,"time_searched":90.01686096191406}