{"avg_branching_factor":39.76356064326177,"nb_eval":23,"nb_expanded":1443829,"nb_generated":57411782,"nb_guide":57411773,"nb_sols_created":0,"nb_trashed":15234,"nodes_generated_per_sec":637864.3125,"time_searched":90.00626373291016}