{"avg_branching_factor":50.71184359122311,"nb_eval":27,"nb_expanded":3117779,"nb_generated":158108321,"nb_guide":158108309,"nb_sols_created":0,"nb_trashed":19561,"nodes_generated_per_sec":1756393.25,"time_searched":90.01874542236328}