{"avg_branching_factor":36.83789449878036,"nb_eval":12,"nb_expanded":557131,"nb_generated":20523533,"nb_guide":20523534,"nb_sols_created":0,"nb_trashed":5921,"nodes_generated_per_sec":912105.3125,"time_searched":22.50127410888672}