{"avg_branching_factor":96.30939968404424,"nb_eval":19,"nb_expanded":3240960,"nb_generated":312134912,"nb_guide":312134908,"nb_sols_created":0,"nb_trashed":87358,"nodes_generated_per_sec":1734012.75,"time_searched":180.0072784423828}