{"avg_branching_factor":41.360353726993644,"nb_eval":11,"nb_expanded":1195159,"nb_generated":49432199,"nb_guide":49432203,"nb_sols_created":0,"nb_trashed":59627,"nodes_generated_per_sec":549150.6875,"time_searched":90.01573181152344}