{"avg_branching_factor":26.269650720696873,"nb_eval":17,"nb_expanded":1662280,"nb_generated":43667515,"nb_guide":43667513,"nb_sols_created":0,"nb_trashed":23368,"nodes_generated_per_sec":485099.875,"time_searched":90.017578125}