{"avg_branching_factor":44.111365120836055,"nb_eval":5,"nb_expanded":3062,"nb_generated":135069,"nb_guide":135070,"nb_sols_created":0,"nb_trashed":36,"nodes_generated_per_sec":1066431.0,"time_searched":0.12665517628192902}