{"avg_branching_factor":109.81888851944626,"nb_eval":16,"nb_expanded":1837603,"nb_generated":201803519,"nb_guide":201803517,"nb_sols_created":0,"nb_trashed":9280,"nodes_generated_per_sec":2242158.0,"time_searched":90.004150390625}