{"avg_branching_factor":20.346861866011707,"nb_eval":19,"nb_expanded":1468994,"nb_generated":29889418,"nb_guide":29889415,"nb_sols_created":0,"nb_trashed":74948,"nodes_generated_per_sec":663626.625,"time_searched":45.03950881958008}