{"avg_branching_factor":8.276129158292415,"nb_eval":31,"nb_expanded":3020170,"nb_generated":24995317,"nb_guide":24995304,"nb_sols_created":0,"nb_trashed":198766,"nodes_generated_per_sec":1381881.0,"time_searched":18.087892532348633}