{"avg_branching_factor":50.81109691519261,"nb_eval":20,"nb_expanded":3012603,"nb_generated":153073663,"nb_guide":153073658,"nb_sols_created":0,"nb_trashed":40043,"nodes_generated_per_sec":1700620.0,"time_searched":90.01050567626953}