{"avg_branching_factor":94.08373134674743,"nb_eval":12,"nb_expanded":861780,"nb_generated":81079478,"nb_guide":81079479,"nb_sols_created":0,"nb_trashed":4335,"nodes_generated_per_sec":900871.75,"time_searched":90.00113677978516}