{"avg_branching_factor":242.51519155148094,"nb_eval":7,"nb_expanded":1341963,"nb_generated":325446414,"nb_guide":325446419,"nb_sols_created":0,"nb_trashed":88487,"nodes_generated_per_sec":723212.4375,"time_searched":450.0010986328125}