{"avg_branching_factor":104.00167356045256,"nb_eval":21,"nb_expanded":3065321,"nb_generated":318798514,"nb_guide":318798507,"nb_sols_created":0,"nb_trashed":21381,"nodes_generated_per_sec":1771070.5,"time_searched":180.0032958984375}