{"avg_branching_factor":25.620033477534108,"nb_eval":11,"nb_expanded":1719362,"nb_generated":44050112,"nb_guide":44050117,"nb_sols_created":0,"nb_trashed":56946,"nodes_generated_per_sec":1955484.375,"time_searched":22.526445388793945}