{"avg_branching_factor":25.05325215375217,"nb_eval":15,"nb_expanded":1663144,"nb_generated":41667166,"nb_guide":41667167,"nb_sols_created":0,"nb_trashed":43693,"nodes_generated_per_sec":1848001.375,"time_searched":22.547151565551758}