{"avg_branching_factor":22.785361015439914,"nb_eval":13,"nb_expanded":1045537,"nb_generated":23822938,"nb_guide":23822939,"nb_sols_created":0,"nb_trashed":22188,"nodes_generated_per_sec":529332.0625,"time_searched":45.00565719604492}