{"avg_branching_factor":36.08541734329328,"nb_eval":5,"nb_expanded":3079,"nb_generated":111107,"nb_guide":111108,"nb_sols_created":0,"nb_trashed":82,"nodes_generated_per_sec":808344.625,"time_searched":0.13745003938674927}