{"avg_branching_factor":5.536052086387298,"nb_eval":15,"nb_expanded":1644038,"nb_generated":9101480,"nb_guide":9101482,"nb_sols_created":0,"nb_trashed":158424,"nodes_generated_per_sec":997988.4375,"time_searched":9.11982536315918}