{"avg_branching_factor":258.70277051987654,"nb_eval":2,"nb_expanded":1370537,"nb_generated":354561719,"nb_guide":354561729,"nb_sols_created":0,"nb_trashed":97560,"nodes_generated_per_sec":787913.75,"time_searched":450.0007019042969}