{"avg_branching_factor":3.7518194600490626,"nb_eval":8,"nb_expanded":1373347,"nb_generated":5152550,"nb_guide":5152559,"nb_sols_created":0,"nb_trashed":192463,"nodes_generated_per_sec":284743.125,"time_searched":18.09543228149414}