{"avg_branching_factor":75.33471070821042,"nb_eval":12,"nb_expanded":928820,"nb_generated":69972386,"nb_guide":69972387,"nb_sols_created":0,"nb_trashed":17137,"nodes_generated_per_sec":777456.5625,"time_searched":90.00166320800781}