{"avg_branching_factor":7.011049906553756,"nb_eval":8,"nb_expanded":1118290,"nb_generated":7840387,"nb_guide":7840396,"nb_sols_created":0,"nb_trashed":113097,"nodes_generated_per_sec":1727524.0,"time_searched":4.538511276245117}