{"avg_branching_factor":8.09671245654977,"nb_eval":19,"nb_expanded":1202813,"nb_generated":9738831,"nb_guide":9738829,"nb_sols_created":0,"nb_trashed":92256,"nodes_generated_per_sec":536643.5625,"time_searched":18.14767074584961}