{"avg_branching_factor":290.26160855707286,"nb_eval":13,"nb_expanded":2669324,"nb_generated":774802278,"nb_guide":774802278,"nb_sols_created":0,"nb_trashed":4082,"nodes_generated_per_sec":1721773.0,"time_searched":450.0025939941406}