{"avg_branching_factor":52.863838400628886,"nb_eval":15,"nb_expanded":1732581,"nb_generated":91590882,"nb_guide":91590882,"nb_sols_created":0,"nb_trashed":22551,"nodes_generated_per_sec":2034870.375,"time_searched":45.01066970825195}