{"avg_branching_factor":54.87666959592632,"nb_eval":22,"nb_expanded":1827538,"nb_generated":100289199,"nb_guide":100289192,"nb_sols_created":0,"nb_trashed":16753,"nodes_generated_per_sec":2227790.75,"time_searched":45.017333984375}