{"avg_branching_factor":53.31208678004707,"nb_eval":11,"nb_expanded":2851992,"nb_generated":152045645,"nb_guide":152045649,"nb_sols_created":0,"nb_trashed":29475,"nodes_generated_per_sec":1689191.75,"time_searched":90.0108871459961}