{"avg_branching_factor":3.3795204402515724,"nb_eval":6,"nb_expanded":10176,"nb_generated":34390,"nb_guide":34393,"nb_sols_created":0,"nb_trashed":2627,"nodes_generated_per_sec":206115.015625,"time_searched":0.1668485850095749}