{"avg_branching_factor":13.63806753918242,"nb_eval":7,"nb_expanded":6189,"nb_generated":84406,"nb_guide":84406,"nb_sols_created":0,"nb_trashed":558,"nodes_generated_per_sec":372646.96875,"time_searched":0.22650392353534698}