{"avg_branching_factor":54.03735955588663,"nb_eval":26,"nb_expanded":2848642,"nb_generated":153933092,"nb_guide":153933081,"nb_sols_created":0,"nb_trashed":26978,"nodes_generated_per_sec":1710245.625,"time_searched":90.00642395019531}