{"avg_branching_factor":1.397409118099889,"nb_eval":15,"nb_expanded":1223676,"nb_generated":1709976,"nb_guide":1709979,"nb_sols_created":0,"nb_trashed":482073,"nodes_generated_per_sec":200913.328125,"time_searched":8.51101303100586}