{"avg_branching_factor":6.302668041437181,"nb_eval":19,"nb_expanded":2452773,"nb_generated":15459014,"nb_guide":15459013,"nb_sols_created":0,"nb_trashed":197597,"nodes_generated_per_sec":849837.375,"time_searched":18.190555572509766}