{"avg_branching_factor":43.971184058062676,"nb_eval":16,"nb_expanded":1675982,"nb_generated":73694913,"nb_guide":73694912,"nb_sols_created":0,"nb_trashed":79532,"nodes_generated_per_sec":818717.125,"time_searched":90.01266479492188}