{"avg_branching_factor":111.95243521127648,"nb_eval":11,"nb_expanded":1269048,"nb_generated":142073014,"nb_guide":142073016,"nb_sols_created":0,"nb_trashed":19853,"nodes_generated_per_sec":789279.5625,"time_searched":180.00340270996094}