{"avg_branching_factor":20.997252056131302,"nb_eval":16,"nb_expanded":1709278,"nb_generated":35890141,"nb_guide":35890140,"nb_sols_created":0,"nb_trashed":27130,"nodes_generated_per_sec":398712.4375,"time_searched":90.01509857177734}