{"avg_branching_factor":291.25619408609384,"nb_eval":19,"nb_expanded":2713435,"nb_generated":790304751,"nb_guide":790304745,"nb_sols_created":0,"nb_trashed":4410,"nodes_generated_per_sec":1756220.5,"time_searched":450.0031433105469}