{"avg_branching_factor":21.245593552120226,"nb_eval":19,"nb_expanded":1462062,"nb_generated":31062375,"nb_guide":31062372,"nb_sols_created":0,"nb_trashed":60200,"nodes_generated_per_sec":689896.125,"time_searched":45.024715423583984}