{"avg_branching_factor":45.63813059397884,"nb_eval":10,"nb_expanded":98320,"nb_generated":4487141,"nb_guide":4487142,"nb_sols_created":0,"nb_trashed":1048,"nodes_generated_per_sec":1107396.0,"time_searched":4.051975250244141}