{"avg_branching_factor":22.30882465233481,"nb_eval":17,"nb_expanded":1610817,"nb_generated":35935434,"nb_guide":35935433,"nb_sols_created":0,"nb_trashed":41986,"nodes_generated_per_sec":798100.0625,"time_searched":45.026222229003906}