{"avg_branching_factor":27.243377173411748,"nb_eval":3,"nb_expanded":934533,"nb_generated":25459835,"nb_guide":25459847,"nb_sols_created":0,"nb_trashed":26469,"nodes_generated_per_sec":2262021.75,"time_searched":11.255345344543457}