{"avg_branching_factor":5.409329821109007,"nb_eval":10,"nb_expanded":1385257,"nb_generated":7493312,"nb_guide":7493319,"nb_sols_created":0,"nb_trashed":100089,"nodes_generated_per_sec":413730.0,"time_searched":18.11159896850586}