{"avg_branching_factor":3.4120781527531086,"nb_eval":6,"nb_expanded":563,"nb_generated":1921,"nb_guide":1921,"nb_sols_created":0,"nb_trashed":63,"nodes_generated_per_sec":422275.96875,"time_searched":0.004549157805740833}