{"avg_branching_factor":27.22747461928934,"nb_eval":6,"nb_expanded":6304,"nb_generated":171642,"nb_guide":171643,"nb_sols_created":0,"nb_trashed":239,"nodes_generated_per_sec":641636.75,"time_searched":0.26750651001930237}