{"avg_branching_factor":33.049719626168226,"nb_eval":4,"nb_expanded":2675,"nb_generated":88408,"nb_guide":88410,"nb_sols_created":0,"nb_trashed":68,"nodes_generated_per_sec":853537.25,"time_searched":0.10357837378978729}