{"avg_branching_factor":6.2312016892252196,"nb_eval":25,"nb_expanded":3450576,"nb_generated":21501235,"nb_guide":21501228,"nb_sols_created":0,"nb_trashed":225871,"nodes_generated_per_sec":1190934.125,"time_searched":18.054094314575195}