{"avg_branching_factor":262.4057562115774,"nb_eval":11,"nb_expanded":1301481,"nb_generated":341516106,"nb_guide":341516107,"nb_sols_created":0,"nb_trashed":2116,"nodes_generated_per_sec":758922.875,"time_searched":450.0010681152344}