{"avg_branching_factor":85.04715035775507,"nb_eval":12,"nb_expanded":1391315,"nb_generated":118327376,"nb_guide":118327377,"nb_sols_created":0,"nb_trashed":6620,"nodes_generated_per_sec":657363.625,"time_searched":180.0029296875}