{"avg_branching_factor":35.6074363996278,"nb_eval":13,"nb_expanded":953257,"nb_generated":33943038,"nb_guide":33943039,"nb_sols_created":0,"nb_trashed":14647,"nodes_generated_per_sec":754226.875,"time_searched":45.003753662109375}