{"avg_branching_factor":17.831215156041193,"nb_eval":26,"nb_expanded":1590125,"nb_generated":28353861,"nb_guide":28353851,"nb_sols_created":0,"nb_trashed":114231,"nodes_generated_per_sec":629361.6875,"time_searched":45.05177307128906}