{"avg_branching_factor":21.345401971165593,"nb_eval":6,"nb_expanded":24554,"nb_generated":524115,"nb_guide":524117,"nb_sols_created":0,"nb_trashed":1810,"nodes_generated_per_sec":294591.28125,"time_searched":1.7791259288787842}