{"avg_branching_factor":40.98097440266115,"nb_eval":7,"nb_expanded":24651,"nb_generated":1010222,"nb_guide":1010224,"nb_sols_created":0,"nb_trashed":281,"nodes_generated_per_sec":1003500.1875,"time_searched":1.0066983699798584}