{"avg_branching_factor":1.5682434137616994,"nb_eval":13,"nb_expanded":182274,"nb_generated":285850,"nb_guide":285852,"nb_sols_created":0,"nb_trashed":58639,"nodes_generated_per_sec":271717.5,"time_searched":1.0520117282867432}