{"avg_branching_factor":48.87860324162923,"nb_eval":10,"nb_expanded":1436068,"nb_generated":70192998,"nb_guide":70193002,"nb_sols_created":0,"nb_trashed":18572,"nodes_generated_per_sec":779868.5625,"time_searched":90.00619506835938}