{"avg_branching_factor":10.112588949172798,"nb_eval":18,"nb_expanded":1114541,"nb_generated":11270895,"nb_guide":11270892,"nb_sols_created":0,"nb_trashed":63834,"nodes_generated_per_sec":500625.21875,"time_searched":22.51363754272461}