{"avg_branching_factor":5.984340361264913,"nb_eval":17,"nb_expanded":2431346,"nb_generated":14550002,"nb_guide":14550003,"nb_sols_created":0,"nb_trashed":256846,"nodes_generated_per_sec":801538.0625,"time_searched":18.152603149414062}