{"avg_branching_factor":11.086768194839586,"nb_eval":14,"nb_expanded":1015810,"nb_generated":11262050,"nb_guide":11262051,"nb_sols_created":0,"nb_trashed":30881,"nodes_generated_per_sec":500029.0625,"time_searched":22.522790908813477}