{"avg_branching_factor":109.05689968873584,"nb_eval":11,"nb_expanded":1795581,"nb_generated":195820497,"nb_guide":195820500,"nb_sols_created":0,"nb_trashed":9116,"nodes_generated_per_sec":2175699.25,"time_searched":90.00347900390625}