{"avg_branching_factor":26.899421247736143,"nb_eval":28,"nb_expanded":2664698,"nb_generated":71678834,"nb_guide":71678822,"nb_sols_created":0,"nb_trashed":45568,"nodes_generated_per_sec":1591417.0,"time_searched":45.04088592529297}