{"avg_branching_factor":106.4098471052698,"nb_eval":16,"nb_expanded":1781945,"nb_generated":189616495,"nb_guide":189616493,"nb_sols_created":0,"nb_trashed":12164,"nodes_generated_per_sec":2106778.25,"time_searched":90.00305938720703}