{"avg_branching_factor":292.7978764914496,"nb_eval":4,"nb_expanded":2711456,"nb_generated":793908559,"nb_guide":793908568,"nb_sols_created":0,"nb_trashed":9052,"nodes_generated_per_sec":1764230.875,"time_searched":450.00262451171875}