{"avg_branching_factor":100.37627613561432,"nb_eval":14,"nb_expanded":3193822,"nb_generated":320583959,"nb_guide":320583960,"nb_sols_created":0,"nb_trashed":36066,"nodes_generated_per_sec":1780911.25,"time_searched":180.01119995117188}