{"avg_branching_factor":3.725199106574405,"nb_eval":28,"nb_expanded":1434031,"nb_generated":5342051,"nb_guide":5342040,"nb_sols_created":0,"nb_trashed":218254,"nodes_generated_per_sec":295396.5,"time_searched":18.084341049194336}