{"avg_branching_factor":291.5464842063794,"nb_eval":10,"nb_expanded":2731261,"nb_generated":796289542,"nb_guide":796289545,"nb_sols_created":0,"nb_trashed":11333,"nodes_generated_per_sec":1769526.0,"time_searched":450.0015869140625}