{"avg_branching_factor":34.50476947120285,"nb_eval":10,"nb_expanded":191321,"nb_generated":6601487,"nb_guide":6601489,"nb_sols_created":0,"nb_trashed":2389,"nodes_generated_per_sec":889762.0,"time_searched":7.4193854331970215}