{"avg_branching_factor":26.632631884094287,"nb_eval":20,"nb_expanded":1755841,"nb_generated":46762667,"nb_guide":46762663,"nb_sols_created":0,"nb_trashed":35605,"nodes_generated_per_sec":2074045.875,"time_searched":22.546592712402344}