{"avg_branching_factor":46.09680627490142,"nb_eval":10,"nb_expanded":488677,"nb_generated":22526449,"nb_guide":22526452,"nb_sols_created":0,"nb_trashed":4248,"nodes_generated_per_sec":1001102.3125,"time_searched":22.501644134521484}