{"avg_branching_factor":1.9723365781669278,"nb_eval":39,"nb_expanded":1275258,"nb_generated":2515238,"nb_guide":2515217,"nb_sols_created":0,"nb_trashed":406230,"nodes_generated_per_sec":276532.28125,"time_searched":9.0956392288208}