{"avg_branching_factor":3.8708213364000956,"nb_eval":15,"nb_expanded":958231,"nb_generated":3709141,"nb_guide":3709143,"nb_sols_created":0,"nb_trashed":119645,"nodes_generated_per_sec":407671.4375,"time_searched":9.098359107971191}