{"avg_branching_factor":48.722772277227726,"nb_eval":2,"nb_expanded":303,"nb_generated":14763,"nb_guide":14764,"nb_sols_created":0,"nb_trashed":3,"nodes_generated_per_sec":1111490.125,"time_searched":0.013282169587910175}