{"avg_branching_factor":16.33610334585481,"nb_eval":11,"nb_expanded":91576,"nb_generated":1495995,"nb_guide":1495996,"nb_sols_created":0,"nb_trashed":2127,"nodes_generated_per_sec":905159.75,"time_searched":1.6527414321899414}