{"avg_branching_factor":17.726783310901748,"nb_eval":4,"nb_expanded":743,"nb_generated":13171,"nb_guide":13172,"nb_sols_created":0,"nb_trashed":14,"nodes_generated_per_sec":857183.1875,"time_searched":0.01536544319242239}