{"avg_branching_factor":8.051583393668928,"nb_eval":29,"nb_expanded":3037179,"nb_generated":24454100,"nb_guide":24454089,"nb_sols_created":0,"nb_trashed":232801,"nodes_generated_per_sec":1352917.625,"time_searched":18.075084686279297}