{"avg_branching_factor":54.01937398858163,"nb_eval":12,"nb_expanded":950398,"nb_generated":51339905,"nb_guide":51339907,"nb_sols_created":0,"nb_trashed":15813,"nodes_generated_per_sec":2281576.75,"time_searched":22.50193977355957}