{"avg_branching_factor":26.03831667692835,"nb_eval":13,"nb_expanded":1703749,"nb_generated":44362756,"nb_guide":44362759,"nb_sols_created":0,"nb_trashed":32754,"nodes_generated_per_sec":1967767.0,"time_searched":22.544719696044922}