{"avg_branching_factor":15.100414203698618,"nb_eval":20,"nb_expanded":1482121,"nb_generated":22380641,"nb_guide":22380637,"nb_sols_created":0,"nb_trashed":102440,"nodes_generated_per_sec":496995.0,"time_searched":45.03192138671875}