{"avg_branching_factor":1.829921343189167,"nb_eval":24,"nb_expanded":793574,"nb_generated":1452178,"nb_guide":1452171,"nb_sols_created":0,"nb_trashed":278691,"nodes_generated_per_sec":251941.03125,"time_searched":5.763959884643555}