{"avg_branching_factor":100.04336281628052,"nb_eval":12,"nb_expanded":3181274,"nb_generated":318265349,"nb_guide":318265352,"nb_sols_created":0,"nb_trashed":43743,"nodes_generated_per_sec":1768069.5,"time_searched":180.00726318359375}