{"avg_branching_factor":1.4025014883994433,"nb_eval":14,"nb_expanded":1227829,"nb_generated":1722032,"nb_guide":1722036,"nb_sols_created":0,"nb_trashed":481047,"nodes_generated_per_sec":195803.984375,"time_searched":8.794672966003418}