{"avg_branching_factor":67.42585738580163,"nb_eval":8,"nb_expanded":1433602,"nb_generated":96661844,"nb_guide":96661849,"nb_sols_created":0,"nb_trashed":110955,"nodes_generated_per_sec":214802.65625,"time_searched":450.00299072265625}