{"avg_branching_factor":57.18758488424043,"nb_eval":11,"nb_expanded":1009463,"nb_generated":57728751,"nb_guide":57728754,"nb_sols_created":0,"nb_trashed":8426,"nodes_generated_per_sec":2565420.75,"time_searched":22.50264549255371}