{"avg_branching_factor":16.29960053262317,"nb_eval":4,"nb_expanded":751,"nb_generated":12241,"nb_guide":12242,"nb_sols_created":0,"nb_trashed":26,"nodes_generated_per_sec":797971.25,"time_searched":0.015340152196586132}