{"avg_branching_factor":5.505303900004215,"nb_eval":23,"nb_expanded":1399819,"nb_generated":7706429,"nb_guide":7706423,"nb_sols_created":0,"nb_trashed":115976,"nodes_generated_per_sec":425713.59375,"time_searched":18.102378845214844}