{"avg_branching_factor":293.76291809831395,"nb_eval":2,"nb_expanded":2704926,"nb_generated":794606955,"nb_guide":794606966,"nb_sols_created":0,"nb_trashed":12742,"nodes_generated_per_sec":1765787.75,"time_searched":450.00140380859375}