{"avg_branching_factor":1.288,"nb_eval":10,"nb_expanded":61375,"nb_generated":79051,"nb_guide":79054,"nb_sols_created":0,"nb_trashed":23700,"nodes_generated_per_sec":227806.03125,"time_searched":0.34701013565063477}