{"avg_branching_factor":7.461532256480616,"nb_eval":9,"nb_expanded":1425636,"nb_generated":10637429,"nb_guide":10637437,"nb_sols_created":0,"nb_trashed":137870,"nodes_generated_per_sec":1164320.5,"time_searched":9.13616943359375}