{"avg_branching_factor":1.5888389030803696,"nb_eval":30,"nb_expanded":712869,"nb_generated":1132634,"nb_guide":1132621,"nb_sols_created":0,"nb_trashed":251097,"nodes_generated_per_sec":239801.734375,"time_searched":4.723210334777832}