{"avg_branching_factor":24.49196638435675,"nb_eval":9,"nb_expanded":2905790,"nb_generated":71168511,"nb_guide":71168519,"nb_sols_created":0,"nb_trashed":148247,"nodes_generated_per_sec":1579722.375,"time_searched":45.05127716064453}