{"avg_branching_factor":8.81939321000626,"nb_eval":18,"nb_expanded":2231843,"nb_generated":19683501,"nb_guide":19683501,"nb_sols_created":0,"nb_trashed":144994,"nodes_generated_per_sec":1079876.625,"time_searched":18.2275447845459}