{"avg_branching_factor":27.030933252597773,"nb_eval":10,"nb_expanded":924830,"nb_generated":24999018,"nb_guide":24999023,"nb_sols_created":0,"nb_trashed":29356,"nodes_generated_per_sec":2220827.0,"time_searched":11.25662612915039}