{"avg_branching_factor":6.072373601509293,"nb_eval":18,"nb_expanded":1244556,"nb_generated":7557409,"nb_guide":7557408,"nb_sols_created":0,"nb_trashed":112826,"nodes_generated_per_sec":416796.53125,"time_searched":18.132129669189453}