{"avg_branching_factor":10.795425667090216,"nb_eval":6,"nb_expanded":3148,"nb_generated":33984,"nb_guide":33985,"nb_sols_created":0,"nb_trashed":285,"nodes_generated_per_sec":535162.1875,"time_searched":0.0635022446513176}