{"avg_branching_factor":291.3449529054016,"nb_eval":29,"nb_expanded":2719951,"nb_generated":792443996,"nb_guide":792443980,"nb_sols_created":0,"nb_trashed":4663,"nodes_generated_per_sec":1760977.875,"time_searched":450.0022277832031}