{"avg_branching_factor":7.615096327046368,"nb_eval":6,"nb_expanded":998733,"nb_generated":7605448,"nb_guide":7605458,"nb_sols_created":0,"nb_trashed":47289,"nodes_generated_per_sec":1681140.5,"time_searched":4.523981094360352}