{"avg_branching_factor":49.60105278869595,"nb_eval":12,"nb_expanded":502475,"nb_generated":24923289,"nb_guide":24923290,"nb_sols_created":0,"nb_trashed":4206,"nodes_generated_per_sec":1107623.375,"time_searched":22.501590728759766}