{"avg_branching_factor":67.01302277721861,"nb_eval":6,"nb_expanded":1245894,"nb_generated":83491123,"nb_guide":83491131,"nb_sols_created":0,"nb_trashed":47598,"nodes_generated_per_sec":542548.4375,"time_searched":153.88694763183594}