{"avg_branching_factor":1.5874241888547418,"nb_eval":19,"nb_expanded":36769,"nb_generated":58368,"nb_guide":58361,"nb_sols_created":0,"nb_trashed":12714,"nodes_generated_per_sec":306535.9375,"time_searched":0.19041161239147186}