{"avg_branching_factor":280.35010183188524,"nb_eval":4,"nb_expanded":1285943,"nb_generated":360514251,"nb_guide":360514259,"nb_sols_created":0,"nb_trashed":67544,"nodes_generated_per_sec":801141.875,"time_searched":450.00048828125}