{"avg_branching_factor":53.921923365130155,"nb_eval":8,"nb_expanded":948837,"nb_generated":51163116,"nb_guide":51163122,"nb_sols_created":0,"nb_trashed":12857,"nodes_generated_per_sec":2273756.75,"time_searched":22.501577377319336}