{"avg_branching_factor":5.806395783315137,"nb_eval":16,"nb_expanded":1283283,"nb_generated":7451249,"nb_guide":7451250,"nb_sols_created":0,"nb_trashed":111230,"nodes_generated_per_sec":411908.21875,"time_searched":18.08958625793457}