{"avg_branching_factor":9.562767298351835,"nb_eval":18,"nb_expanded":1461382,"nb_generated":13974856,"nb_guide":13974855,"nb_sols_created":0,"nb_trashed":77242,"nodes_generated_per_sec":1530258.5,"time_searched":9.132349967956543}