{"avg_branching_factor":5.293092846894855,"nb_eval":11,"nb_expanded":1068501,"nb_generated":5655675,"nb_guide":5655681,"nb_sols_created":0,"nb_trashed":88296,"nodes_generated_per_sec":1231134.125,"time_searched":4.593873977661133}