{"avg_branching_factor":2.852824321989981,"nb_eval":11,"nb_expanded":5789,"nb_generated":16515,"nb_guide":16513,"nb_sols_created":0,"nb_trashed":1570,"nodes_generated_per_sec":385833.25,"time_searched":0.04280346632003784}