{"avg_branching_factor":52.274200784073585,"nb_eval":28,"nb_expanded":3004820,"nb_generated":157074564,"nb_guide":157074551,"nb_sols_created":0,"nb_trashed":19828,"nodes_generated_per_sec":1744905.875,"time_searched":90.01892852783203}