{"avg_branching_factor":27.44775058750686,"nb_eval":5,"nb_expanded":994882,"nb_generated":27307273,"nb_guide":27307283,"nb_sols_created":0,"nb_trashed":18154,"nodes_generated_per_sec":2425335.25,"time_searched":11.259174346923828}