{"avg_branching_factor":8.346703760928726,"nb_eval":6,"nb_expanded":1071145,"nb_generated":8940530,"nb_guide":8940541,"nb_sols_created":0,"nb_trashed":65722,"nodes_generated_per_sec":1974489.0,"time_searched":4.528022289276123}