{"avg_branching_factor":27.137896485774668,"nb_eval":19,"nb_expanded":2628972,"nb_generated":71344770,"nb_guide":71344767,"nb_sols_created":0,"nb_trashed":57312,"nodes_generated_per_sec":1583794.25,"time_searched":45.0467414855957}