{"avg_branching_factor":1.972217390223901,"nb_eval":17,"nb_expanded":281687,"nb_generated":555548,"nb_guide":555546,"nb_sols_created":0,"nb_trashed":101329,"nodes_generated_per_sec":298822.46875,"time_searched":1.8591238260269165}