{"avg_branching_factor":12.796026382216432,"nb_eval":8,"nb_expanded":12281,"nb_generated":157148,"nb_guide":157148,"nb_sols_created":0,"nb_trashed":1308,"nodes_generated_per_sec":360864.875,"time_searched":0.43547603487968445}