{"avg_branching_factor":20.564942251364666,"nb_eval":15,"nb_expanded":961408,"nb_generated":19771300,"nb_guide":19771300,"nb_sols_created":0,"nb_trashed":24731,"nodes_generated_per_sec":877926.4375,"time_searched":22.52045249938965}