{"avg_branching_factor":291.2908938103218,"nb_eval":28,"nb_expanded":2743826,"nb_generated":799251528,"nb_guide":799251513,"nb_sols_created":0,"nb_trashed":4191,"nodes_generated_per_sec":1776103.125,"time_searched":450.00286865234375}