{"avg_branching_factor":102.02385454108152,"nb_eval":32,"nb_expanded":3292916,"nb_generated":335955983,"nb_guide":335955966,"nb_sols_created":0,"nb_trashed":18495,"nodes_generated_per_sec":1866237.125,"time_searched":180.01783752441406}