{"avg_branching_factor":18.77350762527233,"nb_eval":9,"nb_expanded":11475,"nb_generated":215426,"nb_guide":215426,"nb_sols_created":0,"nb_trashed":433,"nodes_generated_per_sec":2133019.75,"time_searched":0.10099577903747559}