{"avg_branching_factor":27.292850217468335,"nb_eval":10,"nb_expanded":2568190,"nb_generated":70093225,"nb_guide":70093231,"nb_sols_created":0,"nb_trashed":32757,"nodes_generated_per_sec":1556472.375,"time_searched":45.03338623046875}