{"avg_branching_factor":54.063696305007916,"nb_eval":16,"nb_expanded":1797514,"nb_generated":97180251,"nb_guide":97180250,"nb_sols_created":0,"nb_trashed":16367,"nodes_generated_per_sec":2158418.5,"time_searched":45.02382278442383}