{"avg_branching_factor":49.5200865194591,"nb_eval":25,"nb_expanded":3213150,"nb_generated":159115466,"nb_guide":159115457,"nb_sols_created":0,"nb_trashed":32742,"nodes_generated_per_sec":1767655.0,"time_searched":90.01500701904297}