{"avg_branching_factor":107.42673364089174,"nb_eval":22,"nb_expanded":1779391,"nb_generated":191154163,"nb_guide":191154155,"nb_sols_created":0,"nb_trashed":8169,"nodes_generated_per_sec":2123784.5,"time_searched":90.00637817382812}