{"avg_branching_factor":56.87678564671628,"nb_eval":18,"nb_expanded":1004258,"nb_generated":57118967,"nb_guide":57118963,"nb_sols_created":0,"nb_trashed":8173,"nodes_generated_per_sec":2538264.0,"time_searched":22.503162384033203}