{"avg_branching_factor":54.44632961818681,"nb_eval":13,"nb_expanded":2824025,"nb_generated":153757796,"nb_guide":153757798,"nb_sols_created":0,"nb_trashed":16370,"nodes_generated_per_sec":1708063.75,"time_searched":90.01876831054688}