{"avg_branching_factor":288.0900476299955,"nb_eval":22,"nb_expanded":2583666,"nb_generated":744328461,"nb_guide":744328452,"nb_sols_created":0,"nb_trashed":4073,"nodes_generated_per_sec":1654050.625,"time_searched":450.00341796875}