{"avg_branching_factor":27.118609463405992,"nb_eval":15,"nb_expanded":2608173,"nb_generated":70730025,"nb_guide":70730026,"nb_sols_created":0,"nb_trashed":32752,"nodes_generated_per_sec":1569718.875,"time_searched":45.05904006958008}