{"avg_branching_factor":49.83293831023278,"nb_eval":18,"nb_expanded":3234410,"nb_generated":161180154,"nb_guide":161180152,"nb_sols_created":0,"nb_trashed":32749,"nodes_generated_per_sec":1790443.5,"time_searched":90.02247619628906}