{"avg_branching_factor":106.72416804212799,"nb_eval":15,"nb_expanded":1762439,"nb_generated":188094836,"nb_guide":188094835,"nb_sols_created":0,"nb_trashed":8176,"nodes_generated_per_sec":2089782.75,"time_searched":90.00688171386719}