{"avg_branching_factor":25.717310017183383,"nb_eval":8,"nb_expanded":1672546,"nb_generated":43013384,"nb_guide":43013392,"nb_sols_created":0,"nb_trashed":32759,"nodes_generated_per_sec":1908211.125,"time_searched":22.541208267211914}