{"avg_branching_factor":287.1267192958616,"nb_eval":23,"nb_expanded":2553589,"nb_generated":733203632,"nb_guide":733203622,"nb_sols_created":0,"nb_trashed":4072,"nodes_generated_per_sec":1629333.25,"time_searched":450.00225830078125}