{"avg_branching_factor":106.58986074006707,"nb_eval":19,"nb_expanded":1759300,"nb_generated":187523542,"nb_guide":187523537,"nb_sols_created":0,"nb_trashed":8172,"nodes_generated_per_sec":2083474.25,"time_searched":90.00521087646484}