{"avg_branching_factor":54.43249499435283,"nb_eval":19,"nb_expanded":2825309,"nb_generated":153788618,"nb_guide":153788614,"nb_sols_created":0,"nb_trashed":16364,"nodes_generated_per_sec":1708468.5,"time_searched":90.01548767089844}