{"avg_branching_factor":25.727951264400783,"nb_eval":9,"nb_expanded":1673520,"nb_generated":43056241,"nb_guide":43056248,"nb_sols_created":0,"nb_trashed":32758,"nodes_generated_per_sec":1910185.125,"time_searched":22.54034996032715}