{"avg_branching_factor":9.926300443763221,"nb_eval":14,"nb_expanded":1388353,"nb_generated":13781209,"nb_guide":13781212,"nb_sols_created":0,"nb_trashed":65521,"nodes_generated_per_sec":1511727.75,"time_searched":9.11619758605957}