{"avg_branching_factor":25.809281012158223,"nb_eval":13,"nb_expanded":1681002,"nb_generated":43385453,"nb_guide":43385456,"nb_sols_created":0,"nb_trashed":32754,"nodes_generated_per_sec":1925501.625,"time_searched":22.532026290893555}