{"avg_branching_factor":106.26103144550684,"nb_eval":15,"nb_expanded":1751697,"nb_generated":186137130,"nb_guide":186137129,"nb_sols_created":0,"nb_trashed":8176,"nodes_generated_per_sec":2068005.125,"time_searched":90.00806427001953}