{"avg_branching_factor":9.110529964984883,"nb_eval":3,"nb_expanded":2300435,"nb_generated":20958182,"nb_guide":20958197,"nb_sols_created":0,"nb_trashed":131068,"nodes_generated_per_sec":1153571.375,"time_searched":18.1680850982666}