{"avg_branching_factor":107.55665991819937,"nb_eval":21,"nb_expanded":1782627,"nb_generated":191733406,"nb_guide":191733399,"nb_sols_created":0,"nb_trashed":8170,"nodes_generated_per_sec":2130239.0,"time_searched":90.00558471679688}