{"avg_branching_factor":288.3754853880366,"nb_eval":22,"nb_expanded":2593286,"nb_generated":747840109,"nb_guide":747840100,"nb_sols_created":0,"nb_trashed":4073,"nodes_generated_per_sec":1661855.125,"time_searched":450.0032043457031}