{"avg_branching_factor":9.907059933898863,"nb_eval":7,"nb_expanded":878351,"nb_generated":8701876,"nb_guide":8701885,"nb_sols_created":0,"nb_trashed":32760,"nodes_generated_per_sec":1916810.25,"time_searched":4.539769172668457}