{"avg_branching_factor":9.289415451069253,"nb_eval":7,"nb_expanded":2372496,"nb_generated":22039101,"nb_guide":22039112,"nb_sols_created":0,"nb_trashed":131064,"nodes_generated_per_sec":1217577.375,"time_searched":18.100780487060547}