{"avg_branching_factor":106.203694882656,"nb_eval":18,"nb_expanded":3008377,"nb_generated":319500753,"nb_guide":319500749,"nb_sols_created":0,"nb_trashed":8173,"nodes_generated_per_sec":1774907.5,"time_searched":180.0098114013672}