{"avg_branching_factor":107.5249818024881,"nb_eval":16,"nb_expanded":1781837,"nb_generated":191591991,"nb_guide":191591989,"nb_sols_created":0,"nb_trashed":8175,"nodes_generated_per_sec":2128650.5,"time_searched":90.00631713867188}