{"avg_branching_factor":288.8830294183198,"nb_eval":14,"nb_expanded":2611366,"nb_generated":754379321,"nb_guide":754379320,"nb_sols_created":0,"nb_trashed":4081,"nodes_generated_per_sec":1676384.125,"time_searched":450.0038757324219}