{"avg_branching_factor":110.47852916057045,"nb_eval":16,"nb_expanded":2824156,"nb_generated":312008601,"nb_guide":312008599,"nb_sols_created":0,"nb_trashed":8175,"nodes_generated_per_sec":1733308.125,"time_searched":180.00758361816406}