{"avg_branching_factor":27.777186528248063,"nb_eval":13,"nb_expanded":976651,"nb_generated":27128617,"nb_guide":27128619,"nb_sols_created":0,"nb_trashed":16370,"nodes_generated_per_sec":2410000.25,"time_searched":11.256686210632324}