{"avg_branching_factor":27.651177151197423,"nb_eval":14,"nb_expanded":961941,"nb_generated":26598801,"nb_guide":26598802,"nb_sols_created":0,"nb_trashed":16369,"nodes_generated_per_sec":2362946.5,"time_searched":11.256624221801758}