{"avg_branching_factor":49.524762716822366,"nb_eval":23,"nb_expanded":3213460,"nb_generated":159145844,"nb_guide":159145837,"nb_sols_created":0,"nb_trashed":32744,"nodes_generated_per_sec":1767989.625,"time_searched":90.01514434814453}