{"avg_branching_factor":27.722639827254785,"nb_eval":13,"nb_expanded":970215,"nb_generated":26896921,"nb_guide":26896923,"nb_sols_created":0,"nb_trashed":16370,"nodes_generated_per_sec":2388813.0,"time_searched":11.259533882141113}