{"avg_branching_factor":9.886107989680815,"nb_eval":6,"nb_expanded":884566,"nb_generated":8744915,"nb_guide":8744925,"nb_sols_created":0,"nb_trashed":32761,"nodes_generated_per_sec":1929236.25,"time_searched":4.532837867736816}