{"avg_branching_factor":9.03711832867394,"nb_eval":11,"nb_expanded":2272112,"nb_generated":20533345,"nb_guide":20533352,"nb_sols_created":0,"nb_trashed":131060,"nodes_generated_per_sec":1130375.375,"time_searched":18.16506576538086}