{"avg_branching_factor":56.919029900411424,"nb_eval":13,"nb_expanded":1006742,"nb_generated":57302778,"nb_guide":57302779,"nb_sols_created":0,"nb_trashed":8178,"nodes_generated_per_sec":2546528.5,"time_searched":22.502309799194336}