{"avg_branching_factor":99.70298909582667,"nb_eval":23,"nb_expanded":3250682,"nb_generated":324102712,"nb_guide":324102704,"nb_sols_created":0,"nb_trashed":16360,"nodes_generated_per_sec":1800471.875,"time_searched":180.00987243652344}