{"avg_branching_factor":9.029216576786125,"nb_eval":6,"nb_expanded":2283772,"nb_generated":20620672,"nb_guide":20620684,"nb_sols_created":0,"nb_trashed":171766,"nodes_generated_per_sec":1133823.375,"time_searched":18.186847686767578}