{"avg_branching_factor":54.12671203974531,"nb_eval":10,"nb_expanded":1801068,"nb_generated":97485889,"nb_guide":97485894,"nb_sols_created":0,"nb_trashed":16373,"nodes_generated_per_sec":2165373.5,"time_searched":45.02035903930664}