{"avg_branching_factor":26.27803301565041,"nb_eval":9,"nb_expanded":1728453,"nb_generated":45420345,"nb_guide":45420352,"nb_sols_created":0,"nb_trashed":32758,"nodes_generated_per_sec":2014257.25,"time_searched":22.54942512512207}