{"avg_branching_factor":9.909998925611676,"nb_eval":6,"nb_expanded":1377528,"nb_generated":13651301,"nb_guide":13651312,"nb_sols_created":0,"nb_trashed":65529,"nodes_generated_per_sec":1494700.625,"time_searched":9.133133888244629}