{"avg_branching_factor":9.389838760663823,"nb_eval":8,"nb_expanded":983817,"nb_generated":9237883,"nb_guide":9237891,"nb_sols_created":0,"nb_trashed":32759,"nodes_generated_per_sec":2041929.875,"time_searched":4.524094104766846}