{"avg_branching_factor":26.835585029242747,"nb_eval":18,"nb_expanded":2667841,"nb_generated":71593074,"nb_guide":71593072,"nb_sols_created":0,"nb_trashed":32749,"nodes_generated_per_sec":1589860.0,"time_searched":45.03105545043945}