{"avg_branching_factor":54.02231801924098,"nb_eval":12,"nb_expanded":1795231,"nb_generated":96982540,"nb_guide":96982543,"nb_sols_created":0,"nb_trashed":16371,"nodes_generated_per_sec":2154492.5,"time_searched":45.01409912109375}