{"avg_branching_factor":25.913899608876505,"nb_eval":13,"nb_expanded":1691026,"nb_generated":43821078,"nb_guide":43821081,"nb_sols_created":0,"nb_trashed":32754,"nodes_generated_per_sec":1943024.5,"time_searched":22.553024291992188}