{"avg_branching_factor":9.935209097878792,"nb_eval":6,"nb_expanded":1394347,"nb_generated":13853129,"nb_guide":13853140,"nb_sols_created":0,"nb_trashed":65529,"nodes_generated_per_sec":1520608.0,"time_searched":9.11025619506836}