{"avg_branching_factor":56.616809637716884,"nb_eval":12,"nb_expanded":989944,"nb_generated":56047471,"nb_guide":56047473,"nb_sols_created":0,"nb_trashed":8179,"nodes_generated_per_sec":2490675.25,"time_searched":22.50292205810547}