{"avg_branching_factor":99.8848090678127,"nb_eval":16,"nb_expanded":3256706,"nb_generated":325295457,"nb_guide":325295456,"nb_sols_created":0,"nb_trashed":16367,"nodes_generated_per_sec":1807122.25,"time_searched":180.0074462890625}