{"avg_branching_factor":10.011969273272463,"nb_eval":8,"nb_expanded":1484050,"nb_generated":14858263,"nb_guide":14858272,"nb_sols_created":0,"nb_trashed":65527,"nodes_generated_per_sec":1631097.875,"time_searched":9.109363555908203}