{"avg_branching_factor":49.59512818409389,"nb_eval":34,"nb_expanded":3218184,"nb_generated":159606248,"nb_guide":159606230,"nb_sols_created":0,"nb_trashed":32733,"nodes_generated_per_sec":1772836.25,"time_searched":90.02875518798828}