{"avg_branching_factor":27.17041821199832,"nb_eval":10,"nb_expanded":2596530,"nb_generated":70548806,"nb_guide":70548812,"nb_sols_created":0,"nb_trashed":32757,"nodes_generated_per_sec":1566347.875,"time_searched":45.04031753540039}