{"avg_branching_factor":27.31484824291747,"nb_eval":21,"nb_expanded":2562714,"nb_generated":70000144,"nb_guide":70000139,"nb_sols_created":0,"nb_trashed":32746,"nodes_generated_per_sec":1553935.25,"time_searched":45.04701614379883}