{"avg_branching_factor":26.19775864234575,"nb_eval":18,"nb_expanded":1719672,"nb_generated":45051552,"nb_guide":45051550,"nb_sols_created":0,"nb_trashed":32749,"nodes_generated_per_sec":1997655.875,"time_searched":22.552207946777344}