{"avg_branching_factor":27.77275986911526,"nb_eval":9,"nb_expanded":976126,"nb_generated":27109713,"nb_guide":27109719,"nb_sols_created":0,"nb_trashed":16374,"nodes_generated_per_sec":2408389.5,"time_searched":11.256364822387695}