{"avg_branching_factor":25.945506917882607,"nb_eval":13,"nb_expanded":1694160,"nb_generated":43955840,"nb_guide":43955843,"nb_sols_created":0,"nb_trashed":32754,"nodes_generated_per_sec":1949413.5,"time_searched":22.54823875427246}