{"avg_branching_factor":288.3071831678468,"nb_eval":16,"nb_expanded":2590946,"nb_generated":746988343,"nb_guide":746988340,"nb_sols_created":0,"nb_trashed":4079,"nodes_generated_per_sec":1659959.0,"time_searched":450.00408935546875}