{"avg_branching_factor":9.982718743283275,"nb_eval":10,"nb_expanded":856072,"nb_generated":8545926,"nb_guide":8545932,"nb_sols_created":0,"nb_trashed":32757,"nodes_generated_per_sec":1882137.375,"time_searched":4.540543079376221}