{"avg_branching_factor":52.889993560248875,"nb_eval":12,"nb_expanded":2956636,"nb_generated":156376459,"nb_guide":156376462,"nb_sols_created":0,"nb_trashed":16371,"nodes_generated_per_sec":1737205.875,"time_searched":90.01608276367188}