{"avg_branching_factor":52.546457459313125,"nb_eval":18,"nb_expanded":2983579,"nb_generated":156776507,"nb_guide":156776504,"nb_sols_created":0,"nb_trashed":16365,"nodes_generated_per_sec":1741543.5,"time_searched":90.02159118652344}