{"avg_branching_factor":52.78751492542348,"nb_eval":22,"nb_expanded":2964740,"nb_generated":156501257,"nb_guide":156501250,"nb_sols_created":0,"nb_trashed":16361,"nodes_generated_per_sec":1738456.25,"time_searched":90.02312469482422}