{"avg_branching_factor":9.849897619209004,"nb_eval":6,"nb_expanded":1342537,"nb_generated":13223852,"nb_guide":13223863,"nb_sols_created":0,"nb_trashed":65529,"nodes_generated_per_sec":1453879.5,"time_searched":9.095562934875488}