{"avg_branching_factor":8.911219174538674,"nb_eval":6,"nb_expanded":2230583,"nb_generated":19877214,"nb_guide":19877226,"nb_sols_created":0,"nb_trashed":132454,"nodes_generated_per_sec":1097829.25,"time_searched":18.105924606323242}