{"avg_branching_factor":26.763019278775076,"nb_eval":19,"nb_expanded":2681965,"nb_generated":71777481,"nb_guide":71777478,"nb_sols_created":0,"nb_trashed":32748,"nodes_generated_per_sec":1593205.25,"time_searched":45.052249908447266}