{"avg_branching_factor":26.22816351593859,"nb_eval":5,"nb_expanded":1722988,"nb_generated":45190811,"nb_guide":45190822,"nb_sols_created":0,"nb_trashed":32762,"nodes_generated_per_sec":2003849.75,"time_searched":22.5519962310791}