{"avg_branching_factor":26.467274655773558,"nb_eval":20,"nb_expanded":2737878,"nb_generated":72464169,"nb_guide":72464165,"nb_sols_created":0,"nb_trashed":32747,"nodes_generated_per_sec":1608441.25,"time_searched":45.05241775512695}