{"avg_branching_factor":100.08969958370334,"nb_eval":11,"nb_expanded":3263538,"nb_generated":326646538,"nb_guide":326646542,"nb_sols_created":0,"nb_trashed":16372,"nodes_generated_per_sec":1814573.125,"time_searched":180.01287841796875}