{"avg_branching_factor":25.979084560725113,"nb_eval":15,"nb_expanded":1697502,"nb_generated":44099548,"nb_guide":44099549,"nb_sols_created":0,"nb_trashed":32752,"nodes_generated_per_sec":1956084.0,"time_searched":22.54481315612793}