{"avg_branching_factor":287.75777963041776,"nb_eval":32,"nb_expanded":2572905,"nb_generated":740373430,"nb_guide":740373411,"nb_sols_created":0,"nb_trashed":4063,"nodes_generated_per_sec":1645265.0,"time_searched":450.0025329589844}