{"avg_branching_factor":9.094111303251601,"nb_eval":7,"nb_expanded":2294039,"nb_generated":20862246,"nb_guide":20862257,"nb_sols_created":0,"nb_trashed":131064,"nodes_generated_per_sec":1146257.375,"time_searched":18.200315475463867}