{"avg_branching_factor":9.083004000903163,"nb_eval":5,"nb_expanded":2289733,"nb_generated":20797654,"nb_guide":20797667,"nb_sols_created":0,"nb_trashed":131066,"nodes_generated_per_sec":1142360.75,"time_searched":18.205854415893555}