{"avg_branching_factor":49.87386580889338,"nb_eval":17,"nb_expanded":3237219,"nb_generated":161452626,"nb_guide":161452625,"nb_sols_created":0,"nb_trashed":32750,"nodes_generated_per_sec":1793529.0,"time_searched":90.01952362060547}