{"avg_branching_factor":54.138144011757696,"nb_eval":17,"nb_expanded":1801714,"nb_generated":97541452,"nb_guide":97541450,"nb_sols_created":0,"nb_trashed":16366,"nodes_generated_per_sec":2166691.25,"time_searched":45.01862335205078}