{"avg_branching_factor":107.69450016880609,"nb_eval":20,"nb_expanded":1786073,"nb_generated":192350239,"nb_guide":192350233,"nb_sols_created":0,"nb_trashed":8171,"nodes_generated_per_sec":2137138.75,"time_searched":90.00363159179688}