{"avg_branching_factor":54.288438135442945,"nb_eval":19,"nb_expanded":1810253,"nb_generated":98275808,"nb_guide":98275804,"nb_sols_created":0,"nb_trashed":16364,"nodes_generated_per_sec":2183287.25,"time_searched":45.01277160644531}