{"avg_branching_factor":53.91945906711316,"nb_eval":12,"nb_expanded":1789649,"nb_generated":96496906,"nb_guide":96496909,"nb_sols_created":0,"nb_trashed":16371,"nodes_generated_per_sec":2143405.5,"time_searched":45.02036666870117}