{"avg_branching_factor":56.879931464503215,"nb_eval":10,"nb_expanded":1004443,"nb_generated":57132649,"nb_guide":57132653,"nb_sols_created":0,"nb_trashed":8181,"nodes_generated_per_sec":2538902.5,"time_searched":22.502891540527344}