{"avg_branching_factor":9.93056424299531,"nb_eval":15,"nb_expanded":871309,"nb_generated":8652590,"nb_guide":8652591,"nb_sols_created":0,"nb_trashed":32752,"nodes_generated_per_sec":1908223.0,"time_searched":4.534370422363281}