{"avg_branching_factor":107.80061212669868,"nb_eval":22,"nb_expanded":2943835,"nb_generated":317347215,"nb_guide":317347207,"nb_sols_created":0,"nb_trashed":8169,"nodes_generated_per_sec":1762954.125,"time_searched":180.00877380371094}