{"avg_branching_factor":10.005735254433421,"nb_eval":10,"nb_expanded":848611,"nb_generated":8490977,"nb_guide":8490983,"nb_sols_created":0,"nb_trashed":32757,"nodes_generated_per_sec":1873354.125,"time_searched":4.53249979019165}