{"avg_branching_factor":107.79720585842784,"nb_eval":19,"nb_expanded":1788671,"nb_generated":192813736,"nb_guide":192813731,"nb_sols_created":0,"nb_trashed":8172,"nodes_generated_per_sec":2142258.25,"time_searched":90.00489044189453}