{"avg_branching_factor":9.909100350343081,"nb_eval":6,"nb_expanded":1376936,"nb_generated":13644197,"nb_guide":13644208,"nb_sols_created":0,"nb_trashed":65529,"nodes_generated_per_sec":1494647.125,"time_searched":9.128707885742188}