{"avg_branching_factor":27.80953978325348,"nb_eval":12,"nb_expanded":980777,"nb_generated":27274957,"nb_guide":27274960,"nb_sols_created":0,"nb_trashed":16371,"nodes_generated_per_sec":2422185.75,"time_searched":11.260472297668457}