{"avg_branching_factor":27.72341714881697,"nb_eval":14,"nb_expanded":970306,"nb_generated":26900198,"nb_guide":26900199,"nb_sols_created":0,"nb_trashed":16369,"nodes_generated_per_sec":2388953.0,"time_searched":11.260245323181152}