{"avg_branching_factor":27.79933243889539,"nb_eval":17,"nb_expanded":979386,"nb_generated":27226277,"nb_guide":27226275,"nb_sols_created":0,"nb_trashed":16366,"nodes_generated_per_sec":2417597.75,"time_searched":11.261706352233887}