{"avg_branching_factor":287.3260063800402,"nb_eval":16,"nb_expanded":2559545,"nb_generated":735423843,"nb_guide":735423840,"nb_sols_created":0,"nb_trashed":4079,"nodes_generated_per_sec":1634256.375,"time_searched":450.0052185058594}