{"avg_branching_factor":51.44384939007108,"nb_eval":11,"nb_expanded":3066013,"nb_generated":157727511,"nb_guide":157727515,"nb_sols_created":0,"nb_trashed":16372,"nodes_generated_per_sec":1752136.125,"time_searched":90.0201187133789}