{"avg_branching_factor":9.068379619515369,"nb_eval":9,"nb_expanded":2284087,"nb_generated":20712968,"nb_guide":20712977,"nb_sols_created":0,"nb_trashed":131062,"nodes_generated_per_sec":1138408.875,"time_searched":18.194664001464844}