{"avg_branching_factor":27.70699123488203,"nb_eval":15,"nb_expanded":968384,"nb_generated":26831007,"nb_guide":26831007,"nb_sols_created":0,"nb_trashed":16368,"nodes_generated_per_sec":2382619.0,"time_searched":11.261140823364258}