{"avg_branching_factor":107.71369855039366,"nb_eval":21,"nb_expanded":1786554,"nb_generated":192436339,"nb_guide":192436332,"nb_sols_created":0,"nb_trashed":8170,"nodes_generated_per_sec":2138097.5,"time_searched":90.0035400390625}