{"avg_branching_factor":25.94071326174186,"nb_eval":12,"nb_expanded":1693684,"nb_generated":43935371,"nb_guide":43935375,"nb_sols_created":0,"nb_trashed":32755,"nodes_generated_per_sec":1948639.25,"time_searched":22.546693801879883}