{"avg_branching_factor":9.927420455079606,"nb_eval":10,"nb_expanded":872243,"nb_generated":8659123,"nb_guide":8659129,"nb_sols_created":0,"nb_trashed":32757,"nodes_generated_per_sec":1910868.875,"time_searched":4.531510829925537}