{"avg_branching_factor":27.65078386526666,"nb_eval":19,"nb_expanded":961900,"nb_generated":26597289,"nb_guide":26597285,"nb_sols_created":0,"nb_trashed":16364,"nodes_generated_per_sec":2362766.25,"time_searched":11.256842613220215}