{"avg_branching_factor":52.817719719197996,"nb_eval":19,"nb_expanded":2962372,"nb_generated":156465734,"nb_guide":156465730,"nb_sols_created":0,"nb_trashed":16364,"nodes_generated_per_sec":1738069.875,"time_searched":90.02268981933594}