{"avg_branching_factor":9.972111192071942,"nb_eval":6,"nb_expanded":859126,"nb_generated":8567300,"nb_guide":8567310,"nb_sols_created":0,"nb_trashed":32761,"nodes_generated_per_sec":1881462.75,"time_searched":4.553531646728516}