{"avg_branching_factor":53.8607039781111,"nb_eval":12,"nb_expanded":1786476,"nb_generated":96220855,"nb_guide":96220858,"nb_sols_created":0,"nb_trashed":16371,"nodes_generated_per_sec":2137285.25,"time_searched":45.02012634277344}