{"avg_branching_factor":54.116502109702296,"nb_eval":18,"nb_expanded":1800491,"nb_generated":97436275,"nb_guide":97436272,"nb_sols_created":0,"nb_trashed":16365,"nodes_generated_per_sec":2164322.25,"time_searched":45.0192985534668}