{"avg_branching_factor":106.99301745776893,"nb_eval":15,"nb_expanded":1768840,"nb_generated":189253529,"nb_guide":189253528,"nb_sols_created":0,"nb_trashed":8176,"nodes_generated_per_sec":2102724.0,"time_searched":90.00398254394531}