{"avg_branching_factor":57.07838674650447,"nb_eval":11,"nb_expanded":1016728,"nb_generated":58033194,"nb_guide":58033197,"nb_sols_created":0,"nb_trashed":8180,"nodes_generated_per_sec":2578835.5,"time_searched":22.503643035888672}