{"avg_branching_factor":108.26207629277594,"nb_eval":18,"nb_expanded":2924366,"nb_generated":316597935,"nb_guide":316597931,"nb_sols_created":0,"nb_trashed":8173,"nodes_generated_per_sec":1758817.25,"time_searched":180.0061492919922}