{"avg_branching_factor":54.07128209435126,"nb_eval":18,"nb_expanded":1797941,"nb_generated":97216975,"nb_guide":97216972,"nb_sols_created":0,"nb_trashed":16365,"nodes_generated_per_sec":2159344.75,"time_searched":45.02151870727539}