{"avg_branching_factor":9.916223352281857,"nb_eval":16,"nb_expanded":1381638,"nb_generated":13700631,"nb_guide":13700632,"nb_sols_created":0,"nb_trashed":65519,"nodes_generated_per_sec":1501796.875,"time_searched":9.122825622558594}