{"avg_branching_factor":287.01672705029875,"nb_eval":17,"nb_expanded":2550360,"nb_generated":731995980,"nb_guide":731995976,"nb_sols_created":0,"nb_trashed":4078,"nodes_generated_per_sec":1626645.0,"time_searched":450.0035095214844}