{"avg_branching_factor":56.758193693264694,"nb_eval":17,"nb_expanded":997505,"nb_generated":56616582,"nb_guide":56616579,"nb_sols_created":0,"nb_trashed":8174,"nodes_generated_per_sec":2515954.25,"time_searched":22.50302505493164}