{"avg_branching_factor":288.29813285303965,"nb_eval":20,"nb_expanded":2590637,"nb_generated":746875810,"nb_guide":746875803,"nb_sols_created":0,"nb_trashed":4075,"nodes_generated_per_sec":1659716.125,"time_searched":450.0021667480469}