{"avg_branching_factor":107.64754951591631,"nb_eval":21,"nb_expanded":2950213,"nb_generated":317583200,"nb_guide":317583193,"nb_sols_created":0,"nb_trashed":8170,"nodes_generated_per_sec":1764304.25,"time_searched":180.00477600097656}