{"avg_branching_factor":107.67393442274067,"nb_eval":21,"nb_expanded":1785558,"nb_generated":192258055,"nb_guide":192258048,"nb_sols_created":0,"nb_trashed":8170,"nodes_generated_per_sec":2136095.5,"time_searched":90.00442504882812}