{"avg_branching_factor":9.336943088574625,"nb_eval":10,"nb_expanded":2392683,"nb_generated":22340345,"nb_guide":22340353,"nb_sols_created":0,"nb_trashed":131061,"nodes_generated_per_sec":1233103.125,"time_searched":18.11717414855957}