{"avg_branching_factor":288.1381438322305,"nb_eval":19,"nb_expanded":2585262,"nb_generated":744912594,"nb_guide":744912588,"nb_sols_created":0,"nb_trashed":4076,"nodes_generated_per_sec":1655351.125,"time_searched":450.00274658203125}