{"avg_branching_factor":9.387610496546666,"nb_eval":9,"nb_expanded":2418967,"nb_generated":22708320,"nb_guide":22708329,"nb_sols_created":0,"nb_trashed":131062,"nodes_generated_per_sec":1248594.25,"time_searched":18.187108993530273}