{"avg_branching_factor":51.457795841182694,"nb_eval":16,"nb_expanded":3065006,"nb_generated":157718453,"nb_guide":157718452,"nb_sols_created":0,"nb_trashed":16367,"nodes_generated_per_sec":1752049.375,"time_searched":90.0194091796875}