{"avg_branching_factor":27.782460057424807,"nb_eval":11,"nb_expanded":977278,"nb_generated":27151187,"nb_guide":27151191,"nb_sols_created":0,"nb_trashed":16372,"nodes_generated_per_sec":2412015.75,"time_searched":11.256637573242188}