{"avg_branching_factor":27.327915416896694,"nb_eval":15,"nb_expanded":2559471,"nb_generated":69945007,"nb_guide":69945008,"nb_sols_created":0,"nb_trashed":32752,"nodes_generated_per_sec":1552662.75,"time_searched":45.048423767089844}