{"avg_branching_factor":10.004163730168205,"nb_eval":8,"nb_expanded":1557978,"nb_generated":15586267,"nb_guide":15586276,"nb_sols_created":0,"nb_trashed":65527,"nodes_generated_per_sec":1706711.0,"time_searched":9.132341384887695}