{"avg_branching_factor":9.098518916677412,"nb_eval":9,"nb_expanded":2295752,"nb_generated":20887943,"nb_guide":20887952,"nb_sols_created":0,"nb_trashed":131062,"nodes_generated_per_sec":1149742.625,"time_searched":18.167495727539062}