{"avg_branching_factor":25.87357176220656,"nb_eval":15,"nb_expanded":1687044,"nb_generated":43649854,"nb_guide":43649855,"nb_sols_created":0,"nb_trashed":32752,"nodes_generated_per_sec":1934789.0,"time_searched":22.56052589416504}