{"avg_branching_factor":9.952150220609314,"nb_eval":12,"nb_expanded":1405879,"nb_generated":13991519,"nb_guide":13991524,"nb_sols_created":0,"nb_trashed":65523,"nodes_generated_per_sec":1537789.875,"time_searched":9.098459243774414}