{"avg_branching_factor":57.000217445235926,"nb_eval":20,"nb_expanded":1011749,"nb_generated":57669913,"nb_guide":57669907,"nb_sols_created":0,"nb_trashed":8171,"nodes_generated_per_sec":2562756.5,"time_searched":22.50307846069336}