{"avg_branching_factor":25.998603666713546,"nb_eval":13,"nb_expanded":1699451,"nb_generated":44183353,"nb_guide":44183356,"nb_sols_created":0,"nb_trashed":32754,"nodes_generated_per_sec":1959787.25,"time_searched":22.544973373413086}