{"avg_branching_factor":27.30309431926652,"nb_eval":15,"nb_expanded":2565637,"nb_generated":70049829,"nb_guide":70049830,"nb_sols_created":0,"nb_trashed":32752,"nodes_generated_per_sec":1555425.5,"time_searched":45.03580093383789}