{"avg_branching_factor":56.958890860859164,"nb_eval":11,"nb_expanded":1009143,"nb_generated":57479666,"nb_guide":57479669,"nb_sols_created":0,"nb_trashed":8180,"nodes_generated_per_sec":2554165.25,"time_searched":22.50428581237793}