{"avg_branching_factor":27.71794559765032,"nb_eval":22,"nb_expanded":969664,"nb_generated":26877094,"nb_guide":26877087,"nb_sols_created":0,"nb_trashed":16361,"nodes_generated_per_sec":2386841.5,"time_searched":11.260527610778809}