{"avg_branching_factor":8.934485145934948,"nb_eval":3,"nb_expanded":2237401,"nb_generated":19990026,"nb_guide":19990041,"nb_sols_created":0,"nb_trashed":131068,"nodes_generated_per_sec":1104575.0,"time_searched":18.097482681274414}