{"avg_branching_factor":100.61879934310268,"nb_eval":17,"nb_expanded":3281487,"nb_generated":330179282,"nb_guide":330179280,"nb_sols_created":0,"nb_trashed":16366,"nodes_generated_per_sec":1834194.125,"time_searched":180.01327514648438}