{"avg_branching_factor":9.997119656579184,"nb_eval":7,"nb_expanded":1459201,"nb_generated":14587807,"nb_guide":14587817,"nb_sols_created":0,"nb_trashed":65528,"nodes_generated_per_sec":1602651.75,"time_searched":9.102293968200684}