{"avg_branching_factor":288.05903266350145,"nb_eval":13,"nb_expanded":2582638,"nb_generated":743952204,"nb_guide":743952204,"nb_sols_created":0,"nb_trashed":4082,"nodes_generated_per_sec":1653213.125,"time_searched":450.0038146972656}