{"avg_branching_factor":288.27301799490226,"nb_eval":21,"nb_expanded":2589789,"nb_generated":746566291,"nb_guide":746566283,"nb_sols_created":0,"nb_trashed":4074,"nodes_generated_per_sec":1659028.875,"time_searched":450.0019836425781}