{"avg_branching_factor":54.15733747503883,"nb_eval":17,"nb_expanded":1802800,"nb_generated":97634848,"nb_guide":97634846,"nb_sols_created":0,"nb_trashed":16366,"nodes_generated_per_sec":2168778.5,"time_searched":45.01836013793945}