{"avg_branching_factor":99.71861836276697,"nb_eval":22,"nb_expanded":3239490,"nb_generated":323037467,"nb_guide":323037459,"nb_sols_created":0,"nb_trashed":10548,"nodes_generated_per_sec":1794621.125,"time_searched":180.00315856933594}