{"avg_branching_factor":52.94880671289631,"nb_eval":20,"nb_expanded":2951930,"nb_generated":156301171,"nb_guide":156301166,"nb_sols_created":0,"nb_trashed":16363,"nodes_generated_per_sec":1736307.375,"time_searched":90.01929473876953}