{"avg_branching_factor":9.020100227484788,"nb_eval":10,"nb_expanded":2265646,"nb_generated":20436354,"nb_guide":20436362,"nb_sols_created":0,"nb_trashed":131061,"nodes_generated_per_sec":1126213.5,"time_searched":18.146074295043945}