{"avg_branching_factor":9.992308945318863,"nb_eval":12,"nb_expanded":853329,"nb_generated":8526727,"nb_guide":8526731,"nb_sols_created":0,"nb_trashed":32755,"nodes_generated_per_sec":1882449.625,"time_searched":4.529591083526611}