{"avg_branching_factor":56.89228268309377,"nb_eval":13,"nb_expanded":1005168,"nb_generated":57186302,"nb_guide":57186303,"nb_sols_created":0,"nb_trashed":8178,"nodes_generated_per_sec":2541280.25,"time_searched":22.50295066833496}