{"avg_branching_factor":27.641202769024556,"nb_eval":12,"nb_expanded":960916,"nb_generated":26560874,"nb_guide":26560877,"nb_sols_created":0,"nb_trashed":16371,"nodes_generated_per_sec":2359482.5,"time_searched":11.257076263427734}