{"avg_branching_factor":27.69999524581218,"nb_eval":13,"nb_expanded":967568,"nb_generated":26801629,"nb_guide":26801631,"nb_sols_created":0,"nb_trashed":16370,"nodes_generated_per_sec":2380264.25,"time_searched":11.25993824005127}