{"avg_branching_factor":25.87493739549864,"nb_eval":7,"nb_expanded":1687179,"nb_generated":43655651,"nb_guide":43655660,"nb_sols_created":0,"nb_trashed":32760,"nodes_generated_per_sec":1936184.875,"time_searched":22.54725456237793}