{"avg_branching_factor":27.06407800415502,"nb_eval":23,"nb_expanded":2619963,"nb_generated":70906883,"nb_guide":70906876,"nb_sols_created":0,"nb_trashed":32744,"nodes_generated_per_sec":1574006.25,"time_searched":45.04866409301758}