{"avg_branching_factor":107.77726471244512,"nb_eval":24,"nb_expanded":1788163,"nb_generated":192723317,"nb_guide":192723307,"nb_sols_created":0,"nb_trashed":8167,"nodes_generated_per_sec":2141254.25,"time_searched":90.00486755371094}