{"avg_branching_factor":27.798693965077096,"nb_eval":11,"nb_expanded":979300,"nb_generated":27223261,"nb_guide":27223265,"nb_sols_created":0,"nb_trashed":16372,"nodes_generated_per_sec":2417251.25,"time_searched":11.262073516845703}