{"avg_branching_factor":9.938525594771603,"nb_eval":11,"nb_expanded":868947,"nb_generated":8636052,"nb_guide":8636057,"nb_sols_created":0,"nb_trashed":32756,"nodes_generated_per_sec":1900964.5,"time_searched":4.542984485626221}