{"avg_branching_factor":27.733829596264854,"nb_eval":16,"nb_expanded":971528,"nb_generated":26944192,"nb_guide":26944191,"nb_sols_created":0,"nb_trashed":16367,"nodes_generated_per_sec":2392854.75,"time_searched":11.260270118713379}