{"avg_branching_factor":54.23916965661473,"nb_eval":15,"nb_expanded":1807445,"nb_generated":98034316,"nb_guide":98034316,"nb_sols_created":0,"nb_trashed":16368,"nodes_generated_per_sec":2177840.0,"time_searched":45.01447296142578}