{"avg_branching_factor":9.964957171918803,"nb_eval":13,"nb_expanded":1414726,"nb_generated":14097684,"nb_guide":14097688,"nb_sols_created":0,"nb_trashed":65522,"nodes_generated_per_sec":1551482.25,"time_searched":9.086590766906738}