{"avg_branching_factor":9.937094605397707,"nb_eval":7,"nb_expanded":869369,"nb_generated":8639002,"nb_guide":8639011,"nb_sols_created":0,"nb_trashed":32760,"nodes_generated_per_sec":1902601.75,"time_searched":4.54062557220459}