{"avg_branching_factor":27.74469447691063,"nb_eval":13,"nb_expanded":972807,"nb_generated":26990233,"nb_guide":26990235,"nb_sols_created":0,"nb_trashed":16370,"nodes_generated_per_sec":2397268.0,"time_searched":11.258746147155762}