{"avg_branching_factor":9.711282156163026,"nb_eval":5,"nb_expanded":1285951,"nb_generated":12488233,"nb_guide":12488245,"nb_sols_created":0,"nb_trashed":65530,"nodes_generated_per_sec":1371605.75,"time_searched":9.104826927185059}