{"avg_branching_factor":287.62649624022686,"nb_eval":15,"nb_expanded":2568772,"nb_generated":738846890,"nb_guide":738846888,"nb_sols_created":0,"nb_trashed":4080,"nodes_generated_per_sec":1641872.625,"time_searched":450.0025634765625}