{"avg_branching_factor":9.258129737327804,"nb_eval":5,"nb_expanded":1004522,"nb_generated":9299995,"nb_guide":9300006,"nb_sols_created":0,"nb_trashed":32762,"nodes_generated_per_sec":2050937.5,"time_searched":4.534509181976318}