{"avg_branching_factor":9.352392895433283,"nb_eval":12,"nb_expanded":989617,"nb_generated":9255287,"nb_guide":9255291,"nb_sols_created":0,"nb_trashed":32755,"nodes_generated_per_sec":2041302.5,"time_searched":4.534010410308838}