{"avg_branching_factor":9.952242086283603,"nb_eval":6,"nb_expanded":1405945,"nb_generated":13992305,"nb_guide":13992316,"nb_sols_created":0,"nb_trashed":65529,"nodes_generated_per_sec":1538511.0,"time_searched":9.094705581665039}