{"avg_branching_factor":106.1681687787938,"nb_eval":20,"nb_expanded":3009762,"nb_generated":319540920,"nb_guide":319540914,"nb_sols_created":0,"nb_trashed":8171,"nodes_generated_per_sec":1775121.5,"time_searched":180.0107421875}