{"avg_branching_factor":9.531099769955764,"nb_eval":7,"nb_expanded":958946,"nb_generated":9139810,"nb_guide":9139819,"nb_sols_created":0,"nb_trashed":32760,"nodes_generated_per_sec":2013878.375,"time_searched":4.538412094116211}