{"avg_branching_factor":56.98026500041069,"nb_eval":18,"nb_expanded":1010489,"nb_generated":57577931,"nb_guide":57577927,"nb_sols_created":0,"nb_trashed":8173,"nodes_generated_per_sec":2558645.5,"time_searched":22.503286361694336}