{"avg_branching_factor":56.64659237271639,"nb_eval":20,"nb_expanded":991467,"nb_generated":56163227,"nb_guide":56163221,"nb_sols_created":0,"nb_trashed":8171,"nodes_generated_per_sec":2495878.5,"time_searched":22.50238800048828}