{"avg_branching_factor":27.137170030996273,"nb_eval":9,"nb_expanded":2604184,"nb_generated":70670184,"nb_guide":70670191,"nb_sols_created":0,"nb_trashed":32758,"nodes_generated_per_sec":1569027.375,"time_searched":45.0407600402832}