{"avg_branching_factor":104.05281652418684,"nb_eval":19,"nb_expanded":3089677,"nb_generated":321489594,"nb_guide":321489589,"nb_sols_created":0,"nb_trashed":8172,"nodes_generated_per_sec":1786000.75,"time_searched":180.0052947998047}