{"avg_branching_factor":52.547310502752964,"nb_eval":19,"nb_expanded":2983513,"nb_generated":156775584,"nb_guide":156775580,"nb_sols_created":0,"nb_trashed":16364,"nodes_generated_per_sec":1741563.75,"time_searched":90.02001190185547}