{"avg_branching_factor":107.67086124131256,"nb_eval":26,"nb_expanded":1785481,"nb_generated":192244277,"nb_guide":192244265,"nb_sols_created":0,"nb_trashed":8165,"nodes_generated_per_sec":2135951.0,"time_searched":90.00406646728516}