{"avg_branching_factor":56.97532811049142,"nb_eval":13,"nb_expanded":1010178,"nb_generated":57555223,"nb_guide":57555224,"nb_sols_created":0,"nb_trashed":8178,"nodes_generated_per_sec":2557580.0,"time_searched":22.503782272338867}