{"avg_branching_factor":288.49205277895743,"nb_eval":18,"nb_expanded":2597323,"nb_generated":749307044,"nb_guide":749307039,"nb_sols_created":0,"nb_trashed":4077,"nodes_generated_per_sec":1665115.75,"time_searched":450.00299072265625}