{"avg_branching_factor":27.72763419073528,"nb_eval":11,"nb_expanded":970801,"nb_generated":26918015,"nb_guide":26918019,"nb_sols_created":0,"nb_trashed":16372,"nodes_generated_per_sec":2390701.25,"time_searched":11.259464263916016}