{"avg_branching_factor":53.99652530788905,"nb_eval":12,"nb_expanded":1793828,"nb_generated":96860479,"nb_guide":96860482,"nb_sols_created":0,"nb_trashed":16371,"nodes_generated_per_sec":2151785.25,"time_searched":45.014007568359375}