{"avg_branching_factor":25.734532647840094,"nb_eval":9,"nb_expanded":1674123,"nb_generated":43082773,"nb_guide":43082780,"nb_sols_created":0,"nb_trashed":32758,"nodes_generated_per_sec":1911588.625,"time_searched":22.53767967224121}