{"avg_branching_factor":53.95013537578644,"nb_eval":16,"nb_expanded":1791310,"nb_generated":96641417,"nb_guide":96641416,"nb_sols_created":0,"nb_trashed":16367,"nodes_generated_per_sec":2146827.5,"time_searched":45.01591873168945}