{"avg_branching_factor":287.6005131695874,"nb_eval":14,"nb_expanded":2567962,"nb_generated":738547189,"nb_guide":738547188,"nb_sols_created":0,"nb_trashed":4081,"nodes_generated_per_sec":1641205.5,"time_searched":450.00286865234375}