{"avg_branching_factor":9.90288035208431,"nb_eval":4,"nb_expanded":1372853,"nb_generated":13595199,"nb_guide":13595212,"nb_sols_created":0,"nb_trashed":65531,"nodes_generated_per_sec":1487404.875,"time_searched":9.140213966369629}