{"avg_branching_factor":54.27871556469643,"nb_eval":24,"nb_expanded":1809698,"nb_generated":98228083,"nb_guide":98228074,"nb_sols_created":0,"nb_trashed":16359,"nodes_generated_per_sec":2182229.75,"time_searched":45.01271438598633}