{"avg_branching_factor":26.761688434672124,"nb_eval":14,"nb_expanded":2682224,"nb_generated":71780843,"nb_guide":71780845,"nb_sols_created":0,"nb_trashed":32753,"nodes_generated_per_sec":1593503.0,"time_searched":45.04594039916992}