{"avg_branching_factor":101.20027441851425,"nb_eval":23,"nb_expanded":3190018,"nb_generated":322830697,"nb_guide":322830688,"nb_sols_created":0,"nb_trashed":8168,"nodes_generated_per_sec":1793415.25,"time_searched":180.00889587402344}