{"avg_branching_factor":288.5364058225306,"nb_eval":22,"nb_expanded":2598870,"nb_generated":749868609,"nb_guide":749868600,"nb_sols_created":0,"nb_trashed":4073,"nodes_generated_per_sec":1666367.875,"time_searched":450.0018310546875}