{"avg_branching_factor":27.446310093797237,"nb_eval":22,"nb_expanded":2529712,"nb_generated":69431260,"nb_guide":69431254,"nb_sols_created":0,"nb_trashed":32745,"nodes_generated_per_sec":1541444.125,"time_searched":45.042999267578125}