{"avg_branching_factor":56.907337883789424,"nb_eval":19,"nb_expanded":1006053,"nb_generated":57251798,"nb_guide":57251793,"nb_sols_created":0,"nb_trashed":8172,"nodes_generated_per_sec":2544235.0,"time_searched":22.502559661865234}