{"avg_branching_factor":49.46033662647486,"nb_eval":14,"nb_expanded":3209195,"nb_generated":158727865,"nb_guide":158727867,"nb_sols_created":0,"nb_trashed":32753,"nodes_generated_per_sec":1763336.875,"time_searched":90.015625}