{"avg_branching_factor":27.259782221751195,"nb_eval":16,"nb_expanded":2575923,"nb_generated":70219100,"nb_guide":70219100,"nb_sols_created":0,"nb_trashed":32751,"nodes_generated_per_sec":1558536.25,"time_searched":45.05451965332031}