{"avg_branching_factor":106.58548838732194,"nb_eval":19,"nb_expanded":1759198,"nb_generated":187504978,"nb_guide":187504973,"nb_sols_created":0,"nb_trashed":8172,"nodes_generated_per_sec":2083300.5,"time_searched":90.0038070678711}