{"avg_branching_factor":27.127798857876055,"nb_eval":18,"nb_expanded":2606197,"nb_generated":70700388,"nb_guide":70700386,"nb_sols_created":0,"nb_trashed":32749,"nodes_generated_per_sec":1569152.875,"time_searched":45.05640411376953}