{"avg_branching_factor":9.038596790743599,"nb_eval":8,"nb_expanded":2272676,"nb_generated":20541802,"nb_guide":20541812,"nb_sols_created":0,"nb_trashed":131063,"nodes_generated_per_sec":1129642.375,"time_searched":18.184341430664062}