{"avg_branching_factor":9.833861755719877,"nb_eval":7,"nb_expanded":1335737,"nb_generated":13135453,"nb_guide":13135463,"nb_sols_created":0,"nb_trashed":65528,"nodes_generated_per_sec":1444073.625,"time_searched":9.096110343933105}