{"avg_branching_factor":57.03318478889132,"nb_eval":20,"nb_expanded":1013838,"nb_generated":57822410,"nb_guide":57822404,"nb_sols_created":0,"nb_trashed":8171,"nodes_generated_per_sec":2569577.25,"time_searched":22.50269317626953}