{"avg_branching_factor":26.193445451177087,"nb_eval":14,"nb_expanded":1719203,"nb_generated":45031850,"nb_guide":45031852,"nb_sols_created":0,"nb_trashed":32753,"nodes_generated_per_sec":1996474.25,"time_searched":22.555686950683594}