{"avg_branching_factor":104.66985738758896,"nb_eval":20,"nb_expanded":3066914,"nb_generated":321013451,"nb_guide":321013445,"nb_sols_created":0,"nb_trashed":8171,"nodes_generated_per_sec":1783320.625,"time_searched":180.00881958007812}