{"avg_branching_factor":27.407191168351698,"nb_eval":14,"nb_expanded":938262,"nb_generated":25715126,"nb_guide":25715127,"nb_sols_created":0,"nb_trashed":16369,"nodes_generated_per_sec":2282929.75,"time_searched":11.264090538024902}