{"avg_branching_factor":9.840869024782325,"nb_eval":19,"nb_expanded":1338696,"nb_generated":13173932,"nb_guide":13173930,"nb_sols_created":0,"nb_trashed":65516,"nodes_generated_per_sec":1447924.375,"time_searched":9.098494529724121}