{"avg_branching_factor":9.066323686533192,"nb_eval":7,"nb_expanded":1033296,"nb_generated":9368196,"nb_guide":9368205,"nb_sols_created":0,"nb_trashed":32760,"nodes_generated_per_sec":2065642.625,"time_searched":4.535245418548584}