{"avg_branching_factor":10.025241600213223,"nb_eval":11,"nb_expanded":840438,"nb_generated":8425594,"nb_guide":8425599,"nb_sols_created":0,"nb_trashed":32756,"nodes_generated_per_sec":1853131.125,"time_searched":4.546679973602295}