{"avg_branching_factor":56.80990772238944,"nb_eval":17,"nb_expanded":1000351,"nb_generated":56829848,"nb_guide":56829845,"nb_sols_created":0,"nb_trashed":8174,"nodes_generated_per_sec":2525304.5,"time_searched":22.5041561126709}