{"avg_branching_factor":286.42326833987426,"nb_eval":15,"nb_expanded":2533537,"nb_generated":725663948,"nb_guide":725663946,"nb_sols_created":0,"nb_trashed":4080,"nodes_generated_per_sec":1612572.75,"time_searched":450.00384521484375}