{"avg_branching_factor":107.6049207548693,"nb_eval":21,"nb_expanded":1783832,"nb_generated":191949101,"nb_guide":191949094,"nb_sols_created":0,"nb_trashed":8170,"nodes_generated_per_sec":2132648.5,"time_searched":90.00503540039062}