{"avg_branching_factor":9.055590802273809,"nb_eval":15,"nb_expanded":2279172,"nb_generated":20639249,"nb_guide":20639252,"nb_sols_created":0,"nb_trashed":131056,"nodes_generated_per_sec":1135117.125,"time_searched":18.182483673095703}