{"avg_branching_factor":54.014712363433155,"nb_eval":14,"nb_expanded":1794817,"nb_generated":96946524,"nb_guide":96946525,"nb_sols_created":0,"nb_trashed":16369,"nodes_generated_per_sec":2153742.25,"time_searched":45.0130615234375}