{"avg_branching_factor":25.753443907538706,"nb_eval":11,"nb_expanded":1675858,"nb_generated":43159115,"nb_guide":43159120,"nb_sols_created":0,"nb_trashed":32756,"nodes_generated_per_sec":1914859.0,"time_searched":22.5390567779541}