{"avg_branching_factor":27.1708257010764,"nb_eval":18,"nb_expanded":2596436,"nb_generated":70547310,"nb_guide":70547308,"nb_sols_created":0,"nb_trashed":32749,"nodes_generated_per_sec":1566348.25,"time_searched":45.03935241699219}