{"avg_branching_factor":8.977697355328434,"nb_eval":10,"nb_expanded":2251168,"nb_generated":20210305,"nb_guide":20210313,"nb_sols_created":0,"nb_trashed":131061,"nodes_generated_per_sec":1116328.125,"time_searched":18.10426902770996}