{"avg_branching_factor":107.53629303093676,"nb_eval":18,"nb_expanded":1782119,"nb_generated":191642471,"nb_guide":191642467,"nb_sols_created":0,"nb_trashed":8173,"nodes_generated_per_sec":2129245.75,"time_searched":90.0048599243164}