{"avg_branching_factor":107.50921724174322,"nb_eval":22,"nb_expanded":1781444,"nb_generated":191521650,"nb_guide":191521642,"nb_sols_created":0,"nb_trashed":8169,"nodes_generated_per_sec":2127890.0,"time_searched":90.00543212890625}