{"avg_branching_factor":107.72174800258281,"nb_eval":14,"nb_expanded":2947181,"nb_generated":317475489,"nb_guide":317475489,"nb_sols_created":0,"nb_trashed":8177,"nodes_generated_per_sec":1763689.125,"time_searched":180.00648498535156}