{"avg_branching_factor":53.541277389709414,"nb_eval":12,"nb_expanded":1769734,"nb_generated":94753819,"nb_guide":94753822,"nb_sols_created":0,"nb_trashed":16371,"nodes_generated_per_sec":2104701.5,"time_searched":45.02007293701172}