{"avg_branching_factor":26.15965117505769,"nb_eval":16,"nb_expanded":1715703,"nb_generated":44882192,"nb_guide":44882192,"nb_sols_created":0,"nb_trashed":32751,"nodes_generated_per_sec":1992221.0,"time_searched":22.52872085571289}