{"avg_branching_factor":288.2771355033808,"nb_eval":20,"nb_expanded":2589928,"nb_generated":746617025,"nb_guide":746617018,"nb_sols_created":0,"nb_trashed":4075,"nodes_generated_per_sec":1659138.875,"time_searched":450.00274658203125}