{"avg_branching_factor":53.49834147180445,"nb_eval":34,"nb_expanded":1767531,"nb_generated":94559977,"nb_guide":94559958,"nb_sols_created":0,"nb_trashed":16349,"nodes_generated_per_sec":2100217.5,"time_searched":45.023895263671875}