{"avg_branching_factor":9.821039576051415,"nb_eval":5,"nb_expanded":1330350,"nb_generated":13065420,"nb_guide":13065432,"nb_sols_created":0,"nb_trashed":65530,"nodes_generated_per_sec":1436394.25,"time_searched":9.09598445892334}