{"avg_branching_factor":9.88270534696722,"nb_eval":13,"nb_expanded":885343,"nb_generated":8749584,"nb_guide":8749587,"nb_sols_created":0,"nb_trashed":32754,"nodes_generated_per_sec":1928437.25,"time_searched":4.537137031555176}