{"avg_branching_factor":9.60211293283575,"nb_eval":13,"nb_expanded":946173,"nb_generated":9085260,"nb_guide":9085263,"nb_sols_created":0,"nb_trashed":32754,"nodes_generated_per_sec":2007248.0,"time_searched":4.526226997375488}