{"avg_branching_factor":27.633324202406605,"nb_eval":19,"nb_expanded":960107,"nb_generated":26530948,"nb_guide":26530944,"nb_sols_created":0,"nb_trashed":16364,"nodes_generated_per_sec":2356443.25,"time_searched":11.258895874023438}