{"avg_branching_factor":288.76347094072764,"nb_eval":16,"nb_expanded":2606982,"nb_generated":752801171,"nb_guide":752801168,"nb_sols_created":0,"nb_trashed":4079,"nodes_generated_per_sec":1672884.375,"time_searched":450.00189208984375}