{"avg_branching_factor":52.791208149909764,"nb_eval":12,"nb_expanded":2964450,"nb_generated":156496897,"nb_guide":156496900,"nb_sols_created":0,"nb_trashed":16371,"nodes_generated_per_sec":1738437.5,"time_searched":90.0215835571289}