{"avg_branching_factor":9.900716027868627,"nb_eval":10,"nb_expanded":880273,"nb_generated":8715333,"nb_guide":8715339,"nb_sols_created":0,"nb_trashed":32757,"nodes_generated_per_sec":1921998.75,"time_searched":4.534515380859375}