{"avg_branching_factor":56.889069323836615,"nb_eval":17,"nb_expanded":1004979,"nb_generated":57172320,"nb_guide":57172317,"nb_sols_created":0,"nb_trashed":8174,"nodes_generated_per_sec":2540703.0,"time_searched":22.502559661865234}