{"avg_branching_factor":8.930555859897137,"nb_eval":6,"nb_expanded":2236157,"nb_generated":19970125,"nb_guide":19970137,"nb_sols_created":0,"nb_trashed":131065,"nodes_generated_per_sec":1103006.25,"time_searched":18.10517692565918}