{"avg_branching_factor":27.268236084833273,"nb_eval":11,"nb_expanded":2573990,"nb_generated":70188167,"nb_guide":70188172,"nb_sols_created":0,"nb_trashed":32756,"nodes_generated_per_sec":1557833.125,"time_searched":45.054996490478516}