{"avg_branching_factor":53.44107852453426,"nb_eval":12,"nb_expanded":2911867,"nb_generated":155613313,"nb_guide":155613316,"nb_sols_created":0,"nb_trashed":16371,"nodes_generated_per_sec":1728597.75,"time_searched":90.02285766601562}