{"avg_branching_factor":109.66094537095907,"nb_eval":21,"nb_expanded":2862580,"nb_generated":313913229,"nb_guide":313913222,"nb_sols_created":0,"nb_trashed":8170,"nodes_generated_per_sec":1743872.875,"time_searched":180.0092315673828}