{"avg_branching_factor":26.693969329486904,"nb_eval":13,"nb_expanded":2695488,"nb_generated":71953274,"nb_guide":71953277,"nb_sols_created":0,"nb_trashed":32754,"nodes_generated_per_sec":1597685.875,"time_searched":45.03593063354492}