{"avg_branching_factor":25.832866163176455,"nb_eval":19,"nb_expanded":1683184,"nb_generated":43481467,"nb_guide":43481464,"nb_sols_created":0,"nb_trashed":32748,"nodes_generated_per_sec":1929930.625,"time_searched":22.530067443847656}