{"avg_branching_factor":99.57184820741811,"nb_eval":18,"nb_expanded":3246351,"nb_generated":323245169,"nb_guide":323245166,"nb_sols_created":0,"nb_trashed":16365,"nodes_generated_per_sec":1795671.5,"time_searched":180.01353454589844}