{"avg_branching_factor":106.34427198008211,"nb_eval":28,"nb_expanded":1753599,"nb_generated":186485209,"nb_guide":186485195,"nb_sols_created":0,"nb_trashed":8163,"nodes_generated_per_sec":2071967.875,"time_searched":90.00391387939453}