{"avg_branching_factor":9.89705224959899,"nb_eval":13,"nb_expanded":1369044,"nb_generated":13549500,"nb_guide":13549504,"nb_sols_created":0,"nb_trashed":65522,"nodes_generated_per_sec":1481807.0,"time_searched":9.143903732299805}