{"avg_branching_factor":9.16800818903305,"nb_eval":5,"nb_expanded":2323107,"nb_generated":21298264,"nb_guide":21298277,"nb_sols_created":0,"nb_trashed":131066,"nodes_generated_per_sec":1173022.125,"time_searched":18.15674591064453}