{"avg_branching_factor":56.939212229384296,"nb_eval":12,"nb_expanded":1007933,"nb_generated":57390911,"nb_guide":57390913,"nb_sols_created":0,"nb_trashed":8179,"nodes_generated_per_sec":2550422.25,"time_searched":22.502513885498047}