{"avg_branching_factor":9.290222944659776,"nb_eval":10,"nb_expanded":2372831,"nb_generated":22044129,"nb_guide":22044137,"nb_sols_created":0,"nb_trashed":131061,"nodes_generated_per_sec":1217665.625,"time_searched":18.10359764099121}