{"avg_branching_factor":53.92759019244295,"nb_eval":12,"nb_expanded":1790089,"nb_generated":96535186,"nb_guide":96535189,"nb_sols_created":0,"nb_trashed":16371,"nodes_generated_per_sec":2144420.25,"time_searched":45.01691436767578}