{"avg_branching_factor":56.883757503730095,"nb_eval":19,"nb_expanded":1004667,"nb_generated":57149234,"nb_guide":57149229,"nb_sols_created":0,"nb_trashed":8172,"nodes_generated_per_sec":2539599.25,"time_searched":22.50324821472168}