{"avg_branching_factor":9.260786390246796,"nb_eval":14,"nb_expanded":2360660,"nb_generated":21861568,"nb_guide":21861572,"nb_sols_created":0,"nb_trashed":131057,"nodes_generated_per_sec":1206848.375,"time_searched":18.114593505859375}