{"avg_branching_factor":25.79445331212235,"nb_eval":11,"nb_expanded":1679633,"nb_generated":43325215,"nb_guide":43325220,"nb_sols_created":0,"nb_trashed":32756,"nodes_generated_per_sec":1922955.875,"time_searched":22.53053092956543}