{"avg_branching_factor":288.5558839018464,"nb_eval":20,"nb_expanded":2599559,"nb_generated":750118045,"nb_guide":750118038,"nb_sols_created":0,"nb_trashed":4075,"nodes_generated_per_sec":1666917.0,"time_searched":450.0032043457031}