{"avg_branching_factor":27.670528810500496,"nb_eval":14,"nb_expanded":964145,"nb_generated":26678402,"nb_guide":26678403,"nb_sols_created":0,"nb_trashed":16369,"nodes_generated_per_sec":2368817.5,"time_searched":11.2623291015625}