{"avg_branching_factor":53.31805401076656,"nb_eval":12,"nb_expanded":2922010,"nb_generated":155795887,"nb_guide":155795890,"nb_sols_created":0,"nb_trashed":16371,"nodes_generated_per_sec":1730742.25,"time_searched":90.01680755615234}