{"avg_branching_factor":9.976481147966172,"nb_eval":7,"nb_expanded":857865,"nb_generated":8558474,"nb_guide":8558483,"nb_sols_created":0,"nb_trashed":32760,"nodes_generated_per_sec":1877577.375,"time_searched":4.558253765106201}