{"avg_branching_factor":26.329227441182624,"nb_eval":21,"nb_expanded":2762534,"nb_generated":72735386,"nb_guide":72735381,"nb_sols_created":0,"nb_trashed":32746,"nodes_generated_per_sec":1615147.75,"time_searched":45.033267974853516}