{"avg_branching_factor":54.00013377747455,"nb_eval":17,"nb_expanded":1794024,"nb_generated":96877536,"nb_guide":96877534,"nb_sols_created":0,"nb_trashed":16366,"nodes_generated_per_sec":2152170.5,"time_searched":45.01387405395508}