{"avg_branching_factor":106.2305156705606,"nb_eval":21,"nb_expanded":3007327,"nb_generated":319469898,"nb_guide":319469891,"nb_sols_created":0,"nb_trashed":8170,"nodes_generated_per_sec":1774773.375,"time_searched":180.00601196289062}