{"avg_branching_factor":107.5472766107138,"nb_eval":14,"nb_expanded":1782393,"nb_generated":191691513,"nb_guide":191691513,"nb_sols_created":0,"nb_trashed":8177,"nodes_generated_per_sec":2129793.5,"time_searched":90.00474548339844}