{"avg_branching_factor":53.916611669772756,"nb_eval":11,"nb_expanded":1789495,"nb_generated":96483507,"nb_guide":96483511,"nb_sols_created":0,"nb_trashed":16372,"nodes_generated_per_sec":2143257.25,"time_searched":45.01723098754883}