{"avg_branching_factor":56.688331174731985,"nb_eval":23,"nb_expanded":993699,"nb_generated":56331138,"nb_guide":56331129,"nb_sols_created":0,"nb_trashed":8168,"nodes_generated_per_sec":2503242.0,"time_searched":22.503271102905273}