{"avg_branching_factor":99.91396376678576,"nb_eval":17,"nb_expanded":3257674,"nb_generated":325487122,"nb_guide":325487120,"nb_sols_created":0,"nb_trashed":16366,"nodes_generated_per_sec":1808183.25,"time_searched":180.00782775878906}