{"avg_branching_factor":9.803443920645611,"nb_eval":5,"nb_expanded":1323027,"nb_generated":12970221,"nb_guide":12970233,"nb_sols_created":0,"nb_trashed":65530,"nodes_generated_per_sec":1422892.625,"time_searched":9.115389823913574}