{"avg_branching_factor":107.47624815455794,"nb_eval":19,"nb_expanded":2957286,"nb_generated":317838004,"nb_guide":317837999,"nb_sols_created":0,"nb_trashed":8172,"nodes_generated_per_sec":1765709.875,"time_searched":180.00579833984375}