{"avg_branching_factor":107.66933920601218,"nb_eval":19,"nb_expanded":1785443,"nb_generated":192237468,"nb_guide":192237463,"nb_sols_created":0,"nb_trashed":8172,"nodes_generated_per_sec":2135842.75,"time_searched":90.00543975830078}