{"avg_branching_factor":26.966909545588457,"nb_eval":18,"nb_expanded":2640822,"nb_generated":71214808,"nb_guide":71214806,"nb_sols_created":0,"nb_trashed":32749,"nodes_generated_per_sec":1580501.625,"time_searched":45.05835723876953}