{"avg_branching_factor":25.854372146816452,"nb_eval":17,"nb_expanded":1685179,"nb_generated":43569245,"nb_guide":43569244,"nb_sols_created":0,"nb_trashed":32750,"nodes_generated_per_sec":1933519.75,"time_searched":22.53364372253418}