{"avg_branching_factor":53.54153498342651,"nb_eval":15,"nb_expanded":2903432,"nb_generated":155454206,"nb_guide":155454206,"nb_sols_created":0,"nb_trashed":16368,"nodes_generated_per_sec":1726886.0,"time_searched":90.01995849609375}