{"avg_branching_factor":57.08307777320026,"nb_eval":22,"nb_expanded":1017047,"nb_generated":58056173,"nb_guide":58056165,"nb_sols_created":0,"nb_trashed":8169,"nodes_generated_per_sec":2579830.0,"time_searched":22.503875732421875}