{"avg_branching_factor":9.96991033707011,"nb_eval":10,"nb_expanded":1420654,"nb_generated":14163793,"nb_guide":14163800,"nb_sols_created":0,"nb_trashed":65525,"nodes_generated_per_sec":1551288.75,"time_searched":9.130339622497559}